gene,hgvs_p,ref_aa,aa_pos,alt_aa,phenotype,mechanism,_key,am_score,revel_score,source,am_source,rv_source,hgvs_norm,in_hopkins
KCNJ11,p.(Leu2Pro),L,2,P,NDM,GoF,KCNJ11:p.(Leu2Pro),0.3298,0.866,"De Franco et al. 2020 (HUMU, doi:10.1002/humu.23995)",myvariant.info/dbnsfp.alphamissense.score,myvariant.info/dbnsfp.revel.score,p.leu2pro,False
KCNJ11,p.(Arg4Cys),R,4,C,TNDM,GoF,KCNJ11:p.(Arg4Cys),0.7295,0.776,"De Franco et al. 2020 (HUMU, doi:10.1002/humu.23995)",myvariant.info/dbnsfp.alphamissense.score,myvariant.info/dbnsfp.revel.score,p.arg4cys,False
KCNJ11,p.(Leu17Pro),L,17,P,PNDM,GoF,KCNJ11:p.(Leu17Pro),0.4833,0.649,"De Franco et al. 2020 (HUMU, doi:10.1002/humu.23995)",myvariant.info/dbnsfp.alphamissense.score,myvariant.info/dbnsfp.revel.score,p.leu17pro,False
KCNJ11,p.(Arg27Cys),R,27,C,HI,LoF,KCNJ11:p.(Arg27Cys),0.1491,0.495,"De Franco et al. 2020 (HUMU, doi:10.1002/humu.23995)",myvariant.info/dbnsfp.alphamissense.score,myvariant.info/dbnsfp.revel.score,p.arg27cys,False
KCNJ11,p.(Arg27His),R,27,H,Later-,GoF,KCNJ11:p.(Arg27His),0.0867,0.15,"De Franco et al. 2020 (HUMU, doi:10.1002/humu.23995)",myvariant.info/dbnsfp.alphamissense.score,myvariant.info/dbnsfp.revel.score,p.arg27his,False
KCNJ11,p.(Ala28Val),A,28,V,HI,LoF,KCNJ11:p.(Ala28Val),0.0964,0.237,"De Franco et al. 2020 (HUMU, doi:10.1002/humu.23995)",myvariant.info/dbnsfp.alphamissense.score,myvariant.info/dbnsfp.revel.score,p.ala28val,False
KCNJ11,p.(Arg34Cys),R,34,C,HI,LoF,KCNJ11:p.(Arg34Cys),0.8927,0.941,"De Franco et al. 2020 (HUMU, doi:10.1002/humu.23995)",myvariant.info/dbnsfp.alphamissense.score,myvariant.info/dbnsfp.revel.score,p.arg34cys,False
KCNJ11,p.(Phe35Val),F,35,V,PNDM,GoF,KCNJ11:p.(Phe35Val),0.9282,0.836,"De Franco et al. 2020 (HUMU, doi:10.1002/humu.23995)",myvariant.info/dbnsfp.alphamissense.score,myvariant.info/dbnsfp.revel.score,p.phe35val,False
KCNJ11,p.(Phe35Leu),F,35,L,PNDM,GoF,KCNJ11:p.(Phe35Leu),0.9823,0.755,"De Franco et al. 2020 (HUMU, doi:10.1002/humu.23995)",myvariant.info/dbnsfp.alphamissense.score,myvariant.info/dbnsfp.revel.score,p.phe35leu,False
KCNJ11,p.(Lys38Glu),K,38,E,HI,LoF,KCNJ11:p.(Lys38Glu),0.9726,0.935,"De Franco et al. 2020 (HUMU, doi:10.1002/humu.23995)",myvariant.info/dbnsfp.alphamissense.score,myvariant.info/dbnsfp.revel.score,p.lys38glu,False
KCNJ11,p.(Lys39Arg),K,39,R,NDM,GoF,KCNJ11:p.(Lys39Arg),0.0715,0.409,"De Franco et al. 2020 (HUMU, doi:10.1002/humu.23995)",myvariant.info/dbnsfp.alphamissense.score,myvariant.info/dbnsfp.revel.score,p.lys39arg,False
KCNJ11,p.(Gly40Ser),G,40,S,HI,LoF,KCNJ11:p.(Gly40Ser),0.9761,0.992,"De Franco et al. 2020 (HUMU, doi:10.1002/humu.23995)",myvariant.info/dbnsfp.alphamissense.score,myvariant.info/dbnsfp.revel.score,p.gly40ser,False
KCNJ11,p.(Gly40Ala),G,40,A,HI,LoF,KCNJ11:p.(Gly40Ala),0.9728,0.956,"De Franco et al. 2020 (HUMU, doi:10.1002/humu.23995)",myvariant.info/dbnsfp.alphamissense.score,myvariant.info/dbnsfp.revel.score,p.gly40ala,False
KCNJ11,p.(Cys42Arg),C,42,R,TNDM,GoF,KCNJ11:p.(Cys42Arg),0.9707,0.881,"De Franco et al. 2020 (HUMU, doi:10.1002/humu.23995)",myvariant.info/dbnsfp.alphamissense.score,myvariant.info/dbnsfp.revel.score,p.cys42arg,False
KCNJ11,p.(His46Arg),H,46,R,NDM,GoF,KCNJ11:p.(His46Arg),0.8365,0.927,"De Franco et al. 2020 (HUMU, doi:10.1002/humu.23995)",myvariant.info/dbnsfp.alphamissense.score,myvariant.info/dbnsfp.revel.score,p.his46arg,False
KCNJ11,p.(His46Leu),H,46,L,i-DEND,GoF,KCNJ11:p.(His46Leu),0.7197,0.876,"De Franco et al. 2020 (HUMU, doi:10.1002/humu.23995)",myvariant.info/dbnsfp.alphamissense.score,myvariant.info/dbnsfp.revel.score,p.his46leu,False
KCNJ11,p.(Asn48Asp),N,48,D,TNDM,GoF,KCNJ11:p.(Asn48Asp),0.865,0.907,"De Franco et al. 2020 (HUMU, doi:10.1002/humu.23995)",myvariant.info/dbnsfp.alphamissense.score,myvariant.info/dbnsfp.revel.score,p.asn48asp,False
KCNJ11,p.(Asn48Ile),N,48,I,PNDM,GoF,KCNJ11:p.(Asn48Ile),0.9603,0.955,"De Franco et al. 2020 (HUMU, doi:10.1002/humu.23995)",myvariant.info/dbnsfp.alphamissense.score,myvariant.info/dbnsfp.revel.score,p.asn48ile,False
KCNJ11,p.(Ile49Phe),I,49,F,TNDM,GoF,KCNJ11:p.(Ile49Phe),0.8583,0.905,"De Franco et al. 2020 (HUMU, doi:10.1002/humu.23995)",myvariant.info/dbnsfp.alphamissense.score,myvariant.info/dbnsfp.revel.score,p.ile49phe,False
KCNJ11,p.(Ile49Asn),I,49,N,HI,LoF,KCNJ11:p.(Ile49Asn),0.9538,0.951,"De Franco et al. 2020 (HUMU, doi:10.1002/humu.23995)",myvariant.info/dbnsfp.alphamissense.score,myvariant.info/dbnsfp.revel.score,p.ile49asn,False
KCNJ11,p.(Arg50Gly),R,50,G,DEND,GoF,KCNJ11:p.(Arg50Gly),0.6053,0.855,"De Franco et al. 2020 (HUMU, doi:10.1002/humu.23995)",myvariant.info/dbnsfp.alphamissense.score,myvariant.info/dbnsfp.revel.score,p.arg50gly,False
KCNJ11,p.(Glu51Gly),E,51,G,PNDM,GoF,KCNJ11:p.(Glu51Gly),0.6919,0.885,"De Franco et al. 2020 (HUMU, doi:10.1002/humu.23995)",myvariant.info/dbnsfp.alphamissense.score,myvariant.info/dbnsfp.revel.score,p.glu51gly,False
KCNJ11,p.(Gln52Leu),Q,52,L,i-DEND,GoF,KCNJ11:p.(Gln52Leu),0.7338,0.86,"De Franco et al. 2020 (HUMU, doi:10.1002/humu.23995)",myvariant.info/dbnsfp.alphamissense.score,myvariant.info/dbnsfp.revel.score,p.gln52leu,False
KCNJ11,p.(Gly53Val),G,53,V,TNDM,GoF,KCNJ11:p.(Gly53Val),0.7569,0.811,"De Franco et al. 2020 (HUMU, doi:10.1002/humu.23995)",myvariant.info/dbnsfp.alphamissense.score,myvariant.info/dbnsfp.revel.score,p.gly53val,False
KCNJ11,p.(Arg54Cys),R,54,C,HI,LoF,KCNJ11:p.(Arg54Cys),0.7077,0.931,"De Franco et al. 2020 (HUMU, doi:10.1002/humu.23995)",myvariant.info/dbnsfp.alphamissense.score,myvariant.info/dbnsfp.revel.score,p.arg54cys,False
KCNJ11,p.(Arg54His),R,54,H,HI,LoF,KCNJ11:p.(Arg54His),0.4934,0.961,"De Franco et al. 2020 (HUMU, doi:10.1002/humu.23995)",myvariant.info/dbnsfp.alphamissense.score,myvariant.info/dbnsfp.revel.score,p.arg54his,False
KCNJ11,p.(Val59Ala),V,59,A,DEND,GoF,KCNJ11:p.(Val59Ala),0.57,0.934,"De Franco et al. 2020 (HUMU, doi:10.1002/humu.23995)",myvariant.info/dbnsfp.alphamissense.score,myvariant.info/dbnsfp.revel.score,p.val59ala,False
KCNJ11,p.(Phe60Tyr),F,60,Y,DEND,GoF,KCNJ11:p.(Phe60Tyr),0.8276,0.865,"De Franco et al. 2020 (HUMU, doi:10.1002/humu.23995)",myvariant.info/dbnsfp.alphamissense.score,myvariant.info/dbnsfp.revel.score,p.phe60tyr,False
KCNJ11,p.(Val64Met),V,64,M,Transmembra DEND,GoF,KCNJ11:p.(Val64Met),0.9326,0.951,"De Franco et al. 2020 (HUMU, doi:10.1002/humu.23995)",myvariant.info/dbnsfp.alphamissense.score,myvariant.info/dbnsfp.revel.score,p.val64met,False
KCNJ11,p.(Val64Gly),V,64,G,Transmembra HI,LoF,KCNJ11:p.(Val64Gly),0.9004,0.979,"De Franco et al. 2020 (HUMU, doi:10.1002/humu.23995)",myvariant.info/dbnsfp.alphamissense.score,myvariant.info/dbnsfp.revel.score,p.val64gly,False
KCNJ11,p.(Trp68Arg),W,68,R,Transmembra TNDM,GoF,KCNJ11:p.(Trp68Arg),0.9947,0.956,"De Franco et al. 2020 (HUMU, doi:10.1002/humu.23995)",myvariant.info/dbnsfp.alphamissense.score,myvariant.info/dbnsfp.revel.score,p.trp68arg,False
KCNJ11,p.(Trp68Gly),W,68,G,Transmembra PNDM,GoF,KCNJ11:p.(Trp68Gly),0.8333,0.987,"De Franco et al. 2020 (HUMU, doi:10.1002/humu.23995)",myvariant.info/dbnsfp.alphamissense.score,myvariant.info/dbnsfp.revel.score,p.trp68gly,False
KCNJ11,p.(Trp68Leu),W,68,L,Transmembra NDM,GoF,KCNJ11:p.(Trp68Leu),0.7828,0.98,"De Franco et al. 2020 (HUMU, doi:10.1002/humu.23995)",myvariant.info/dbnsfp.alphamissense.score,myvariant.info/dbnsfp.revel.score,p.trp68leu,False
KCNJ11,p.(Trp68Cys),W,68,C,Transmembra PNDM,GoF,KCNJ11:p.(Trp68Cys),0.9939,0.992,"De Franco et al. 2020 (HUMU, doi:10.1002/humu.23995)",myvariant.info/dbnsfp.alphamissense.score,myvariant.info/dbnsfp.revel.score,p.trp68cys,False
KCNJ11,p.(Thr71Ile),T,71,I,Transmembra HI,LoF,KCNJ11:p.(Thr71Ile),0.4696,0.881,"De Franco et al. 2020 (HUMU, doi:10.1002/humu.23995)",myvariant.info/dbnsfp.alphamissense.score,myvariant.info/dbnsfp.revel.score,p.thr71ile,False
KCNJ11,p.(Ala96Thr),A,96,T,HI,LoF,KCNJ11:p.(Ala96Thr),0.127,0.647,"De Franco et al. 2020 (HUMU, doi:10.1002/humu.23995)",myvariant.info/dbnsfp.alphamissense.score,myvariant.info/dbnsfp.revel.score,p.ala96thr,False
KCNJ11,p.(Gly98Ser),G,98,S,HI,LoF,KCNJ11:p.(Gly98Ser),0.2571,0.982,"De Franco et al. 2020 (HUMU, doi:10.1002/humu.23995)",myvariant.info/dbnsfp.alphamissense.score,myvariant.info/dbnsfp.revel.score,p.gly98ser,False
KCNJ11,p.(Asp99Asn),D,99,N,HI,LoF,KCNJ11:p.(Asp99Asn),0.8297,0.881,"De Franco et al. 2020 (HUMU, doi:10.1002/humu.23995)",myvariant.info/dbnsfp.alphamissense.score,myvariant.info/dbnsfp.revel.score,p.asp99asn,False
KCNJ11,p.(Asp99Tyr),D,99,Y,HI,LoF,KCNJ11:p.(Asp99Tyr),0.8993,0.981,"De Franco et al. 2020 (HUMU, doi:10.1002/humu.23995)",myvariant.info/dbnsfp.alphamissense.score,myvariant.info/dbnsfp.revel.score,p.asp99tyr,False
KCNJ11,p.(Glu126Lys),E,126,K,Transmembra HI,LoF,KCNJ11:p.(Glu126Lys),0.9843,0.988,"De Franco et al. 2020 (HUMU, doi:10.1002/humu.23995)",myvariant.info/dbnsfp.alphamissense.score,myvariant.info/dbnsfp.revel.score,p.glu126lys,False
KCNJ11,p.(Val129Met),V,129,M,Transmembra NDM,GoF,KCNJ11:p.(Val129Met),0.6827,0.836,"De Franco et al. 2020 (HUMU, doi:10.1002/humu.23995)",myvariant.info/dbnsfp.alphamissense.score,myvariant.info/dbnsfp.revel.score,p.val129met,False
KCNJ11,p.(Gly132Asp),G,132,D,Transmembra HI,LoF,KCNJ11:p.(Gly132Asp),0.9967,0.981,"De Franco et al. 2020 (HUMU, doi:10.1002/humu.23995)",myvariant.info/dbnsfp.alphamissense.score,myvariant.info/dbnsfp.revel.score,p.gly132asp,False
KCNJ11,p.(Arg136Cys),R,136,C,HI,LoF,KCNJ11:p.(Arg136Cys),0.9007,0.985,"De Franco et al. 2020 (HUMU, doi:10.1002/humu.23995)",myvariant.info/dbnsfp.alphamissense.score,myvariant.info/dbnsfp.revel.score,p.arg136cys,False
KCNJ11,p.(Arg136Ser),R,136,S,HI,LoF,KCNJ11:p.(Arg136Ser),0.9875,0.981,"De Franco et al. 2020 (HUMU, doi:10.1002/humu.23995)",myvariant.info/dbnsfp.alphamissense.score,myvariant.info/dbnsfp.revel.score,p.arg136ser,False
KCNJ11,p.(Arg136His),R,136,H,HI,LoF,KCNJ11:p.(Arg136His),0.6808,0.984,"De Franco et al. 2020 (HUMU, doi:10.1002/humu.23995)",myvariant.info/dbnsfp.alphamissense.score,myvariant.info/dbnsfp.revel.score,p.arg136his,False
KCNJ11,p.(Val138Glu),V,138,E,HI,LoF,KCNJ11:p.(Val138Glu),0.9572,0.922,"De Franco et al. 2020 (HUMU, doi:10.1002/humu.23995)",myvariant.info/dbnsfp.alphamissense.score,myvariant.info/dbnsfp.revel.score,p.val138glu,False
KCNJ11,p.(Leu147Pro),L,147,P,Transmembra HI,LoF,KCNJ11:p.(Leu147Pro),0.4893,0.879,"De Franco et al. 2020 (HUMU, doi:10.1002/humu.23995)",myvariant.info/dbnsfp.alphamissense.score,myvariant.info/dbnsfp.revel.score,p.leu147pro,False
KCNJ11,p.(Leu157Phe),L,157,F,Transmembra HI,LoF,KCNJ11:p.(Leu157Phe),0.873,0.801,"De Franco et al. 2020 (HUMU, doi:10.1002/humu.23995)",myvariant.info/dbnsfp.alphamissense.score,myvariant.info/dbnsfp.revel.score,p.leu157phe,False
KCNJ11,p.(Ala161Thr),A,161,T,Transmembra PNDM,GoF,KCNJ11:p.(Ala161Thr),0.6451,0.942,"De Franco et al. 2020 (HUMU, doi:10.1002/humu.23995)",myvariant.info/dbnsfp.alphamissense.score,myvariant.info/dbnsfp.revel.score,p.ala161thr,False
KCNJ11,p.(Ala161Val),A,161,V,Transmembra HI,LoF,KCNJ11:p.(Ala161Val),0.9139,0.911,"De Franco et al. 2020 (HUMU, doi:10.1002/humu.23995)",myvariant.info/dbnsfp.alphamissense.score,myvariant.info/dbnsfp.revel.score,p.ala161val,False
KCNJ11,p.(Leu164Phe),L,164,F,Transmembra HI,LoF,KCNJ11:p.(Leu164Phe),0.93,0.864,"De Franco et al. 2020 (HUMU, doi:10.1002/humu.23995)",myvariant.info/dbnsfp.alphamissense.score,myvariant.info/dbnsfp.revel.score,p.leu164phe,False
KCNJ11,p.(Cys166Trp),C,166,W,Transmembra NDM,GoF,KCNJ11:p.(Cys166Trp),0.9761,0.886,"De Franco et al. 2020 (HUMU, doi:10.1002/humu.23995)",myvariant.info/dbnsfp.alphamissense.score,myvariant.info/dbnsfp.revel.score,p.cys166trp,False
KCNJ11,p.(Ile167Phe),I,167,F,DEND,GoF,KCNJ11:p.(Ile167Phe),0.6123,0.979,"De Franco et al. 2020 (HUMU, doi:10.1002/humu.23995)",myvariant.info/dbnsfp.alphamissense.score,myvariant.info/dbnsfp.revel.score,p.ile167phe,False
KCNJ11,p.(Met169Thr),M,169,T,PNDM,GoF,KCNJ11:p.(Met169Thr),0.9031,0.874,"De Franco et al. 2020 (HUMU, doi:10.1002/humu.23995)",myvariant.info/dbnsfp.alphamissense.score,myvariant.info/dbnsfp.revel.score,p.met169thr,False
KCNJ11,p.(Ala172Val),A,172,V,HI,LoF,KCNJ11:p.(Ala172Val),0.7012,0.831,"De Franco et al. 2020 (HUMU, doi:10.1002/humu.23995)",myvariant.info/dbnsfp.alphamissense.score,myvariant.info/dbnsfp.revel.score,p.ala172val,False
KCNJ11,p.(Ala174Gly),A,174,G,TNDM,GoF,KCNJ11:p.(Ala174Gly),0.4012,0.864,"De Franco et al. 2020 (HUMU, doi:10.1002/humu.23995)",myvariant.info/dbnsfp.alphamissense.score,myvariant.info/dbnsfp.revel.score,p.ala174gly,False
KCNJ11,p.(Ala174Val),A,174,V,HI,LoF,KCNJ11:p.(Ala174Val),0.7726,0.858,"De Franco et al. 2020 (HUMU, doi:10.1002/humu.23995)",myvariant.info/dbnsfp.alphamissense.score,myvariant.info/dbnsfp.revel.score,p.ala174val,False
KCNJ11,p.(Arg176His),R,176,H,HI,LoF,KCNJ11:p.(Arg176His),0.1574,0.852,"De Franco et al. 2020 (HUMU, doi:10.1002/humu.23995)",myvariant.info/dbnsfp.alphamissense.score,myvariant.info/dbnsfp.revel.score,p.arg176his,False
KCNJ11,p.(Arg177Trp),R,177,W,HI,LoF,KCNJ11:p.(Arg177Trp),0.9674,0.982,"De Franco et al. 2020 (HUMU, doi:10.1002/humu.23995)",myvariant.info/dbnsfp.alphamissense.score,myvariant.info/dbnsfp.revel.score,p.arg177trp,False
KCNJ11,p.(Glu179Lys),E,179,K,TNDM,GoF,KCNJ11:p.(Glu179Lys),0.6155,0.91,"De Franco et al. 2020 (HUMU, doi:10.1002/humu.23995)",myvariant.info/dbnsfp.alphamissense.score,myvariant.info/dbnsfp.revel.score,p.glu179lys,False
KCNJ11,p.(Ile182Thr),I,182,T,NDM,GoF,KCNJ11:p.(Ile182Thr),0.9575,0.846,"De Franco et al. 2020 (HUMU, doi:10.1002/humu.23995)",myvariant.info/dbnsfp.alphamissense.score,myvariant.info/dbnsfp.revel.score,p.ile182thr,False
KCNJ11,p.(Lys185Gln),K,185,Q,PNDM,GoF,KCNJ11:p.(Lys185Gln),0.2957,0.739,"De Franco et al. 2020 (HUMU, doi:10.1002/humu.23995)",myvariant.info/dbnsfp.alphamissense.score,myvariant.info/dbnsfp.revel.score,p.lys185gln,False
KCNJ11,p.(Lys185Thr),K,185,T,PNDM,GoF,KCNJ11:p.(Lys185Thr),0.5693,0.782,"De Franco et al. 2020 (HUMU, doi:10.1002/humu.23995)",myvariant.info/dbnsfp.alphamissense.score,myvariant.info/dbnsfp.revel.score,p.lys185thr,False
KCNJ11,p.(His186Asp),H,186,D,PNDM,GoF,KCNJ11:p.(His186Asp),0.4596,0.841,"De Franco et al. 2020 (HUMU, doi:10.1002/humu.23995)",myvariant.info/dbnsfp.alphamissense.score,myvariant.info/dbnsfp.revel.score,p.his186asp,False
KCNJ11,p.(Ala187Val),A,187,V,HI,LoF,KCNJ11:p.(Ala187Val),0.8998,0.932,"De Franco et al. 2020 (HUMU, doi:10.1002/humu.23995)",myvariant.info/dbnsfp.alphamissense.score,myvariant.info/dbnsfp.revel.score,p.ala187val,False
KCNJ11,p.(Arg192His),R,192,H,Later-,GoF,KCNJ11:p.(Arg192His),0.2447,0.944,"De Franco et al. 2020 (HUMU, doi:10.1002/humu.23995)",myvariant.info/dbnsfp.alphamissense.score,myvariant.info/dbnsfp.revel.score,p.arg192his,False
KCNJ11,p.(Arg201Gly),R,201,G,PNDM,GoF,KCNJ11:p.(Arg201Gly),0.9946,0.971,"De Franco et al. 2020 (HUMU, doi:10.1002/humu.23995)",myvariant.info/dbnsfp.alphamissense.score,myvariant.info/dbnsfp.revel.score,p.arg201gly,False
KCNJ11,p.(Arg201Pro),R,201,P,HI,LoF,KCNJ11:p.(Arg201Pro),0.9968,0.986,"De Franco et al. 2020 (HUMU, doi:10.1002/humu.23995)",myvariant.info/dbnsfp.alphamissense.score,myvariant.info/dbnsfp.revel.score,p.arg201pro,False
KCNJ11,p.(Arg206Cys),R,206,C,HI,LoF,KCNJ11:p.(Arg206Cys),0.9412,0.981,"De Franco et al. 2020 (HUMU, doi:10.1002/humu.23995)",myvariant.info/dbnsfp.alphamissense.score,myvariant.info/dbnsfp.revel.score,p.arg206cys,False
KCNJ11,p.(Arg206Leu),R,206,L,HI,LoF,KCNJ11:p.(Arg206Leu),0.993,0.975,"De Franco et al. 2020 (HUMU, doi:10.1002/humu.23995)",myvariant.info/dbnsfp.alphamissense.score,myvariant.info/dbnsfp.revel.score,p.arg206leu,False
KCNJ11,p.(Arg206His),R,206,H,HI,LoF,KCNJ11:p.(Arg206His),0.934,0.981,"De Franco et al. 2020 (HUMU, doi:10.1002/humu.23995)",myvariant.info/dbnsfp.alphamissense.score,myvariant.info/dbnsfp.revel.score,p.arg206his,False
KCNJ11,p.(Ser208Thr),S,208,T,HI,LoF,KCNJ11:p.(Ser208Thr),0.6009,0.897,"De Franco et al. 2020 (HUMU, doi:10.1002/humu.23995)",myvariant.info/dbnsfp.alphamissense.score,myvariant.info/dbnsfp.revel.score,p.ser208thr,False
KCNJ11,p.(Met209Ile),M,209,I,HI,LoF,KCNJ11:p.(Met209Ile),0.9566,0.973,"De Franco et al. 2020 (HUMU, doi:10.1002/humu.23995)",myvariant.info/dbnsfp.alphamissense.score,myvariant.info/dbnsfp.revel.score,p.met209ile,False
KCNJ11,p.(Arg221His),R,221,H,HI,LoF,KCNJ11:p.(Arg221His),0.108,0.726,"De Franco et al. 2020 (HUMU, doi:10.1002/humu.23995)",myvariant.info/dbnsfp.alphamissense.score,myvariant.info/dbnsfp.revel.score,p.arg221his,False
KCNJ11,p.(Thr223Pro),T,223,P,HI,GoF,KCNJ11:p.(Thr223Pro),0.8007,0.878,"De Franco et al. 2020 (HUMU, doi:10.1002/humu.23995)",myvariant.info/dbnsfp.alphamissense.score,myvariant.info/dbnsfp.revel.score,p.thr223pro,False
KCNJ11,p.(Gly228Ala),G,228,A,NDM,GoF,KCNJ11:p.(Gly228Ala),0.6376,0.987,"De Franco et al. 2020 (HUMU, doi:10.1002/humu.23995)",myvariant.info/dbnsfp.alphamissense.score,myvariant.info/dbnsfp.revel.score,p.gly228ala,False
KCNJ11,p.(Gln235Glu),Q,235,E,HI,LoF,KCNJ11:p.(Gln235Glu),0.3973,0.941,"De Franco et al. 2020 (HUMU, doi:10.1002/humu.23995)",myvariant.info/dbnsfp.alphamissense.score,myvariant.info/dbnsfp.revel.score,p.gln235glu,False
KCNJ11,p.(Val252Leu),V,252,L,PNDM,GoF,KCNJ11:p.(Val252Leu),0.5076,0.704,"De Franco et al. 2020 (HUMU, doi:10.1002/humu.23995)",myvariant.info/dbnsfp.alphamissense.score,myvariant.info/dbnsfp.revel.score,p.val252leu,False
KCNJ11,p.(Val252Ala),V,252,A,TNDM,GoF,KCNJ11:p.(Val252Ala),0.3098,0.954,"De Franco et al. 2020 (HUMU, doi:10.1002/humu.23995)",myvariant.info/dbnsfp.alphamissense.score,myvariant.info/dbnsfp.revel.score,p.val252ala,False
KCNJ11,p.(Ala253Asp),A,253,D,HI,LoF,KCNJ11:p.(Ala253Asp),0.9675,0.772,"De Franco et al. 2020 (HUMU, doi:10.1002/humu.23995)",myvariant.info/dbnsfp.alphamissense.score,myvariant.info/dbnsfp.revel.score,p.ala253asp,False
KCNJ11,p.(Pro254Gln),P,254,Q,TNDM,GoF,KCNJ11:p.(Pro254Gln),0.9986,0.961,"De Franco et al. 2020 (HUMU, doi:10.1002/humu.23995)",myvariant.info/dbnsfp.alphamissense.score,myvariant.info/dbnsfp.revel.score,p.pro254gln,False
KCNJ11,p.(His259Gln),H,259,Q,HI,LoF,KCNJ11:p.(His259Gln),0.9842,0.914,"De Franco et al. 2020 (HUMU, doi:10.1002/humu.23995)",myvariant.info/dbnsfp.alphamissense.score,myvariant.info/dbnsfp.revel.score,p.his259gln,False
KCNJ11,p.(Leu270Met),L,270,M,HI,LoF,KCNJ11:p.(Leu270Met),0.1032,0.427,"De Franco et al. 2020 (HUMU, doi:10.1002/humu.23995)",myvariant.info/dbnsfp.alphamissense.score,myvariant.info/dbnsfp.revel.score,p.leu270met,False
KCNJ11,p.(Val285Ile),V,285,I,TNDM,GoF,KCNJ11:p.(Val285Ile),0.112,0.56,"De Franco et al. 2020 (HUMU, doi:10.1002/humu.23995)",myvariant.info/dbnsfp.alphamissense.score,myvariant.info/dbnsfp.revel.score,p.val285ile,False
KCNJ11,p.(Glu288Lys),E,288,K,HI,LoF,KCNJ11:p.(Glu288Lys),0.8869,0.939,"De Franco et al. 2020 (HUMU, doi:10.1002/humu.23995)",myvariant.info/dbnsfp.alphamissense.score,myvariant.info/dbnsfp.revel.score,p.glu288lys,False
KCNJ11,p.(Val290Met),V,290,M,HI,LoF,KCNJ11:p.(Val290Met),0.399,0.712,"De Franco et al. 2020 (HUMU, doi:10.1002/humu.23995)",myvariant.info/dbnsfp.alphamissense.score,myvariant.info/dbnsfp.revel.score,p.val290met,False
KCNJ11,p.(Glu292Lys),E,292,K,HI,LoF,KCNJ11:p.(Glu292Lys),0.9865,0.973,"De Franco et al. 2020 (HUMU, doi:10.1002/humu.23995)",myvariant.info/dbnsfp.alphamissense.score,myvariant.info/dbnsfp.revel.score,p.glu292lys,False
KCNJ11,p.(Glu292Gly),E,292,G,PNDM,GoF,KCNJ11:p.(Glu292Gly),0.9427,0.975,"De Franco et al. 2020 (HUMU, doi:10.1002/humu.23995)",myvariant.info/dbnsfp.alphamissense.score,myvariant.info/dbnsfp.revel.score,p.glu292gly,False
KCNJ11,p.(Gly295Ser),G,295,S,HI,LoF,KCNJ11:p.(Gly295Ser),0.7849,0.872,"De Franco et al. 2020 (HUMU, doi:10.1002/humu.23995)",myvariant.info/dbnsfp.alphamissense.score,myvariant.info/dbnsfp.revel.score,p.gly295ser,False
KCNJ11,p.(Gln299Arg),Q,299,R,HI,LoF,KCNJ11:p.(Gln299Arg),0.9037,0.986,"De Franco et al. 2020 (HUMU, doi:10.1002/humu.23995)",myvariant.info/dbnsfp.alphamissense.score,myvariant.info/dbnsfp.revel.score,p.gln299arg,False
KCNJ11,p.(Gln299His),Q,299,H,HI,LoF,KCNJ11:p.(Gln299His),0.9654,0.923,"De Franco et al. 2020 (HUMU, doi:10.1002/humu.23995)",myvariant.info/dbnsfp.alphamissense.score,myvariant.info/dbnsfp.revel.score,p.gln299his,False
KCNJ11,p.(Gly312Cys),G,312,C,HI,LoF,KCNJ11:p.(Gly312Cys),0.969,0.996,"De Franco et al. 2020 (HUMU, doi:10.1002/humu.23995)",myvariant.info/dbnsfp.alphamissense.score,myvariant.info/dbnsfp.revel.score,p.gly312cys,False
KCNJ11,p.(Phe315Ile),F,315,I,HI,LoF,KCNJ11:p.(Phe315Ile),0.9932,0.982,"De Franco et al. 2020 (HUMU, doi:10.1002/humu.23995)",myvariant.info/dbnsfp.alphamissense.score,myvariant.info/dbnsfp.revel.score,p.phe315ile,False
KCNJ11,p.(Glu322Ala),E,322,A,TNDM,GoF,KCNJ11:p.(Glu322Ala),0.47,0.921,"De Franco et al. 2020 (HUMU, doi:10.1002/humu.23995)",myvariant.info/dbnsfp.alphamissense.score,myvariant.info/dbnsfp.revel.score,p.glu322ala,False
KCNJ11,p.(Gly324Arg),G,324,R,TNDM,GoF,KCNJ11:p.(Gly324Arg),0.6855,0.91,"De Franco et al. 2020 (HUMU, doi:10.1002/humu.23995)",myvariant.info/dbnsfp.alphamissense.score,myvariant.info/dbnsfp.revel.score,p.gly324arg,False
KCNJ11,p.(Val328Met),V,328,M,TNDM,GoF,KCNJ11:p.(Val328Met),0.9126,0.936,"De Franco et al. 2020 (HUMU, doi:10.1002/humu.23995)",myvariant.info/dbnsfp.alphamissense.score,myvariant.info/dbnsfp.revel.score,p.val328met,False
KCNJ11,p.(Tyr330Asn),Y,330,N,TNDM,GoF,KCNJ11:p.(Tyr330Asn),0.9751,0.929,"De Franco et al. 2020 (HUMU, doi:10.1002/humu.23995)",myvariant.info/dbnsfp.alphamissense.score,myvariant.info/dbnsfp.revel.score,p.tyr330asn,False
KCNJ11,p.(Tyr330His),Y,330,H,Diabetes,GoF,KCNJ11:p.(Tyr330His),0.99,0.926,"De Franco et al. 2020 (HUMU, doi:10.1002/humu.23995)",myvariant.info/dbnsfp.alphamissense.score,myvariant.info/dbnsfp.revel.score,p.tyr330his,False
KCNJ11,p.(Tyr330Cys),Y,330,C,PNDM,GoF,KCNJ11:p.(Tyr330Cys),0.9071,0.981,"De Franco et al. 2020 (HUMU, doi:10.1002/humu.23995)",myvariant.info/dbnsfp.alphamissense.score,myvariant.info/dbnsfp.revel.score,p.tyr330cys,False
KCNJ11,p.(Ser331Pro),S,331,P,PNDM,GoF,KCNJ11:p.(Ser331Pro),0.9906,0.949,"De Franco et al. 2020 (HUMU, doi:10.1002/humu.23995)",myvariant.info/dbnsfp.alphamissense.score,myvariant.info/dbnsfp.revel.score,p.ser331pro,False
KCNJ11,p.(Phe333Ile),F,333,I,PNDM,GoF,KCNJ11:p.(Phe333Ile),0.9829,0.976,"De Franco et al. 2020 (HUMU, doi:10.1002/humu.23995)",myvariant.info/dbnsfp.alphamissense.score,myvariant.info/dbnsfp.revel.score,p.phe333ile,False
KCNJ11,p.(Phe333Ser),F,333,S,HI,LoF,KCNJ11:p.(Phe333Ser),0.9977,0.976,"De Franco et al. 2020 (HUMU, doi:10.1002/humu.23995)",myvariant.info/dbnsfp.alphamissense.score,myvariant.info/dbnsfp.revel.score,p.phe333ser,False
KCNJ11,p.(Phe333Leu),F,333,L,PNDM,GoF,KCNJ11:p.(Phe333Leu),0.9979,0.964,"De Franco et al. 2020 (HUMU, doi:10.1002/humu.23995)",myvariant.info/dbnsfp.alphamissense.score,myvariant.info/dbnsfp.revel.score,p.phe333leu,False
KCNJ11,p.(Gly334Ser),G,334,S,PNDM,GoF,KCNJ11:p.(Gly334Ser),0.4641,0.689,"De Franco et al. 2020 (HUMU, doi:10.1002/humu.23995)",myvariant.info/dbnsfp.alphamissense.score,myvariant.info/dbnsfp.revel.score,p.gly334ser,False
KCNJ11,p.(Gly334Arg),G,334,R,PNDM,GoF,KCNJ11:p.(Gly334Arg),0.9682,0.854,"De Franco et al. 2020 (HUMU, doi:10.1002/humu.23995)",myvariant.info/dbnsfp.alphamissense.score,myvariant.info/dbnsfp.revel.score,p.gly334arg,False
KCNJ11,p.(Gly334Cys),G,334,C,PNDM,GoF,KCNJ11:p.(Gly334Cys),0.7734,0.958,"De Franco et al. 2020 (HUMU, doi:10.1002/humu.23995)",myvariant.info/dbnsfp.alphamissense.score,myvariant.info/dbnsfp.revel.score,p.gly334cys,False
KCNJ11,p.(Gly334Val),G,334,V,ytoplasmic PNDM,GoF,KCNJ11:p.(Gly334Val),0.9832,0.973,"De Franco et al. 2020 (HUMU, doi:10.1002/humu.23995)",myvariant.info/dbnsfp.alphamissense.score,myvariant.info/dbnsfp.revel.score,p.gly334val,False
KCNJ11,p.(Val339Gly),V,339,G,HI,LoF,KCNJ11:p.(Val339Gly),0.4281,0.968,"De Franco et al. 2020 (HUMU, doi:10.1002/humu.23995)",myvariant.info/dbnsfp.alphamissense.score,myvariant.info/dbnsfp.revel.score,p.val339gly,False
KCNJ11,p.(Pro340His),P,340,H,HI,LoF,KCNJ11:p.(Pro340His),0.1597,0.644,"De Franco et al. 2020 (HUMU, doi:10.1002/humu.23995)",myvariant.info/dbnsfp.alphamissense.score,myvariant.info/dbnsfp.revel.score,p.pro340his,False
KCNJ11,p.(Asp352His),D,352,H,TNDM,GoF,KCNJ11:p.(Asp352His),0.185,0.56,"De Franco et al. 2020 (HUMU, doi:10.1002/humu.23995)",myvariant.info/dbnsfp.alphamissense.score,myvariant.info/dbnsfp.revel.score,p.asp352his,False
KCNJ11,p.(Arg365Cys),R,365,C,HI,LoF,KCNJ11:p.(Arg365Cys),0.1531,0.493,"De Franco et al. 2020 (HUMU, doi:10.1002/humu.23995)",myvariant.info/dbnsfp.alphamissense.score,myvariant.info/dbnsfp.revel.score,p.arg365cys,False
ABCC8,p.(Ala4Val),A,4,V,Extracellula HI,LoF,ABCC8:p.(Ala4Val),0.6905,0.707,"De Franco et al. 2020 (HUMU, doi:10.1002/humu.23995)",myvariant.info/dbnsfp.alphamissense.score,myvariant.info/dbnsfp.revel.score,p.ala4val,False
ABCC8,p.(Cys6Gly),C,6,G,Extracellula HI,LoF,ABCC8:p.(Cys6Gly),0.9824,0.93,"De Franco et al. 2020 (HUMU, doi:10.1002/humu.23995)",myvariant.info/dbnsfp.alphamissense.score,myvariant.info/dbnsfp.revel.score,p.cys6gly,False
ABCC8,p.(Gly7Cys),G,7,C,Extracellula HI,LoF,ABCC8:p.(Gly7Cys),0.9862,0.9,"De Franco et al. 2020 (HUMU, doi:10.1002/humu.23995)",myvariant.info/dbnsfp.alphamissense.score,myvariant.info/dbnsfp.revel.score,p.gly7cys,False
ABCC8,p.(Arg16Pro),R,16,P,Extracellula HI,LoF,ABCC8:p.(Arg16Pro),0.5958,0.501,"De Franco et al. 2020 (HUMU, doi:10.1002/humu.23995)",myvariant.info/dbnsfp.alphamissense.score,myvariant.info/dbnsfp.revel.score,p.arg16pro,False
ABCC8,p.(Val17Ala),V,17,A,Extracellula HI,LoF,ABCC8:p.(Val17Ala),0.6002,0.52,"De Franco et al. 2020 (HUMU, doi:10.1002/humu.23995)",myvariant.info/dbnsfp.alphamissense.score,myvariant.info/dbnsfp.revel.score,p.val17ala,False
ABCC8,p.(Cys26Trp),C,26,W,Extracellula HI,LoF,ABCC8:p.(Cys26Trp),0.9971,0.879,"De Franco et al. 2020 (HUMU, doi:10.1002/humu.23995)",myvariant.info/dbnsfp.alphamissense.score,myvariant.info/dbnsfp.revel.score,p.cys26trp,False
ABCC8,p.(Phe27Ser),F,27,S,Extracellula HI,LoF,ABCC8:p.(Phe27Ser),0.985,0.959,"De Franco et al. 2020 (HUMU, doi:10.1002/humu.23995)",myvariant.info/dbnsfp.alphamissense.score,myvariant.info/dbnsfp.revel.score,p.phe27ser,False
ABCC8,p.(Asp29Gly),D,29,G,Extracellula HI,LoF,ABCC8:p.(Asp29Gly),0.9862,0.902,"De Franco et al. 2020 (HUMU, doi:10.1002/humu.23995)",myvariant.info/dbnsfp.alphamissense.score,myvariant.info/dbnsfp.revel.score,p.asp29gly,False
ABCC8,p.(Ala30Thr),A,30,T,Extracellula HI,LoF,ABCC8:p.(Ala30Thr),0.7734,0.627,"De Franco et al. 2020 (HUMU, doi:10.1002/humu.23995)",myvariant.info/dbnsfp.alphamissense.score,myvariant.info/dbnsfp.revel.score,p.ala30thr,False
ABCC8,p.(Ala30Val),A,30,V,Extracellula NDM,GoF,ABCC8:p.(Ala30Val),0.8036,0.663,"De Franco et al. 2020 (HUMU, doi:10.1002/humu.23995)",myvariant.info/dbnsfp.alphamissense.score,myvariant.info/dbnsfp.revel.score,p.ala30val,False
ABCC8,p.(Leu31Pro),L,31,P,Extracellula HI,LoF,ABCC8:p.(Leu31Pro),0.9968,0.919,"De Franco et al. 2020 (HUMU, doi:10.1002/humu.23995)",myvariant.info/dbnsfp.alphamissense.score,myvariant.info/dbnsfp.revel.score,p.leu31pro,False
ABCC8,p.(Asn32Lys),N,32,K,Extracellula HI,LoF,ABCC8:p.(Asn32Lys),0.9575,0.654,"De Franco et al. 2020 (HUMU, doi:10.1002/humu.23995)",myvariant.info/dbnsfp.alphamissense.score,myvariant.info/dbnsfp.revel.score,p.asn32lys,False
ABCC8,p.(His36Tyr),H,36,Y,Transmemb HI,LoF,ABCC8:p.(His36Tyr),0.9587,0.745,"De Franco et al. 2020 (HUMU, doi:10.1002/humu.23995)",myvariant.info/dbnsfp.alphamissense.score,myvariant.info/dbnsfp.revel.score,p.his36tyr,False
ABCC8,p.(His36Arg),H,36,R,Transmemb HI,LoF,ABCC8:p.(His36Arg),0.9935,0.857,"De Franco et al. 2020 (HUMU, doi:10.1002/humu.23995)",myvariant.info/dbnsfp.alphamissense.score,myvariant.info/dbnsfp.revel.score,p.his36arg,False
ABCC8,p.(Leu40Arg),L,40,R,Transmemb HI,LoF,ABCC8:p.(Leu40Arg),0.9866,0.947,"De Franco et al. 2020 (HUMU, doi:10.1002/humu.23995)",myvariant.info/dbnsfp.alphamissense.score,myvariant.info/dbnsfp.revel.score,p.leu40arg,False
ABCC8,p.(Pro45Leu),P,45,L,Transmemb PNDM,GoF,ABCC8:p.(Pro45Leu),0.8791,0.824,"De Franco et al. 2020 (HUMU, doi:10.1002/humu.23995)",myvariant.info/dbnsfp.alphamissense.score,myvariant.info/dbnsfp.revel.score,p.pro45leu,False
ABCC8,p.(Ile46Thr),I,46,T,Transmemb HI,LoF,ABCC8:p.(Ile46Thr),0.9702,0.794,"De Franco et al. 2020 (HUMU, doi:10.1002/humu.23995)",myvariant.info/dbnsfp.alphamissense.score,myvariant.info/dbnsfp.revel.score,p.ile46thr,False
ABCC8,p.(Ile49Phe),I,49,F,Transmemb DEND,GoF,ABCC8:p.(Ile49Phe),0.3534,0.81,"De Franco et al. 2020 (HUMU, doi:10.1002/humu.23995)",myvariant.info/dbnsfp.alphamissense.score,myvariant.info/dbnsfp.revel.score,p.ile49phe,False
ABCC8,p.(His59Pro),H,59,P,HI,LoF,ABCC8:p.(His59Pro),0.5752,0.734,"De Franco et al. 2020 (HUMU, doi:10.1002/humu.23995)",myvariant.info/dbnsfp.alphamissense.score,myvariant.info/dbnsfp.revel.score,p.his59pro,False
ABCC8,p.(Ile60Asn),I,60,N,HI,LoF,ABCC8:p.(Ile60Asn),0.963,0.933,"De Franco et al. 2020 (HUMU, doi:10.1002/humu.23995)",myvariant.info/dbnsfp.alphamissense.score,myvariant.info/dbnsfp.revel.score,p.ile60asn,False
ABCC8,p.(Gly70Arg),G,70,R,HI,LoF,ABCC8:p.(Gly70Arg),0.9774,0.884,"De Franco et al. 2020 (HUMU, doi:10.1002/humu.23995)",myvariant.info/dbnsfp.alphamissense.score,myvariant.info/dbnsfp.revel.score,p.gly70arg,False
ABCC8,p.(Gly70Glu),G,70,E,HI,LoF,ABCC8:p.(Gly70Glu),0.985,0.928,"De Franco et al. 2020 (HUMU, doi:10.1002/humu.23995)",myvariant.info/dbnsfp.alphamissense.score,myvariant.info/dbnsfp.revel.score,p.gly70glu,False
ABCC8,p.(Asn72Ser),N,72,S,PNDM,GoF,ABCC8:p.(Asn72Ser),0.1049,0.608,"De Franco et al. 2020 (HUMU, doi:10.1002/humu.23995)",myvariant.info/dbnsfp.alphamissense.score,myvariant.info/dbnsfp.revel.score,p.asn72ser,False
ABCC8,p.(Asn72Lys),N,72,K,HI,LoF,ABCC8:p.(Asn72Lys),0.8888,0.637,"De Franco et al. 2020 (HUMU, doi:10.1002/humu.23995)",myvariant.info/dbnsfp.alphamissense.score,myvariant.info/dbnsfp.revel.score,p.asn72lys,False
ABCC8,p.(Arg74Gln),R,74,Q,HI,LoF,ABCC8:p.(Arg74Gln),0.952,0.903,"De Franco et al. 2020 (HUMU, doi:10.1002/humu.23995)",myvariant.info/dbnsfp.alphamissense.score,myvariant.info/dbnsfp.revel.score,p.arg74gln,False
ABCC8,p.(Arg74Leu),R,74,L,HI,LoF,ABCC8:p.(Arg74Leu),0.9812,0.939,"De Franco et al. 2020 (HUMU, doi:10.1002/humu.23995)",myvariant.info/dbnsfp.alphamissense.score,myvariant.info/dbnsfp.revel.score,p.arg74leu,False
ABCC8,p.(Met80Arg),M,80,R,Transmemb HI,LoF,ABCC8:p.(Met80Arg),0.8786,0.561,"De Franco et al. 2020 (HUMU, doi:10.1002/humu.23995)",myvariant.info/dbnsfp.alphamissense.score,myvariant.info/dbnsfp.revel.score,p.met80arg,False
ABCC8,p.(Val84Ile),V,84,I,Transmemb Later-,GoF,ABCC8:p.(Val84Ile),0.084,0.546,"De Franco et al. 2020 (HUMU, doi:10.1002/humu.23995)",myvariant.info/dbnsfp.alphamissense.score,myvariant.info/dbnsfp.revel.score,p.val84ile,False
ABCC8,p.(Ile89Met),I,89,M,Transmemb HI,LoF,ABCC8:p.(Ile89Met),0.1499,0.713,"De Franco et al. 2020 (HUMU, doi:10.1002/humu.23995)",myvariant.info/dbnsfp.alphamissense.score,myvariant.info/dbnsfp.revel.score,p.ile89met,False
ABCC8,p.(Ala90Val),A,90,V,Transmemb PNDM,GoF,ABCC8:p.(Ala90Val),0.618,0.823,"De Franco et al. 2020 (HUMU, doi:10.1002/humu.23995)",myvariant.info/dbnsfp.alphamissense.score,myvariant.info/dbnsfp.revel.score,p.ala90val,False
ABCC8,p.(Gly92Ser),G,92,S,Transmemb HI,LoF,ABCC8:p.(Gly92Ser),0.9389,0.887,"De Franco et al. 2020 (HUMU, doi:10.1002/humu.23995)",myvariant.info/dbnsfp.alphamissense.score,myvariant.info/dbnsfp.revel.score,p.gly92ser,False
ABCC8,p.(Gly92Asp),G,92,D,Transmemb HI,LoF,ABCC8:p.(Gly92Asp),0.9945,0.98,"De Franco et al. 2020 (HUMU, doi:10.1002/humu.23995)",myvariant.info/dbnsfp.alphamissense.score,myvariant.info/dbnsfp.revel.score,p.gly92asp,False
ABCC8,p.(Ile93Thr),I,93,T,Transmemb NDM,GoF,ABCC8:p.(Ile93Thr),0.5773,0.67,"De Franco et al. 2020 (HUMU, doi:10.1002/humu.23995)",myvariant.info/dbnsfp.alphamissense.score,myvariant.info/dbnsfp.revel.score,p.ile93thr,False
ABCC8,p.(His105Pro),H,105,P,Transmemb HI,LoF,ABCC8:p.(His105Pro),0.9169,0.894,"De Franco et al. 2020 (HUMU, doi:10.1002/humu.23995)",myvariant.info/dbnsfp.alphamissense.score,myvariant.info/dbnsfp.revel.score,p.his105pro,False
ABCC8,p.(Gly111Arg),G,111,R,Transmemb HI,LoF,ABCC8:p.(Gly111Arg),0.9552,0.654,"De Franco et al. 2020 (HUMU, doi:10.1002/humu.23995)",myvariant.info/dbnsfp.alphamissense.score,myvariant.info/dbnsfp.revel.score,p.gly111arg,False
ABCC8,p.(Ala113Val),A,113,V,Transmemb HI,LoF,ABCC8:p.(Ala113Val),0.8755,0.746,"De Franco et al. 2020 (HUMU, doi:10.1002/humu.23995)",myvariant.info/dbnsfp.alphamissense.score,myvariant.info/dbnsfp.revel.score,p.ala113val,False
ABCC8,p.(Met115Val),M,115,V,Transmemb HI,LoF,ABCC8:p.(Met115Val),0.0891,0.706,"De Franco et al. 2020 (HUMU, doi:10.1002/humu.23995)",myvariant.info/dbnsfp.alphamissense.score,myvariant.info/dbnsfp.revel.score,p.met115val,False
ABCC8,p.(Ala116Pro),A,116,P,Transmemb HI,LoF,ABCC8:p.(Ala116Pro),0.9942,0.898,"De Franco et al. 2020 (HUMU, doi:10.1002/humu.23995)",myvariant.info/dbnsfp.alphamissense.score,myvariant.info/dbnsfp.revel.score,p.ala116pro,False
ABCC8,p.(Glu128Lys),E,128,K,HI,LoF,ABCC8:p.(Glu128Lys),0.9916,0.89,"De Franco et al. 2020 (HUMU, doi:10.1002/humu.23995)",myvariant.info/dbnsfp.alphamissense.score,myvariant.info/dbnsfp.revel.score,p.glu128lys,False
ABCC8,p.(Asn131Thr),N,131,T,HI,LoF,ABCC8:p.(Asn131Thr),0.9279,0.92,"De Franco et al. 2020 (HUMU, doi:10.1002/humu.23995)",myvariant.info/dbnsfp.alphamissense.score,myvariant.info/dbnsfp.revel.score,p.asn131thr,False
ABCC8,p.(Asn131Lys),N,131,K,PNDM,GoF,ABCC8:p.(Asn131Lys),0.992,0.631,"De Franco et al. 2020 (HUMU, doi:10.1002/humu.23995)",myvariant.info/dbnsfp.alphamissense.score,myvariant.info/dbnsfp.revel.score,p.asn131lys,False
ABCC8,p.(Pro133Arg),P,133,R,HI,LoF,ABCC8:p.(Pro133Arg),0.9595,0.75,"De Franco et al. 2020 (HUMU, doi:10.1002/humu.23995)",myvariant.info/dbnsfp.alphamissense.score,myvariant.info/dbnsfp.revel.score,p.pro133arg,False
ABCC8,p.(Leu135Val),L,135,V,Transmemb HI,LoF,ABCC8:p.(Leu135Val),0.7473,0.689,"De Franco et al. 2020 (HUMU, doi:10.1002/humu.23995)",myvariant.info/dbnsfp.alphamissense.score,myvariant.info/dbnsfp.revel.score,p.leu135val,False
ABCC8,p.(Leu135Pro),L,135,P,Transmemb PNDM,GoF,ABCC8:p.(Leu135Pro),0.9884,0.97,"De Franco et al. 2020 (HUMU, doi:10.1002/humu.23995)",myvariant.info/dbnsfp.alphamissense.score,myvariant.info/dbnsfp.revel.score,p.leu135pro,False
ABCC8,p.(Ile148Thr),I,148,T,Transmemb HI,LoF,ABCC8:p.(Ile148Thr),0.1983,0.729,"De Franco et al. 2020 (HUMU, doi:10.1002/humu.23995)",myvariant.info/dbnsfp.alphamissense.score,myvariant.info/dbnsfp.revel.score,p.ile148thr,False
ABCC8,p.(Arg168Cys),R,168,C,Transmemb HI,LoF,ABCC8:p.(Arg168Cys),0.8027,0.96,"De Franco et al. 2020 (HUMU, doi:10.1002/humu.23995)",myvariant.info/dbnsfp.alphamissense.score,myvariant.info/dbnsfp.revel.score,p.arg168cys,False
ABCC8,p.(Phe169Val),F,169,V,Transmemb PNDM,GoF,ABCC8:p.(Phe169Val),0.5835,0.688,"De Franco et al. 2020 (HUMU, doi:10.1002/humu.23995)",myvariant.info/dbnsfp.alphamissense.score,myvariant.info/dbnsfp.revel.score,p.phe169val,False
ABCC8,p.(Leu171Phe),L,171,F,Transmemb HI,LoF,ABCC8:p.(Leu171Phe),0.5858,0.499,"De Franco et al. 2020 (HUMU, doi:10.1002/humu.23995)",myvariant.info/dbnsfp.alphamissense.score,myvariant.info/dbnsfp.revel.score,p.leu171phe,False
ABCC8,p.(Leu171Pro),L,171,P,Transmemb HI,LoF,ABCC8:p.(Leu171Pro),0.9846,0.903,"De Franco et al. 2020 (HUMU, doi:10.1002/humu.23995)",myvariant.info/dbnsfp.alphamissense.score,myvariant.info/dbnsfp.revel.score,p.leu171pro,False
ABCC8,p.(Gly173Arg),G,173,R,Transmemb HI,LoF,ABCC8:p.(Gly173Arg),0.9446,0.691,"De Franco et al. 2020 (HUMU, doi:10.1002/humu.23995)",myvariant.info/dbnsfp.alphamissense.score,myvariant.info/dbnsfp.revel.score,p.gly173arg,False
ABCC8,p.(Leu175Gln),L,175,Q,Transmemb HI,LoF,ABCC8:p.(Leu175Gln),0.5235,0.762,"De Franco et al. 2020 (HUMU, doi:10.1002/humu.23995)",myvariant.info/dbnsfp.alphamissense.score,myvariant.info/dbnsfp.revel.score,p.leu175gln,False
ABCC8,p.(Tyr179Cys),Y,179,C,Transmemb HI,LoF,ABCC8:p.(Tyr179Cys),0.6525,0.925,"De Franco et al. 2020 (HUMU, doi:10.1002/humu.23995)",myvariant.info/dbnsfp.alphamissense.score,myvariant.info/dbnsfp.revel.score,p.tyr179cys,False
ABCC8,p.(Asn188Ser),N,188,S,Transmemb HI,LoF,ABCC8:p.(Asn188Ser),0.1352,0.533,"De Franco et al. 2020 (HUMU, doi:10.1002/humu.23995)",myvariant.info/dbnsfp.alphamissense.score,myvariant.info/dbnsfp.revel.score,p.asn188ser,False
ABCC8,p.(Ile196Asn),I,196,N,PNDM,GoF,ABCC8:p.(Ile196Asn),0.5209,0.479,"De Franco et al. 2020 (HUMU, doi:10.1002/humu.23995)",myvariant.info/dbnsfp.alphamissense.score,myvariant.info/dbnsfp.revel.score,p.ile196asn,False
ABCC8,p.(Pro206Leu),P,206,L,TNDM,GoF,ABCC8:p.(Pro206Leu),0.7328,0.685,"De Franco et al. 2020 (HUMU, doi:10.1002/humu.23995)",myvariant.info/dbnsfp.alphamissense.score,myvariant.info/dbnsfp.revel.score,p.pro206leu,False
ABCC8,p.(Pro207Ser),P,207,S,PNDM,GoF,ABCC8:p.(Pro207Ser),0.9165,0.713,"De Franco et al. 2020 (HUMU, doi:10.1002/humu.23995)",myvariant.info/dbnsfp.alphamissense.score,myvariant.info/dbnsfp.revel.score,p.pro207ser,False
ABCC8,p.(Asp209Asn),D,209,N,PNDM,GoF,ABCC8:p.(Asp209Asn),0.9438,0.708,"De Franco et al. 2020 (HUMU, doi:10.1002/humu.23995)",myvariant.info/dbnsfp.alphamissense.score,myvariant.info/dbnsfp.revel.score,p.asp209asn,False
ABCC8,p.(Asp212Asn),D,212,N,TNDM,GoF,ABCC8:p.(Asp212Asn),0.8233,0.682,"De Franco et al. 2020 (HUMU, doi:10.1002/humu.23995)",myvariant.info/dbnsfp.alphamissense.score,myvariant.info/dbnsfp.revel.score,p.asp212asn,False
ABCC8,p.(Asp212Tyr),D,212,Y,PNDM,GoF,ABCC8:p.(Asp212Tyr),0.8654,0.864,"De Franco et al. 2020 (HUMU, doi:10.1002/humu.23995)",myvariant.info/dbnsfp.alphamissense.score,myvariant.info/dbnsfp.revel.score,p.asp212tyr,False
ABCC8,p.(Asp212Gly),D,212,G,NDM,GoF,ABCC8:p.(Asp212Gly),0.954,0.895,"De Franco et al. 2020 (HUMU, doi:10.1002/humu.23995)",myvariant.info/dbnsfp.alphamissense.score,myvariant.info/dbnsfp.revel.score,p.asp212gly,False
ABCC8,p.(Asp212Glu),D,212,E,NDM,GoF,ABCC8:p.(Asp212Glu),0.9469,0.659,"De Franco et al. 2020 (HUMU, doi:10.1002/humu.23995)",myvariant.info/dbnsfp.alphamissense.score,myvariant.info/dbnsfp.revel.score,p.asp212glu,False
ABCC8,p.(Leu213Pro),L,213,P,i-DEND,GoF,ABCC8:p.(Leu213Pro),0.6784,0.662,"De Franco et al. 2020 (HUMU, doi:10.1002/humu.23995)",myvariant.info/dbnsfp.alphamissense.score,myvariant.info/dbnsfp.revel.score,p.leu213pro,False
ABCC8,p.(Val215Ile),V,215,I,PNDM,GoF,ABCC8:p.(Val215Ile),0.2455,0.668,"De Franco et al. 2020 (HUMU, doi:10.1002/humu.23995)",myvariant.info/dbnsfp.alphamissense.score,myvariant.info/dbnsfp.revel.score,p.val215ile,False
ABCC8,p.(Arg216Cys),R,216,C,TNDM,GoF,ABCC8:p.(Arg216Cys),0.423,0.775,"De Franco et al. 2020 (HUMU, doi:10.1002/humu.23995)",myvariant.info/dbnsfp.alphamissense.score,myvariant.info/dbnsfp.revel.score,p.arg216cys,False
ABCC8,p.(Val222Met),V,222,M,Later-,GoF,ABCC8:p.(Val222Met),0.9584,0.891,"De Franco et al. 2020 (HUMU, doi:10.1002/humu.23995)",myvariant.info/dbnsfp.alphamissense.score,myvariant.info/dbnsfp.revel.score,p.val222met,False
ABCC8,p.(Thr229Asn),T,229,N,PNDM,GoF,ABCC8:p.(Thr229Asn),0.8963,0.784,"De Franco et al. 2020 (HUMU, doi:10.1002/humu.23995)",myvariant.info/dbnsfp.alphamissense.score,myvariant.info/dbnsfp.revel.score,p.thr229asn,False
ABCC8,p.(Tyr230Cys),Y,230,C,HI,LoF,ABCC8:p.(Tyr230Cys),0.8223,0.971,"De Franco et al. 2020 (HUMU, doi:10.1002/humu.23995)",myvariant.info/dbnsfp.alphamissense.score,myvariant.info/dbnsfp.revel.score,p.tyr230cys,False
ABCC8,p.(Trp231Arg),W,231,R,HI,LoF,ABCC8:p.(Trp231Arg),0.9648,0.948,"De Franco et al. 2020 (HUMU, doi:10.1002/humu.23995)",myvariant.info/dbnsfp.alphamissense.score,myvariant.info/dbnsfp.revel.score,p.trp231arg,False
ABCC8,p.(Trp232Gly),W,232,G,HI,LoF,ABCC8:p.(Trp232Gly),0.9217,0.988,"De Franco et al. 2020 (HUMU, doi:10.1002/humu.23995)",myvariant.info/dbnsfp.alphamissense.score,myvariant.info/dbnsfp.revel.score,p.trp232gly,False
ABCC8,p.(Met233Arg),M,233,R,HI,LoF,ABCC8:p.(Met233Arg),0.9671,0.941,"De Franco et al. 2020 (HUMU, doi:10.1002/humu.23995)",myvariant.info/dbnsfp.alphamissense.score,myvariant.info/dbnsfp.revel.score,p.met233arg,False
ABCC8,p.(Ala235Val),A,235,V,NDM,GoF,ABCC8:p.(Ala235Val),0.1203,0.374,"De Franco et al. 2020 (HUMU, doi:10.1002/humu.23995)",myvariant.info/dbnsfp.alphamissense.score,myvariant.info/dbnsfp.revel.score,p.ala235val,False
ABCC8,p.(Pro254Ser),P,254,S,PNDM,GoF,ABCC8:p.(Pro254Ser),0.9685,0.91,"De Franco et al. 2020 (HUMU, doi:10.1002/humu.23995)",myvariant.info/dbnsfp.alphamissense.score,myvariant.info/dbnsfp.revel.score,p.pro254ser,False
ABCC8,p.(Pro254Leu),P,254,L,HI,LoF,ABCC8:p.(Pro254Leu),0.988,0.848,"De Franco et al. 2020 (HUMU, doi:10.1002/humu.23995)",myvariant.info/dbnsfp.alphamissense.score,myvariant.info/dbnsfp.revel.score,p.pro254leu,False
ABCC8,p.(Tyr263Asp),Y,263,D,PNDM,GoF,ABCC8:p.(Tyr263Asp),0.932,0.933,"De Franco et al. 2020 (HUMU, doi:10.1002/humu.23995)",myvariant.info/dbnsfp.alphamissense.score,myvariant.info/dbnsfp.revel.score,p.tyr263asp,False
ABCC8,p.(Gly296Arg),G,296,R,TNDM,GoF,ABCC8:p.(Gly296Arg),0.7166,0.865,"De Franco et al. 2020 (HUMU, doi:10.1002/humu.23995)",myvariant.info/dbnsfp.alphamissense.score,myvariant.info/dbnsfp.revel.score,p.gly296arg,False
ABCC8,p.(Arg298Cys),R,298,C,HI,LoF,ABCC8:p.(Arg298Cys),0.1705,0.845,"De Franco et al. 2020 (HUMU, doi:10.1002/humu.23995)",myvariant.info/dbnsfp.alphamissense.score,myvariant.info/dbnsfp.revel.score,p.arg298cys,False
ABCC8,p.(Arg306His),R,306,H,NDM,GoF,ABCC8:p.(Arg306His),0.807,0.938,"De Franco et al. 2020 (HUMU, doi:10.1002/humu.23995)",myvariant.info/dbnsfp.alphamissense.score,myvariant.info/dbnsfp.revel.score,p.arg306his,False
ABCC8,p.(Asp310Val),D,310,V,HI,LoF,ABCC8:p.(Asp310Val),0.9845,0.978,"De Franco et al. 2020 (HUMU, doi:10.1002/humu.23995)",myvariant.info/dbnsfp.alphamissense.score,myvariant.info/dbnsfp.revel.score,p.asp310val,False
ABCC8,p.(Gly316Arg),G,316,R,Transmemb HI,LoF,ABCC8:p.(Gly316Arg),0.9767,0.882,"De Franco et al. 2020 (HUMU, doi:10.1002/humu.23995)",myvariant.info/dbnsfp.alphamissense.score,myvariant.info/dbnsfp.revel.score,p.gly316arg,False
ABCC8,p.(Glu350Gly),E,350,G,Extracellula PNDM,GoF,ABCC8:p.(Glu350Gly),0.3107,0.614,"De Franco et al. 2020 (HUMU, doi:10.1002/humu.23995)",myvariant.info/dbnsfp.alphamissense.score,myvariant.info/dbnsfp.revel.score,p.glu350gly,False
ABCC8,p.(Glu350Asp),E,350,D,Extracellula TNDM,GoF,ABCC8:p.(Glu350Asp),0.2355,0.5,"De Franco et al. 2020 (HUMU, doi:10.1002/humu.23995)",myvariant.info/dbnsfp.alphamissense.score,myvariant.info/dbnsfp.revel.score,p.glu350asp,False
ABCC8,p.(Tyr356Cys),Y,356,C,Transmemb Diabetes,GoF,ABCC8:p.(Tyr356Cys),0.2162,0.918,"De Franco et al. 2020 (HUMU, doi:10.1002/humu.23995)",myvariant.info/dbnsfp.alphamissense.score,myvariant.info/dbnsfp.revel.score,p.tyr356cys,False
ABCC8,p.(Val360Ala),V,360,A,Transmemb TNDM,GoF,ABCC8:p.(Val360Ala),0.2484,0.67,"De Franco et al. 2020 (HUMU, doi:10.1002/humu.23995)",myvariant.info/dbnsfp.alphamissense.score,myvariant.info/dbnsfp.revel.score,p.val360ala,False
ABCC8,p.(Leu366Phe),L,366,F,Transmemb HI,LoF,ABCC8:p.(Leu366Phe),0.748,0.702,"De Franco et al. 2020 (HUMU, doi:10.1002/humu.23995)",myvariant.info/dbnsfp.alphamissense.score,myvariant.info/dbnsfp.revel.score,p.leu366phe,False
ABCC8,p.(Thr371Ile),T,371,I,Transmemb HI,LoF,ABCC8:p.(Thr371Ile),0.7369,0.614,"De Franco et al. 2020 (HUMU, doi:10.1002/humu.23995)",myvariant.info/dbnsfp.alphamissense.score,myvariant.info/dbnsfp.revel.score,p.thr371ile,False
ABCC8,p.(Glu382Lys),E,382,K,PNDM,GoF,ABCC8:p.(Glu382Lys),0.6685,0.601,"De Franco et al. 2020 (HUMU, doi:10.1002/humu.23995)",myvariant.info/dbnsfp.alphamissense.score,myvariant.info/dbnsfp.revel.score,p.glu382lys,False
ABCC8,p.(Glu382Val),E,382,V,PNDM,GoF,ABCC8:p.(Glu382Val),0.8465,0.862,"De Franco et al. 2020 (HUMU, doi:10.1002/humu.23995)",myvariant.info/dbnsfp.alphamissense.score,myvariant.info/dbnsfp.revel.score,p.glu382val,False
ABCC8,p.(Gly389Arg),G,389,R,HI,LoF,ABCC8:p.(Gly389Arg),0.9864,0.827,"De Franco et al. 2020 (HUMU, doi:10.1002/humu.23995)",myvariant.info/dbnsfp.alphamissense.score,myvariant.info/dbnsfp.revel.score,p.gly389arg,False
ABCC8,p.(Gln392His),Q,392,H,HI,LoF,ABCC8:p.(Gln392His),0.9428,0.878,"De Franco et al. 2020 (HUMU, doi:10.1002/humu.23995)",myvariant.info/dbnsfp.alphamissense.score,myvariant.info/dbnsfp.revel.score,p.gln392his,False
ABCC8,p.(Asn406Asp),N,406,D,HI,LoF,ABCC8:p.(Asn406Asp),0.4488,0.625,"De Franco et al. 2020 (HUMU, doi:10.1002/humu.23995)",myvariant.info/dbnsfp.alphamissense.score,myvariant.info/dbnsfp.revel.score,p.asn406asp,False
ABCC8,p.(Ser408Pro),S,408,P,HI,LoF,ABCC8:p.(Ser408Pro),0.7838,0.932,"De Franco et al. 2020 (HUMU, doi:10.1002/humu.23995)",myvariant.info/dbnsfp.alphamissense.score,myvariant.info/dbnsfp.revel.score,p.ser408pro,False
ABCC8,p.(Asp424Val),D,424,V,NDM,GoF,ABCC8:p.(Asp424Val),0.9901,0.998,"De Franco et al. 2020 (HUMU, doi:10.1002/humu.23995)",myvariant.info/dbnsfp.alphamissense.score,myvariant.info/dbnsfp.revel.score,p.asp424val,False
ABCC8,p.(Cys435Arg),C,435,R,Transmemb TNDM,GoF,ABCC8:p.(Cys435Arg),0.9887,0.928,"De Franco et al. 2020 (HUMU, doi:10.1002/humu.23995)",myvariant.info/dbnsfp.alphamissense.score,myvariant.info/dbnsfp.revel.score,p.cys435arg,False
ABCC8,p.(Leu438Phe),L,438,F,Transmemb PNDM,GoF,ABCC8:p.(Leu438Phe),0.6469,0.839,"De Franco et al. 2020 (HUMU, doi:10.1002/humu.23995)",myvariant.info/dbnsfp.alphamissense.score,myvariant.info/dbnsfp.revel.score,p.leu438phe,False
ABCC8,p.(Gln444Arg),Q,444,R,Transmemb HI,LoF,ABCC8:p.(Gln444Arg),0.9373,0.909,"De Franco et al. 2020 (HUMU, doi:10.1002/humu.23995)",myvariant.info/dbnsfp.alphamissense.score,myvariant.info/dbnsfp.revel.score,p.gln444arg,False
ABCC8,p.(Gln444His),Q,444,H,Transmemb HI,LoF,ABCC8:p.(Gln444His),0.9812,0.94,"De Franco et al. 2020 (HUMU, doi:10.1002/humu.23995)",myvariant.info/dbnsfp.alphamissense.score,myvariant.info/dbnsfp.revel.score,p.gln444his,False
ABCC8,p.(Ser459Arg),S,459,R,Transmemb TNDM,GoF,ABCC8:p.(Ser459Arg),0.9939,0.948,"De Franco et al. 2020 (HUMU, doi:10.1002/humu.23995)",myvariant.info/dbnsfp.alphamissense.score,myvariant.info/dbnsfp.revel.score,p.ser459arg,False
ABCC8,p.(Gln474Arg),Q,474,R,Transmemb HI,LoF,ABCC8:p.(Gln474Arg),0.9663,0.873,"De Franco et al. 2020 (HUMU, doi:10.1002/humu.23995)",myvariant.info/dbnsfp.alphamissense.score,myvariant.info/dbnsfp.revel.score,p.gln474arg,False
ABCC8,p.(Ala478Asp),A,478,D,Transmemb HI,LoF,ABCC8:p.(Ala478Asp),0.9957,0.858,"De Franco et al. 2020 (HUMU, doi:10.1002/humu.23995)",myvariant.info/dbnsfp.alphamissense.score,myvariant.info/dbnsfp.revel.score,p.ala478asp,False
ABCC8,p.(Gln485Arg),Q,485,R,Later-,GoF,ABCC8:p.(Gln485Arg),0.8338,0.795,"De Franco et al. 2020 (HUMU, doi:10.1002/humu.23995)",myvariant.info/dbnsfp.alphamissense.score,myvariant.info/dbnsfp.revel.score,p.gln485arg,False
ABCC8,p.(Gln485His),Q,485,H,PNDM,GoF,ABCC8:p.(Gln485His),0.9744,0.787,"De Franco et al. 2020 (HUMU, doi:10.1002/humu.23995)",myvariant.info/dbnsfp.alphamissense.score,myvariant.info/dbnsfp.revel.score,p.gln485his,False
ABCC8,p.(Thr488Ile),T,488,I,TNDM,GoF,ABCC8:p.(Thr488Ile),0.6779,0.439,"De Franco et al. 2020 (HUMU, doi:10.1002/humu.23995)",myvariant.info/dbnsfp.alphamissense.score,myvariant.info/dbnsfp.revel.score,p.thr488ile,False
ABCC8,p.(Asn493Lys),N,493,K,HI,LoF,ABCC8:p.(Asn493Lys),0.7453,0.342,"De Franco et al. 2020 (HUMU, doi:10.1002/humu.23995)",myvariant.info/dbnsfp.alphamissense.score,myvariant.info/dbnsfp.revel.score,p.asn493lys,False
ABCC8,p.(Glu501Lys),E,501,K,HI,LoF,ABCC8:p.(Glu501Lys),0.9251,0.949,"De Franco et al. 2020 (HUMU, doi:10.1002/humu.23995)",myvariant.info/dbnsfp.alphamissense.score,myvariant.info/dbnsfp.revel.score,p.glu501lys,False
ABCC8,p.(Leu503Pro),L,503,P,HI,LoF,ABCC8:p.(Leu503Pro),0.9967,0.964,"De Franco et al. 2020 (HUMU, doi:10.1002/humu.23995)",myvariant.info/dbnsfp.alphamissense.score,myvariant.info/dbnsfp.revel.score,p.leu503pro,False
ABCC8,p.(Gly505Arg),G,505,R,HI,LoF,ABCC8:p.(Gly505Arg),0.991,0.931,"De Franco et al. 2020 (HUMU, doi:10.1002/humu.23995)",myvariant.info/dbnsfp.alphamissense.score,myvariant.info/dbnsfp.revel.score,p.gly505arg,False
ABCC8,p.(Leu508Pro),L,508,P,HI,LoF,ABCC8:p.(Leu508Pro),0.9918,0.926,"De Franco et al. 2020 (HUMU, doi:10.1002/humu.23995)",myvariant.info/dbnsfp.alphamissense.score,myvariant.info/dbnsfp.revel.score,p.leu508pro,False
ABCC8,p.(Lys510Asn),K,510,N,HI,LoF,ABCC8:p.(Lys510Asn),0.9976,0.952,"De Franco et al. 2020 (HUMU, doi:10.1002/humu.23995)",myvariant.info/dbnsfp.alphamissense.score,myvariant.info/dbnsfp.revel.score,p.lys510asn,False
ABCC8,p.(Leu511Met),L,511,M,HI,LoF,ABCC8:p.(Leu511Met),0.5675,0.809,"De Franco et al. 2020 (HUMU, doi:10.1002/humu.23995)",myvariant.info/dbnsfp.alphamissense.score,myvariant.info/dbnsfp.revel.score,p.leu511met,False
ABCC8,p.(Leu511Pro),L,511,P,HI,LoF,ABCC8:p.(Leu511Pro),0.9977,0.94,"De Franco et al. 2020 (HUMU, doi:10.1002/humu.23995)",myvariant.info/dbnsfp.alphamissense.score,myvariant.info/dbnsfp.revel.score,p.leu511pro,False
ABCC8,p.(Arg521Pro),R,521,P,HI,LoF,ABCC8:p.(Arg521Pro),0.8159,0.575,"De Franco et al. 2020 (HUMU, doi:10.1002/humu.23995)",myvariant.info/dbnsfp.alphamissense.score,myvariant.info/dbnsfp.revel.score,p.arg521pro,False
ABCC8,p.(Arg526Cys),R,526,C,HI,LoF,ABCC8:p.(Arg526Cys),0.9576,0.814,"De Franco et al. 2020 (HUMU, doi:10.1002/humu.23995)",myvariant.info/dbnsfp.alphamissense.score,myvariant.info/dbnsfp.revel.score,p.arg526cys,False
ABCC8,p.(Ser532Gly),S,532,G,TNDM,GoF,ABCC8:p.(Ser532Gly),0.257,0.601,"De Franco et al. 2020 (HUMU, doi:10.1002/humu.23995)",myvariant.info/dbnsfp.alphamissense.score,myvariant.info/dbnsfp.revel.score,p.ser532gly,False
ABCC8,p.(Leu533Pro),L,533,P,HI,LoF,ABCC8:p.(Leu533Pro),0.9977,0.979,"De Franco et al. 2020 (HUMU, doi:10.1002/humu.23995)",myvariant.info/dbnsfp.alphamissense.score,myvariant.info/dbnsfp.revel.score,p.leu533pro,False
ABCC8,p.(Phe536Ser),F,536,S,NDM,GoF,ABCC8:p.(Phe536Ser),0.9631,0.634,"De Franco et al. 2020 (HUMU, doi:10.1002/humu.23995)",myvariant.info/dbnsfp.alphamissense.score,myvariant.info/dbnsfp.revel.score,p.phe536ser,False
ABCC8,p.(Phe536Leu),F,536,L,NDM,GoF,ABCC8:p.(Phe536Leu),0.9948,0.827,"De Franco et al. 2020 (HUMU, doi:10.1002/humu.23995)",myvariant.info/dbnsfp.alphamissense.score,myvariant.info/dbnsfp.revel.score,p.phe536leu,False
ABCC8,p.(Ile544Thr),I,544,T,Transmemb NDM,GoF,ABCC8:p.(Ile544Thr),0.9218,0.844,"De Franco et al. 2020 (HUMU, doi:10.1002/humu.23995)",myvariant.info/dbnsfp.alphamissense.score,myvariant.info/dbnsfp.revel.score,p.ile544thr,False
ABCC8,p.(Pro551Arg),P,551,R,Transmemb HI,LoF,ABCC8:p.(Pro551Arg),0.9969,0.954,"De Franco et al. 2020 (HUMU, doi:10.1002/humu.23995)",myvariant.info/dbnsfp.alphamissense.score,myvariant.info/dbnsfp.revel.score,p.pro551arg,False
ABCC8,p.(Phe577Leu),F,577,L,Extracellula PNDM,GoF,ABCC8:p.(Phe577Leu),0.9986,0.955,"De Franco et al. 2020 (HUMU, doi:10.1002/humu.23995)",myvariant.info/dbnsfp.alphamissense.score,myvariant.info/dbnsfp.revel.score,p.phe577leu,False
ABCC8,p.(Leu580Phe),L,580,F,Extracellula HI,LoF,ABCC8:p.(Leu580Phe),0.9099,0.925,"De Franco et al. 2020 (HUMU, doi:10.1002/humu.23995)",myvariant.info/dbnsfp.alphamissense.score,myvariant.info/dbnsfp.revel.score,p.leu580phe,False
ABCC8,p.(Ile585Thr),I,585,T,Transmemb TNDM,GoF,ABCC8:p.(Ile585Thr),0.9693,0.868,"De Franco et al. 2020 (HUMU, doi:10.1002/humu.23995)",myvariant.info/dbnsfp.alphamissense.score,myvariant.info/dbnsfp.revel.score,p.ile585thr,False
ABCC8,p.(Val587Asp),V,587,D,Transmemb NDM,GoF,ABCC8:p.(Val587Asp),0.9863,0.922,"De Franco et al. 2020 (HUMU, doi:10.1002/humu.23995)",myvariant.info/dbnsfp.alphamissense.score,myvariant.info/dbnsfp.revel.score,p.val587asp,False
ABCC8,p.(Val587Gly),V,587,G,Transmemb PNDM,GoF,ABCC8:p.(Val587Gly),0.8567,0.881,"De Franco et al. 2020 (HUMU, doi:10.1002/humu.23995)",myvariant.info/dbnsfp.alphamissense.score,myvariant.info/dbnsfp.revel.score,p.val587gly,False
ABCC8,p.(Thr588Ile),T,588,I,Transmemb TNDM,GoF,ABCC8:p.(Thr588Ile),0.789,0.606,"De Franco et al. 2020 (HUMU, doi:10.1002/humu.23995)",myvariant.info/dbnsfp.alphamissense.score,myvariant.info/dbnsfp.revel.score,p.thr588ile,False
ABCC8,p.(Phe591Leu),F,591,L,Transmemb HI,LoF,ABCC8:p.(Phe591Leu),0.9903,0.763,"De Franco et al. 2020 (HUMU, doi:10.1002/humu.23995)",myvariant.info/dbnsfp.alphamissense.score,myvariant.info/dbnsfp.revel.score,p.phe591leu,False
ABCC8,p.(Leu593Pro),L,593,P,Transmemb HI,LoF,ABCC8:p.(Leu593Pro),0.9956,0.976,"De Franco et al. 2020 (HUMU, doi:10.1002/humu.23995)",myvariant.info/dbnsfp.alphamissense.score,myvariant.info/dbnsfp.revel.score,p.leu593pro,False
ABCC8,p.(Ser594Pro),S,594,P,Transmemb HI,LoF,ABCC8:p.(Ser594Pro),0.8813,0.597,"De Franco et al. 2020 (HUMU, doi:10.1002/humu.23995)",myvariant.info/dbnsfp.alphamissense.score,myvariant.info/dbnsfp.revel.score,p.ser594pro,False
ABCC8,p.(Arg598Gln),R,598,Q,Transmemb PNDM,GoF,ABCC8:p.(Arg598Gln),0.4817,0.725,"De Franco et al. 2020 (HUMU, doi:10.1002/humu.23995)",myvariant.info/dbnsfp.alphamissense.score,myvariant.info/dbnsfp.revel.score,p.arg598gln,False
ABCC8,p.(Val601Ile),V,601,I,Transmemb HI,LoF,ABCC8:p.(Val601Ile),0.2538,0.604,"De Franco et al. 2020 (HUMU, doi:10.1002/humu.23995)",myvariant.info/dbnsfp.alphamissense.score,myvariant.info/dbnsfp.revel.score,p.val601ile,False
ABCC8,p.(Ser606Thr),S,606,T,HI,LoF,ABCC8:p.(Ser606Thr),0.7959,0.941,"De Franco et al. 2020 (HUMU, doi:10.1002/humu.23995)",myvariant.info/dbnsfp.alphamissense.score,myvariant.info/dbnsfp.revel.score,p.ser606thr,False
ABCC8,p.(Ser606Asn),S,606,N,HI,LoF,ABCC8:p.(Ser606Asn),0.9752,0.896,"De Franco et al. 2020 (HUMU, doi:10.1002/humu.23995)",myvariant.info/dbnsfp.alphamissense.score,myvariant.info/dbnsfp.revel.score,p.ser606asn,False
ABCC8,p.(Val607Met),V,607,M,PNDM,GoF,ABCC8:p.(Val607Met),0.386,0.778,"De Franco et al. 2020 (HUMU, doi:10.1002/humu.23995)",myvariant.info/dbnsfp.alphamissense.score,myvariant.info/dbnsfp.revel.score,p.val607met,False
ABCC8,p.(Leu610Arg),L,610,R,HI,LoF,ABCC8:p.(Leu610Arg),0.9851,0.967,"De Franco et al. 2020 (HUMU, doi:10.1002/humu.23995)",myvariant.info/dbnsfp.alphamissense.score,myvariant.info/dbnsfp.revel.score,p.leu610arg,False
ABCC8,p.(Glu612Asp),E,612,D,HI,LoF,ABCC8:p.(Glu612Asp),0.4302,0.482,"De Franco et al. 2020 (HUMU, doi:10.1002/humu.23995)",myvariant.info/dbnsfp.alphamissense.score,myvariant.info/dbnsfp.revel.score,p.glu612asp,False
ABCC8,p.(Ala640Val),A,640,V,HI,LoF,ABCC8:p.(Ala640Val),0.0925,0.713,"De Franco et al. 2020 (HUMU, doi:10.1002/humu.23995)",myvariant.info/dbnsfp.alphamissense.score,myvariant.info/dbnsfp.revel.score,p.ala640val,False
ABCC8,p.(Arg657Gln),R,657,Q,HI,LoF,ABCC8:p.(Arg657Gln),0.0682,0.154,"De Franco et al. 2020 (HUMU, doi:10.1002/humu.23995)",myvariant.info/dbnsfp.alphamissense.score,myvariant.info/dbnsfp.revel.score,p.arg657gln,False
ABCC8,p.(Gly684Asp),G,684,D,HI,LoF,ABCC8:p.(Gly684Asp),0.9859,0.9,"De Franco et al. 2020 (HUMU, doi:10.1002/humu.23995)",myvariant.info/dbnsfp.alphamissense.score,myvariant.info/dbnsfp.revel.score,p.gly684asp,False
ABCC8,p.(Phe686Ser),F,686,S,HI,LoF,ABCC8:p.(Phe686Ser),0.9968,0.971,"De Franco et al. 2020 (HUMU, doi:10.1002/humu.23995)",myvariant.info/dbnsfp.alphamissense.score,myvariant.info/dbnsfp.revel.score,p.phe686ser,False
ABCC8,p.(Trp688Arg),W,688,R,PNDM,GoF,ABCC8:p.(Trp688Arg),0.9993,0.944,"De Franco et al. 2020 (HUMU, doi:10.1002/humu.23995)",myvariant.info/dbnsfp.alphamissense.score,myvariant.info/dbnsfp.revel.score,p.trp688arg,False
ABCC8,p.(Leu696Pro),L,696,P,HI,LoF,ABCC8:p.(Leu696Pro),0.9905,0.938,"De Franco et al. 2020 (HUMU, doi:10.1002/humu.23995)",myvariant.info/dbnsfp.alphamissense.score,myvariant.info/dbnsfp.revel.score,p.leu696pro,False
ABCC8,p.(Gly713Arg),G,713,R,HI,LoF,ABCC8:p.(Gly713Arg),0.9988,0.979,"De Franco et al. 2020 (HUMU, doi:10.1002/humu.23995)",myvariant.info/dbnsfp.alphamissense.score,myvariant.info/dbnsfp.revel.score,p.gly713arg,False
ABCC8,p.(Val715Met),V,715,M,HI,LoF,ABCC8:p.(Val715Met),0.9759,0.871,"De Franco et al. 2020 (HUMU, doi:10.1002/humu.23995)",myvariant.info/dbnsfp.alphamissense.score,myvariant.info/dbnsfp.revel.score,p.val715met,False
ABCC8,p.(Val715Ala),V,715,A,HI,LoF,ABCC8:p.(Val715Ala),0.9504,0.945,"De Franco et al. 2020 (HUMU, doi:10.1002/humu.23995)",myvariant.info/dbnsfp.alphamissense.score,myvariant.info/dbnsfp.revel.score,p.val715ala,False
ABCC8,p.(Val715Gly),V,715,G,HI,LoF,ABCC8:p.(Val715Gly),0.9139,0.959,"De Franco et al. 2020 (HUMU, doi:10.1002/humu.23995)",myvariant.info/dbnsfp.alphamissense.score,myvariant.info/dbnsfp.revel.score,p.val715gly,False
ABCC8,p.(Gly716Cys),G,716,C,HI,LoF,ABCC8:p.(Gly716Cys),0.9882,0.995,"De Franco et al. 2020 (HUMU, doi:10.1002/humu.23995)",myvariant.info/dbnsfp.alphamissense.score,myvariant.info/dbnsfp.revel.score,p.gly716cys,False
ABCC8,p.(Gly716Ser),G,716,S,HI,LoF,ABCC8:p.(Gly716Ser),0.9527,0.985,"De Franco et al. 2020 (HUMU, doi:10.1002/humu.23995)",myvariant.info/dbnsfp.alphamissense.score,myvariant.info/dbnsfp.revel.score,p.gly716ser,False
ABCC8,p.(Gly716Asp),G,716,D,HI,LoF,ABCC8:p.(Gly716Asp),0.9978,0.985,"De Franco et al. 2020 (HUMU, doi:10.1002/humu.23995)",myvariant.info/dbnsfp.alphamissense.score,myvariant.info/dbnsfp.revel.score,p.gly716asp,False
ABCC8,p.(Gly716Val),G,716,V,HI,LoF,ABCC8:p.(Gly716Val),0.9917,0.993,"De Franco et al. 2020 (HUMU, doi:10.1002/humu.23995)",myvariant.info/dbnsfp.alphamissense.score,myvariant.info/dbnsfp.revel.score,p.gly716val,False
ABCC8,p.(Lys719Thr),K,719,T,HI,LoF,ABCC8:p.(Lys719Thr),0.9954,0.988,"De Franco et al. 2020 (HUMU, doi:10.1002/humu.23995)",myvariant.info/dbnsfp.alphamissense.score,myvariant.info/dbnsfp.revel.score,p.lys719thr,False
ABCC8,p.(Ser720Phe),S,720,F,HI,LoF,ABCC8:p.(Ser720Phe),0.9982,0.984,"De Franco et al. 2020 (HUMU, doi:10.1002/humu.23995)",myvariant.info/dbnsfp.alphamissense.score,myvariant.info/dbnsfp.revel.score,p.ser720phe,False
ABCC8,p.(Leu724Pro),L,724,P,HI,LoF,ABCC8:p.(Leu724Pro),0.9996,0.921,"De Franco et al. 2020 (HUMU, doi:10.1002/humu.23995)",myvariant.info/dbnsfp.alphamissense.score,myvariant.info/dbnsfp.revel.score,p.leu724pro,False
ABCC8,p.(Leu727Arg),L,727,R,HI,LoF,ABCC8:p.(Leu727Arg),0.9651,0.995,"De Franco et al. 2020 (HUMU, doi:10.1002/humu.23995)",myvariant.info/dbnsfp.alphamissense.score,myvariant.info/dbnsfp.revel.score,p.leu727arg,False
ABCC8,p.(Ile788Asn),I,788,N,HI,LoF,ABCC8:p.(Ile788Asn),0.3536,0.524,"De Franco et al. 2020 (HUMU, doi:10.1002/humu.23995)",myvariant.info/dbnsfp.alphamissense.score,myvariant.info/dbnsfp.revel.score,p.ile788asn,False
ABCC8,p.(Arg798Trp),R,798,W,HI,LoF,ABCC8:p.(Arg798Trp),0.762,0.862,"De Franco et al. 2020 (HUMU, doi:10.1002/humu.23995)",myvariant.info/dbnsfp.alphamissense.score,myvariant.info/dbnsfp.revel.score,p.arg798trp,False
ABCC8,p.(Cys806Tyr),C,806,Y,HI,LoF,ABCC8:p.(Cys806Tyr),0.9985,0.943,"De Franco et al. 2020 (HUMU, doi:10.1002/humu.23995)",myvariant.info/dbnsfp.alphamissense.score,myvariant.info/dbnsfp.revel.score,p.cys806tyr,False
ABCC8,p.(Gln809Lys),Q,809,K,Diabetes,GoF,ABCC8:p.(Gln809Lys),0.2684,0.602,"De Franco et al. 2020 (HUMU, doi:10.1002/humu.23995)",myvariant.info/dbnsfp.alphamissense.score,myvariant.info/dbnsfp.revel.score,p.gln809lys,False
ABCC8,p.(Asp811Val),D,811,V,TNDM,GoF,ABCC8:p.(Asp811Val),0.9948,0.945,"De Franco et al. 2020 (HUMU, doi:10.1002/humu.23995)",myvariant.info/dbnsfp.alphamissense.score,myvariant.info/dbnsfp.revel.score,p.asp811val,False
ABCC8,p.(Asp813Asn),D,813,N,HI,LoF,ABCC8:p.(Asp813Asn),0.4739,0.598,"De Franco et al. 2020 (HUMU, doi:10.1002/humu.23995)",myvariant.info/dbnsfp.alphamissense.score,myvariant.info/dbnsfp.revel.score,p.asp813asn,False
ABCC8,p.(His817Arg),H,817,R,PNDM,GoF,ABCC8:p.(His817Arg),0.248,0.279,"De Franco et al. 2020 (HUMU, doi:10.1002/humu.23995)",myvariant.info/dbnsfp.alphamissense.score,myvariant.info/dbnsfp.revel.score,p.his817arg,False
ABCC8,p.(Glu825Lys),E,825,K,HI,LoF,ABCC8:p.(Glu825Lys),0.2231,0.47,"De Franco et al. 2020 (HUMU, doi:10.1002/humu.23995)",myvariant.info/dbnsfp.alphamissense.score,myvariant.info/dbnsfp.revel.score,p.glu825lys,False
ABCC8,p.(Gly832Cys),G,832,C,TNDM,GoF,ABCC8:p.(Gly832Cys),0.9953,0.997,"De Franco et al. 2020 (HUMU, doi:10.1002/humu.23995)",myvariant.info/dbnsfp.alphamissense.score,myvariant.info/dbnsfp.revel.score,p.gly832cys,False
ABCC8,p.(Gly833Asp),G,833,D,NDM,GoF,ABCC8:p.(Gly833Asp),0.9981,0.975,"De Franco et al. 2020 (HUMU, doi:10.1002/humu.23995)",myvariant.info/dbnsfp.alphamissense.score,myvariant.info/dbnsfp.revel.score,p.gly833asp,False
ABCC8,p.(Val840Glu),V,840,E,HI,LoF,ABCC8:p.(Val840Glu),0.9946,0.884,"De Franco et al. 2020 (HUMU, doi:10.1002/humu.23995)",myvariant.info/dbnsfp.alphamissense.score,myvariant.info/dbnsfp.revel.score,p.val840glu,False
ABCC8,p.(Arg842Gly),R,842,G,HI,LoF,ABCC8:p.(Arg842Gly),0.9936,0.912,"De Franco et al. 2020 (HUMU, doi:10.1002/humu.23995)",myvariant.info/dbnsfp.alphamissense.score,myvariant.info/dbnsfp.revel.score,p.arg842gly,False
ABCC8,p.(Arg842Gln),R,842,Q,HI,LoF,ABCC8:p.(Arg842Gln),0.9602,0.973,"De Franco et al. 2020 (HUMU, doi:10.1002/humu.23995)",myvariant.info/dbnsfp.alphamissense.score,myvariant.info/dbnsfp.revel.score,p.arg842gln,False
ABCC8,p.(Arg842Pro),R,842,P,HI,LoF,ABCC8:p.(Arg842Pro),0.999,0.865,"De Franco et al. 2020 (HUMU, doi:10.1002/humu.23995)",myvariant.info/dbnsfp.alphamissense.score,myvariant.info/dbnsfp.revel.score,p.arg842pro,False
ABCC8,p.(Ala848Thr),A,848,T,HI,LoF,ABCC8:p.(Ala848Thr),0.0652,0.723,"De Franco et al. 2020 (HUMU, doi:10.1002/humu.23995)",myvariant.info/dbnsfp.alphamissense.score,myvariant.info/dbnsfp.revel.score,p.ala848thr,False
ABCC8,p.(Asp855Glu),D,855,E,HI,LoF,ABCC8:p.(Asp855Glu),0.9929,0.897,"De Franco et al. 2020 (HUMU, doi:10.1002/humu.23995)",myvariant.info/dbnsfp.alphamissense.score,myvariant.info/dbnsfp.revel.score,p.asp855glu,False
ABCC8,p.(Asp861His),D,861,H,HI,LoF,ABCC8:p.(Asp861His),0.9985,0.883,"De Franco et al. 2020 (HUMU, doi:10.1002/humu.23995)",myvariant.info/dbnsfp.alphamissense.score,myvariant.info/dbnsfp.revel.score,p.asp861his,False
ABCC8,p.(His863Tyr),H,863,Y,"NDM,",GoF,ABCC8:p.(His863Tyr),0.8045,0.783,"De Franco et al. 2020 (HUMU, doi:10.1002/humu.23995)",myvariant.info/dbnsfp.alphamissense.score,myvariant.info/dbnsfp.revel.score,p.his863tyr,False
ABCC8,p.(Thr888Pro),T,888,P,HI,LoF,ABCC8:p.(Thr888Pro),0.9797,0.979,"De Franco et al. 2020 (HUMU, doi:10.1002/humu.23995)",myvariant.info/dbnsfp.alphamissense.score,myvariant.info/dbnsfp.revel.score,p.thr888pro,False
ABCC8,p.(Lys890Thr),K,890,T,HI,LoF,ABCC8:p.(Lys890Thr),0.9339,0.763,"De Franco et al. 2020 (HUMU, doi:10.1002/humu.23995)",myvariant.info/dbnsfp.alphamissense.score,myvariant.info/dbnsfp.revel.score,p.lys890thr,False
ABCC8,p.(Leu891Pro),L,891,P,HI,LoF,ABCC8:p.(Leu891Pro),0.9831,0.813,"De Franco et al. 2020 (HUMU, doi:10.1002/humu.23995)",myvariant.info/dbnsfp.alphamissense.score,myvariant.info/dbnsfp.revel.score,p.leu891pro,False
ABCC8,p.(Asp898Val),D,898,V,HI,LoF,ABCC8:p.(Asp898Val),0.9563,0.964,"De Franco et al. 2020 (HUMU, doi:10.1002/humu.23995)",myvariant.info/dbnsfp.alphamissense.score,myvariant.info/dbnsfp.revel.score,p.asp898val,False
ABCC8,p.(Ile901Phe),I,901,F,HI,LoF,ABCC8:p.(Ile901Phe),0.6714,0.805,"De Franco et al. 2020 (HUMU, doi:10.1002/humu.23995)",myvariant.info/dbnsfp.alphamissense.score,myvariant.info/dbnsfp.revel.score,p.ile901phe,False
ABCC8,p.(Ile901Thr),I,901,T,HI,LoF,ABCC8:p.(Ile901Thr),0.9097,0.848,"De Franco et al. 2020 (HUMU, doi:10.1002/humu.23995)",myvariant.info/dbnsfp.alphamissense.score,myvariant.info/dbnsfp.revel.score,p.ile901thr,False
ABCC8,p.(Gly912Arg),G,912,R,HI,LoF,ABCC8:p.(Gly912Arg),0.9923,0.951,"De Franco et al. 2020 (HUMU, doi:10.1002/humu.23995)",myvariant.info/dbnsfp.alphamissense.score,myvariant.info/dbnsfp.revel.score,p.gly912arg,False
ABCC8,p.(Ser957Phe),S,957,F,HI,LoF,ABCC8:p.(Ser957Phe),0.1087,0.551,"De Franco et al. 2020 (HUMU, doi:10.1002/humu.23995)",myvariant.info/dbnsfp.alphamissense.score,myvariant.info/dbnsfp.revel.score,p.ser957phe,False
ABCC8,p.(Glu974Gly),E,974,G,HI,LoF,ABCC8:p.(Glu974Gly),0.1242,0.377,"De Franco et al. 2020 (HUMU, doi:10.1002/humu.23995)",myvariant.info/dbnsfp.alphamissense.score,myvariant.info/dbnsfp.revel.score,p.glu974gly,False
ABCC8,p.(Arg993Cys),R,993,C,TNDM,GoF,ABCC8:p.(Arg993Cys),0.3868,0.693,"De Franco et al. 2020 (HUMU, doi:10.1002/humu.23995)",myvariant.info/dbnsfp.alphamissense.score,myvariant.info/dbnsfp.revel.score,p.arg993cys,False
ABCC8,p.(His1024Arg),H,1024,R,Transmemb PNDM,GoF,ABCC8:p.(His1024Arg),0.9574,0.809,"De Franco et al. 2020 (HUMU, doi:10.1002/humu.23995)",myvariant.info/dbnsfp.alphamissense.score,myvariant.info/dbnsfp.revel.score,p.his1024arg,False
ABCC8,p.(Asp1031Asn),D,1031,N,Extracellula HI,LoF,ABCC8:p.(Asp1031Asn),0.8604,0.821,"De Franco et al. 2020 (HUMU, doi:10.1002/humu.23995)",myvariant.info/dbnsfp.alphamissense.score,myvariant.info/dbnsfp.revel.score,p.asp1031asn,False
ABCC8,p.(His1098Arg),H,1098,R,HI,LoF,ABCC8:p.(His1098Arg),0.9022,0.869,"De Franco et al. 2020 (HUMU, doi:10.1002/humu.23995)",myvariant.info/dbnsfp.alphamissense.score,myvariant.info/dbnsfp.revel.score,p.his1098arg,False
ABCC8,p.(Thr1131Pro),T,1131,P,HI,LoF,ABCC8:p.(Thr1131Pro),0.8746,0.863,"De Franco et al. 2020 (HUMU, doi:10.1002/humu.23995)",myvariant.info/dbnsfp.alphamissense.score,myvariant.info/dbnsfp.revel.score,p.thr1131pro,False
ABCC8,p.(Gln1134Arg),Q,1134,R,HI,LoF,ABCC8:p.(Gln1134Arg),0.5902,0.701,"De Franco et al. 2020 (HUMU, doi:10.1002/humu.23995)",myvariant.info/dbnsfp.alphamissense.score,myvariant.info/dbnsfp.revel.score,p.gln1134arg,False
ABCC8,p.(Gln1134His),Q,1134,H,HI,LoF,ABCC8:p.(Gln1134His),0.8523,0.787,"De Franco et al. 2020 (HUMU, doi:10.1002/humu.23995)",myvariant.info/dbnsfp.alphamissense.score,myvariant.info/dbnsfp.revel.score,p.gln1134his,False
ABCC8,p.(Glu1141Gly),E,1141,G,Transmemb TNDM,GoF,ABCC8:p.(Glu1141Gly),0.8396,0.751,"De Franco et al. 2020 (HUMU, doi:10.1002/humu.23995)",myvariant.info/dbnsfp.alphamissense.score,myvariant.info/dbnsfp.revel.score,p.glu1141gly,False
ABCC8,p.(Leu1148Arg),L,1148,R,Transmemb HI,LoF,ABCC8:p.(Leu1148Arg),0.9031,0.699,"De Franco et al. 2020 (HUMU, doi:10.1002/humu.23995)",myvariant.info/dbnsfp.alphamissense.score,myvariant.info/dbnsfp.revel.score,p.leu1148arg,False
ABCC8,p.(Ala1153Thr),A,1153,T,Transmemb HI,LoF,ABCC8:p.(Ala1153Thr),0.601,0.83,"De Franco et al. 2020 (HUMU, doi:10.1002/humu.23995)",myvariant.info/dbnsfp.alphamissense.score,myvariant.info/dbnsfp.revel.score,p.ala1153thr,False
ABCC8,p.(Ala1153Val),A,1153,V,Transmemb HI,LoF,ABCC8:p.(Ala1153Val),0.4923,0.712,"De Franco et al. 2020 (HUMU, doi:10.1002/humu.23995)",myvariant.info/dbnsfp.alphamissense.score,myvariant.info/dbnsfp.revel.score,p.ala1153val,False
ABCC8,p.(Ala1153Gly),A,1153,G,Transmemb NDM,GoF,ABCC8:p.(Ala1153Gly),0.5083,0.726,"De Franco et al. 2020 (HUMU, doi:10.1002/humu.23995)",myvariant.info/dbnsfp.alphamissense.score,myvariant.info/dbnsfp.revel.score,p.ala1153gly,False
ABCC8,p.(Pro1162Arg),P,1162,R,Transmemb HI,LoF,ABCC8:p.(Pro1162Arg),0.5787,0.898,"De Franco et al. 2020 (HUMU, doi:10.1002/humu.23995)",myvariant.info/dbnsfp.alphamissense.score,myvariant.info/dbnsfp.revel.score,p.pro1162arg,False
ABCC8,p.(Phe1164Leu),F,1164,L,Transmemb DEND,GoF,ABCC8:p.(Phe1164Leu),0.9716,0.883,"De Franco et al. 2020 (HUMU, doi:10.1002/humu.23995)",myvariant.info/dbnsfp.alphamissense.score,myvariant.info/dbnsfp.revel.score,p.phe1164leu,False
ABCC8,p.(Cys1175Phe),C,1175,F,Transmemb HI,LoF,ABCC8:p.(Cys1175Phe),0.34,0.392,"De Franco et al. 2020 (HUMU, doi:10.1002/humu.23995)",myvariant.info/dbnsfp.alphamissense.score,myvariant.info/dbnsfp.revel.score,p.cys1175phe,False
ABCC8,p.(Tyr1176Cys),Y,1176,C,Transmemb TNDM,GoF,ABCC8:p.(Tyr1176Cys),0.2018,0.957,"De Franco et al. 2020 (HUMU, doi:10.1002/humu.23995)",myvariant.info/dbnsfp.alphamissense.score,myvariant.info/dbnsfp.revel.score,p.tyr1176cys,False
ABCC8,p.(Phe1177Leu),F,1177,L,Transmemb TNDM,GoF,ABCC8:p.(Phe1177Leu),0.8243,0.743,"De Franco et al. 2020 (HUMU, doi:10.1002/humu.23995)",myvariant.info/dbnsfp.alphamissense.score,myvariant.info/dbnsfp.revel.score,p.phe1177leu,False
ABCC8,p.(Gln1179Arg),Q,1179,R,Transmemb PNDM,GoF,ABCC8:p.(Gln1179Arg),0.8249,0.778,"De Franco et al. 2020 (HUMU, doi:10.1002/humu.23995)",myvariant.info/dbnsfp.alphamissense.score,myvariant.info/dbnsfp.revel.score,p.gln1179arg,False
ABCC8,p.(Phe1182Ser),F,1182,S,TNDM,GoF,ABCC8:p.(Phe1182Ser),0.9852,0.94,"De Franco et al. 2020 (HUMU, doi:10.1002/humu.23995)",myvariant.info/dbnsfp.alphamissense.score,myvariant.info/dbnsfp.revel.score,p.phe1182ser,False
ABCC8,p.(Phe1182Leu),F,1182,L,TNDM,GoF,ABCC8:p.(Phe1182Leu),0.997,0.876,"De Franco et al. 2020 (HUMU, doi:10.1002/humu.23995)",myvariant.info/dbnsfp.alphamissense.score,myvariant.info/dbnsfp.revel.score,p.phe1182leu,False
ABCC8,p.(Ala1185Glu),A,1185,E,HI,LoF,ABCC8:p.(Ala1185Glu),0.9724,0.787,"De Franco et al. 2020 (HUMU, doi:10.1002/humu.23995)",myvariant.info/dbnsfp.alphamissense.score,myvariant.info/dbnsfp.revel.score,p.ala1185glu,False
ABCC8,p.(Ala1185Val),A,1185,V,HI,LoF,ABCC8:p.(Ala1185Val),0.4951,0.905,"De Franco et al. 2020 (HUMU, doi:10.1002/humu.23995)",myvariant.info/dbnsfp.alphamissense.score,myvariant.info/dbnsfp.revel.score,p.ala1185val,False
ABCC8,p.(Ser1186Ala),S,1186,A,HI,LoF,ABCC8:p.(Ser1186Ala),0.23,0.758,"De Franco et al. 2020 (HUMU, doi:10.1002/humu.23995)",myvariant.info/dbnsfp.alphamissense.score,myvariant.info/dbnsfp.revel.score,p.ser1186ala,False
ABCC8,p.(Arg1187Trp),R,1187,W,HI,LoF,ABCC8:p.(Arg1187Trp),0.3962,0.832,"De Franco et al. 2020 (HUMU, doi:10.1002/humu.23995)",myvariant.info/dbnsfp.alphamissense.score,myvariant.info/dbnsfp.revel.score,p.arg1187trp,False
ABCC8,p.(Arg1187Gly),R,1187,G,HI,LoF,ABCC8:p.(Arg1187Gly),0.4431,0.907,"De Franco et al. 2020 (HUMU, doi:10.1002/humu.23995)",myvariant.info/dbnsfp.alphamissense.score,myvariant.info/dbnsfp.revel.score,p.arg1187gly,False
ABCC8,p.(Asp1194Val),D,1194,V,HI,LoF,ABCC8:p.(Asp1194Val),0.7119,0.937,"De Franco et al. 2020 (HUMU, doi:10.1002/humu.23995)",myvariant.info/dbnsfp.alphamissense.score,myvariant.info/dbnsfp.revel.score,p.asp1194val,False
ABCC8,p.(Pro1199Ser),P,1199,S,TNDM,GoF,ABCC8:p.(Pro1199Ser),0.691,0.858,"De Franco et al. 2020 (HUMU, doi:10.1002/humu.23995)",myvariant.info/dbnsfp.alphamissense.score,myvariant.info/dbnsfp.revel.score,p.pro1199ser,False
ABCC8,p.(Pro1199Gln),P,1199,Q,TNDM,GoF,ABCC8:p.(Pro1199Gln),0.6945,0.864,"De Franco et al. 2020 (HUMU, doi:10.1002/humu.23995)",myvariant.info/dbnsfp.alphamissense.score,myvariant.info/dbnsfp.revel.score,p.pro1199gln,False
ABCC8,p.(Pro1199Leu),P,1199,L,PNDM,GoF,ABCC8:p.(Pro1199Leu),0.4832,0.917,"De Franco et al. 2020 (HUMU, doi:10.1002/humu.23995)",myvariant.info/dbnsfp.alphamissense.score,myvariant.info/dbnsfp.revel.score,p.pro1199leu,False
ABCC8,p.(Arg1215Gln),R,1215,Q,HI,LoF,ABCC8:p.(Arg1215Gln),0.4933,0.97,"De Franco et al. 2020 (HUMU, doi:10.1002/humu.23995)",myvariant.info/dbnsfp.alphamissense.score,myvariant.info/dbnsfp.revel.score,p.arg1215gln,False
ABCC8,p.(Arg1218Lys),R,1218,K,HI,LoF,ABCC8:p.(Arg1218Lys),0.1422,0.805,"De Franco et al. 2020 (HUMU, doi:10.1002/humu.23995)",myvariant.info/dbnsfp.alphamissense.score,myvariant.info/dbnsfp.revel.score,p.arg1218lys,False
ABCC8,p.(Asn1245Asp),N,1245,D,Later-,GoF,ABCC8:p.(Asn1245Asp),0.9147,0.851,"De Franco et al. 2020 (HUMU, doi:10.1002/humu.23995)",myvariant.info/dbnsfp.alphamissense.score,myvariant.info/dbnsfp.revel.score,p.asn1245asp,False
ABCC8,p.(Arg1246Gly),R,1246,G,HI,LoF,ABCC8:p.(Arg1246Gly),0.9836,0.892,"De Franco et al. 2020 (HUMU, doi:10.1002/humu.23995)",myvariant.info/dbnsfp.alphamissense.score,myvariant.info/dbnsfp.revel.score,p.arg1246gly,False
ABCC8,p.(Trp1247Arg),W,1247,R,HI,LoF,ABCC8:p.(Trp1247Arg),0.9991,0.97,"De Franco et al. 2020 (HUMU, doi:10.1002/humu.23995)",myvariant.info/dbnsfp.alphamissense.score,myvariant.info/dbnsfp.revel.score,p.trp1247arg,False
ABCC8,p.(Val1250Phe),V,1250,F,HI,LoF,ABCC8:p.(Val1250Phe),0.803,0.911,"De Franco et al. 2020 (HUMU, doi:10.1002/humu.23995)",myvariant.info/dbnsfp.alphamissense.score,myvariant.info/dbnsfp.revel.score,p.val1250phe,False
ABCC8,p.(Gly1256Ser),G,1256,S,Transmemb PNDM,GoF,ABCC8:p.(Gly1256Ser),0.5891,0.874,"De Franco et al. 2020 (HUMU, doi:10.1002/humu.23995)",myvariant.info/dbnsfp.alphamissense.score,myvariant.info/dbnsfp.revel.score,p.gly1256ser,False
ABCC8,p.(Ala1263Thr),A,1263,T,Transmemb HI,LoF,ABCC8:p.(Ala1263Thr),0.2726,0.807,"De Franco et al. 2020 (HUMU, doi:10.1002/humu.23995)",myvariant.info/dbnsfp.alphamissense.score,myvariant.info/dbnsfp.revel.score,p.ala1263thr,False
ABCC8,p.(Ala1264Glu),A,1264,E,Transmemb PNDM,GoF,ABCC8:p.(Ala1264Glu),0.9956,0.953,"De Franco et al. 2020 (HUMU, doi:10.1002/humu.23995)",myvariant.info/dbnsfp.alphamissense.score,myvariant.info/dbnsfp.revel.score,p.ala1264glu,False
ABCC8,p.(Ala1264Val),A,1264,V,Transmemb TNDM,GoF,ABCC8:p.(Ala1264Val),0.7516,0.725,"De Franco et al. 2020 (HUMU, doi:10.1002/humu.23995)",myvariant.info/dbnsfp.alphamissense.score,myvariant.info/dbnsfp.revel.score,p.ala1264val,False
ABCC8,p.(Ser1267Phe),S,1267,F,Transmemb NDM,GoF,ABCC8:p.(Ser1267Phe),0.6569,0.874,"De Franco et al. 2020 (HUMU, doi:10.1002/humu.23995)",myvariant.info/dbnsfp.alphamissense.score,myvariant.info/dbnsfp.revel.score,p.ser1267phe,False
ABCC8,p.(Leu1276Pro),L,1276,P,Extracellula Later-,LoF,ABCC8:p.(Leu1276Pro),0.3414,0.934,"De Franco et al. 2020 (HUMU, doi:10.1002/humu.23995)",myvariant.info/dbnsfp.alphamissense.score,myvariant.info/dbnsfp.revel.score,p.leu1276pro,False
ABCC8,p.(Met1290Val),M,1290,V,Transmemb PNDM,GoF,ABCC8:p.(Met1290Val),0.3764,0.59,"De Franco et al. 2020 (HUMU, doi:10.1002/humu.23995)",myvariant.info/dbnsfp.alphamissense.score,myvariant.info/dbnsfp.revel.score,p.met1290val,False
ABCC8,p.(Met1290Ile),M,1290,I,Transmemb HI,LoF,ABCC8:p.(Met1290Ile),0.9093,0.439,"De Franco et al. 2020 (HUMU, doi:10.1002/humu.23995)",myvariant.info/dbnsfp.alphamissense.score,myvariant.info/dbnsfp.revel.score,p.met1290ile,False
ABCC8,p.(Leu1295Phe),L,1295,F,Transmemb PNDM,GoF,ABCC8:p.(Leu1295Phe),0.3851,0.861,"De Franco et al. 2020 (HUMU, doi:10.1002/humu.23995)",myvariant.info/dbnsfp.alphamissense.score,myvariant.info/dbnsfp.revel.score,p.leu1295phe,False
ABCC8,p.(Asn1296Lys),N,1296,K,Transmemb HI,LoF,ABCC8:p.(Asn1296Lys),0.9907,0.907,"De Franco et al. 2020 (HUMU, doi:10.1002/humu.23995)",myvariant.info/dbnsfp.alphamissense.score,myvariant.info/dbnsfp.revel.score,p.asn1296lys,False
ABCC8,p.(Glu1324Lys),E,1324,K,HI,LoF,ABCC8:p.(Glu1324Lys),0.8465,0.859,"De Franco et al. 2020 (HUMU, doi:10.1002/humu.23995)",myvariant.info/dbnsfp.alphamissense.score,myvariant.info/dbnsfp.revel.score,p.glu1324lys,False
ABCC8,p.(Lys1337Asn),K,1337,N,HI,LoF,ABCC8:p.(Lys1337Asn),0.1709,0.204,"De Franco et al. 2020 (HUMU, doi:10.1002/humu.23995)",myvariant.info/dbnsfp.alphamissense.score,myvariant.info/dbnsfp.revel.score,p.lys1337asn,False
ABCC8,p.(Trp1339Arg),W,1339,R,HI,LoF,ABCC8:p.(Trp1339Arg),0.9989,0.903,"De Franco et al. 2020 (HUMU, doi:10.1002/humu.23995)",myvariant.info/dbnsfp.alphamissense.score,myvariant.info/dbnsfp.revel.score,p.trp1339arg,False
ABCC8,p.(Gly1343Glu),G,1343,E,HI,LoF,ABCC8:p.(Gly1343Glu),0.9883,0.927,"De Franco et al. 2020 (HUMU, doi:10.1002/humu.23995)",myvariant.info/dbnsfp.alphamissense.score,myvariant.info/dbnsfp.revel.score,p.gly1343glu,False
ABCC8,p.(Ile1347Phe),I,1347,F,HI,LoF,ABCC8:p.(Ile1347Phe),0.4105,0.498,"De Franco et al. 2020 (HUMU, doi:10.1002/humu.23995)",myvariant.info/dbnsfp.alphamissense.score,myvariant.info/dbnsfp.revel.score,p.ile1347phe,False
ABCC8,p.(Leu1350Gln),L,1350,Q,HI,LoF,ABCC8:p.(Leu1350Gln),0.9737,0.956,"De Franco et al. 2020 (HUMU, doi:10.1002/humu.23995)",myvariant.info/dbnsfp.alphamissense.score,myvariant.info/dbnsfp.revel.score,p.leu1350gln,False
ABCC8,p.(Arg1353Pro),R,1353,P,HI,LoF,ABCC8:p.(Arg1353Pro),0.9978,0.95,"De Franco et al. 2020 (HUMU, doi:10.1002/humu.23995)",myvariant.info/dbnsfp.alphamissense.score,myvariant.info/dbnsfp.revel.score,p.arg1353pro,False
ABCC8,p.(Tyr1354Asn),Y,1354,N,HI,LoF,ABCC8:p.(Tyr1354Asn),0.9751,0.975,"De Franco et al. 2020 (HUMU, doi:10.1002/humu.23995)",myvariant.info/dbnsfp.alphamissense.score,myvariant.info/dbnsfp.revel.score,p.tyr1354asn,False
ABCC8,p.(Pro1360Leu),P,1360,L,HI,LoF,ABCC8:p.(Pro1360Leu),0.559,0.68,"De Franco et al. 2020 (HUMU, doi:10.1002/humu.23995)",myvariant.info/dbnsfp.alphamissense.score,myvariant.info/dbnsfp.revel.score,p.pro1360leu,False
ABCC8,p.(Val1361Met),V,1361,M,HI,LoF,ABCC8:p.(Val1361Met),0.8419,0.873,"De Franco et al. 2020 (HUMU, doi:10.1002/humu.23995)",myvariant.info/dbnsfp.alphamissense.score,myvariant.info/dbnsfp.revel.score,p.val1361met,False
ABCC8,p.(His1364Gln),H,1364,Q,HI,LoF,ABCC8:p.(His1364Gln),0.1744,0.578,"De Franco et al. 2020 (HUMU, doi:10.1002/humu.23995)",myvariant.info/dbnsfp.alphamissense.score,myvariant.info/dbnsfp.revel.score,p.his1364gln,False
ABCC8,p.(Ala1367Thr),A,1367,T,Later-,GoF,ABCC8:p.(Ala1367Thr),0.1168,0.619,"De Franco et al. 2020 (HUMU, doi:10.1002/humu.23995)",myvariant.info/dbnsfp.alphamissense.score,myvariant.info/dbnsfp.revel.score,p.ala1367thr,False
ABCC8,p.(Ala1367Asp),A,1367,D,HI,LoF,ABCC8:p.(Ala1367Asp),0.9021,0.77,"De Franco et al. 2020 (HUMU, doi:10.1002/humu.23995)",myvariant.info/dbnsfp.alphamissense.score,myvariant.info/dbnsfp.revel.score,p.ala1367asp,False
ABCC8,p.(Gly1376Arg),G,1376,R,HI,LoF,ABCC8:p.(Gly1376Arg),0.9934,0.948,"De Franco et al. 2020 (HUMU, doi:10.1002/humu.23995)",myvariant.info/dbnsfp.alphamissense.score,myvariant.info/dbnsfp.revel.score,p.gly1376arg,False
ABCC8,p.(Gly1379Arg),G,1379,R,HI,LoF,ABCC8:p.(Gly1379Arg),0.9959,0.951,"De Franco et al. 2020 (HUMU, doi:10.1002/humu.23995)",myvariant.info/dbnsfp.alphamissense.score,myvariant.info/dbnsfp.revel.score,p.gly1379arg,False
ABCC8,p.(Gly1379Ser),G,1379,S,HI,LoF,ABCC8:p.(Gly1379Ser),0.9583,0.945,"De Franco et al. 2020 (HUMU, doi:10.1002/humu.23995)",myvariant.info/dbnsfp.alphamissense.score,myvariant.info/dbnsfp.revel.score,p.gly1379ser,False
ABCC8,p.(Arg1380Ser),R,1380,S,NDM,GoF,ABCC8:p.(Arg1380Ser),0.9889,0.975,"De Franco et al. 2020 (HUMU, doi:10.1002/humu.23995)",myvariant.info/dbnsfp.alphamissense.score,myvariant.info/dbnsfp.revel.score,p.arg1380ser,False
ABCC8,p.(Arg1380Pro),R,1380,P,NDM,GoF,ABCC8:p.(Arg1380Pro),0.9744,0.966,"De Franco et al. 2020 (HUMU, doi:10.1002/humu.23995)",myvariant.info/dbnsfp.alphamissense.score,myvariant.info/dbnsfp.revel.score,p.arg1380pro,False
ABCC8,p.(Thr1381Asn),T,1381,N,TNDM,GoF,ABCC8:p.(Thr1381Asn),0.9826,0.721,"De Franco et al. 2020 (HUMU, doi:10.1002/humu.23995)",myvariant.info/dbnsfp.alphamissense.score,myvariant.info/dbnsfp.revel.score,p.thr1381asn,False
ABCC8,p.(Gly1382Ser),G,1382,S,HI,LoF,ABCC8:p.(Gly1382Ser),0.9365,0.954,"De Franco et al. 2020 (HUMU, doi:10.1002/humu.23995)",myvariant.info/dbnsfp.alphamissense.score,myvariant.info/dbnsfp.revel.score,p.gly1382ser,False
ABCC8,p.(Gly1384Arg),G,1384,R,HI,LoF,ABCC8:p.(Gly1384Arg),0.9936,0.98,"De Franco et al. 2020 (HUMU, doi:10.1002/humu.23995)",myvariant.info/dbnsfp.alphamissense.score,myvariant.info/dbnsfp.revel.score,p.gly1384arg,False
ABCC8,p.(Gly1384Glu),G,1384,E,HI,LoF,ABCC8:p.(Gly1384Glu),0.9988,0.992,"De Franco et al. 2020 (HUMU, doi:10.1002/humu.23995)",myvariant.info/dbnsfp.alphamissense.score,myvariant.info/dbnsfp.revel.score,p.gly1384glu,False
ABCC8,p.(Lys1385Gln),K,1385,Q,HI,LoF,ABCC8:p.(Lys1385Gln),0.9956,0.983,"De Franco et al. 2020 (HUMU, doi:10.1002/humu.23995)",myvariant.info/dbnsfp.alphamissense.score,myvariant.info/dbnsfp.revel.score,p.lys1385gln,False
ABCC8,p.(Ser1387Phe),S,1387,F,HI,LoF,ABCC8:p.(Ser1387Phe),0.9037,0.766,"De Franco et al. 2020 (HUMU, doi:10.1002/humu.23995)",myvariant.info/dbnsfp.alphamissense.score,myvariant.info/dbnsfp.revel.score,p.ser1387phe,False
ABCC8,p.(Ser1387Tyr),S,1387,Y,HI,LoF,ABCC8:p.(Ser1387Tyr),0.9565,0.827,"De Franco et al. 2020 (HUMU, doi:10.1002/humu.23995)",myvariant.info/dbnsfp.alphamissense.score,myvariant.info/dbnsfp.revel.score,p.ser1387tyr,False
ABCC8,p.(Ser1389Tyr),S,1389,Y,HI,LoF,ABCC8:p.(Ser1389Tyr),0.9565,0.827,"De Franco et al. 2020 (HUMU, doi:10.1002/humu.23995)",myvariant.info/dbnsfp.alphamissense.score,myvariant.info/dbnsfp.revel.score,p.ser1389tyr,False
ABCC8,p.(Leu1390Pro),L,1390,P,HI,LoF,ABCC8:p.(Leu1390Pro),0.9979,0.945,"De Franco et al. 2020 (HUMU, doi:10.1002/humu.23995)",myvariant.info/dbnsfp.alphamissense.score,myvariant.info/dbnsfp.revel.score,p.leu1390pro,False
ABCC8,p.(Leu1390Arg),L,1390,R,HI,LoF,ABCC8:p.(Leu1390Arg),0.9322,0.917,"De Franco et al. 2020 (HUMU, doi:10.1002/humu.23995)",myvariant.info/dbnsfp.alphamissense.score,myvariant.info/dbnsfp.revel.score,p.leu1390arg,False
ABCC8,p.(Phe1393Ile),F,1393,I,HI,LoF,ABCC8:p.(Phe1393Ile),0.9719,0.965,"De Franco et al. 2020 (HUMU, doi:10.1002/humu.23995)",myvariant.info/dbnsfp.alphamissense.score,myvariant.info/dbnsfp.revel.score,p.phe1393ile,False
ABCC8,p.(Phe1393Val),F,1393,V,TNDM,GoF,ABCC8:p.(Phe1393Val),0.9611,0.954,"De Franco et al. 2020 (HUMU, doi:10.1002/humu.23995)",myvariant.info/dbnsfp.alphamissense.score,myvariant.info/dbnsfp.revel.score,p.phe1393val,False
ABCC8,p.(Phe1393Leu),F,1393,L,HI,LoF,ABCC8:p.(Phe1393Leu),0.9768,0.944,"De Franco et al. 2020 (HUMU, doi:10.1002/humu.23995)",myvariant.info/dbnsfp.alphamissense.score,myvariant.info/dbnsfp.revel.score,p.phe1393leu,False
ABCC8,p.(Arg1394His),R,1394,H,HI,LoF,ABCC8:p.(Arg1394His),0.3529,0.877,"De Franco et al. 2020 (HUMU, doi:10.1002/humu.23995)",myvariant.info/dbnsfp.alphamissense.score,myvariant.info/dbnsfp.revel.score,p.arg1394his,False
ABCC8,p.(Arg1394Leu),R,1394,L,HI,LoF,ABCC8:p.(Arg1394Leu),0.9359,0.868,"De Franco et al. 2020 (HUMU, doi:10.1002/humu.23995)",myvariant.info/dbnsfp.alphamissense.score,myvariant.info/dbnsfp.revel.score,p.arg1394leu,False
ABCC8,p.(Met1395Arg),M,1395,R,HI,LoF,ABCC8:p.(Met1395Arg),0.9848,0.952,"De Franco et al. 2020 (HUMU, doi:10.1002/humu.23995)",myvariant.info/dbnsfp.alphamissense.score,myvariant.info/dbnsfp.revel.score,p.met1395arg,False
ABCC8,p.(Asp1397Tyr),D,1397,Y,HI,LoF,ABCC8:p.(Asp1397Tyr),0.6454,0.869,"De Franco et al. 2020 (HUMU, doi:10.1002/humu.23995)",myvariant.info/dbnsfp.alphamissense.score,myvariant.info/dbnsfp.revel.score,p.asp1397tyr,False
ABCC8,p.(Gly1401Arg),G,1401,R,HI,LoF,ABCC8:p.(Gly1401Arg),0.9964,0.991,"De Franco et al. 2020 (HUMU, doi:10.1002/humu.23995)",myvariant.info/dbnsfp.alphamissense.score,myvariant.info/dbnsfp.revel.score,p.gly1401arg,False
ABCC8,p.(Gly1401Trp),G,1401,W,HI,LoF,ABCC8:p.(Gly1401Trp),0.9963,0.987,"De Franco et al. 2020 (HUMU, doi:10.1002/humu.23995)",myvariant.info/dbnsfp.alphamissense.score,myvariant.info/dbnsfp.revel.score,p.gly1401trp,False
ABCC8,p.(Ile1404Met),I,1404,M,HI,LoF,ABCC8:p.(Ile1404Met),0.4542,0.706,"De Franco et al. 2020 (HUMU, doi:10.1002/humu.23995)",myvariant.info/dbnsfp.alphamissense.score,myvariant.info/dbnsfp.revel.score,p.ile1404met,False
ABCC8,p.(Ile1405Thr),I,1405,T,HI,LoF,ABCC8:p.(Ile1405Thr),0.9153,0.993,"De Franco et al. 2020 (HUMU, doi:10.1002/humu.23995)",myvariant.info/dbnsfp.alphamissense.score,myvariant.info/dbnsfp.revel.score,p.ile1405thr,False
ABCC8,p.(Asp1406His),D,1406,H,HI,LoF,ABCC8:p.(Asp1406His),0.9953,0.95,"De Franco et al. 2020 (HUMU, doi:10.1002/humu.23995)",myvariant.info/dbnsfp.alphamissense.score,myvariant.info/dbnsfp.revel.score,p.asp1406his,False
ABCC8,p.(Ile1410Phe),I,1410,F,HI,LoF,ABCC8:p.(Ile1410Phe),0.798,0.991,"De Franco et al. 2020 (HUMU, doi:10.1002/humu.23995)",myvariant.info/dbnsfp.alphamissense.score,myvariant.info/dbnsfp.revel.score,p.ile1410phe,False
ABCC8,p.(Pro1414Leu),P,1414,L,HI,LoF,ABCC8:p.(Pro1414Leu),0.8396,0.846,"De Franco et al. 2020 (HUMU, doi:10.1002/humu.23995)",myvariant.info/dbnsfp.alphamissense.score,myvariant.info/dbnsfp.revel.score,p.pro1414leu,False
ABCC8,p.(Arg1419His),R,1419,H,HI,LoF,ABCC8:p.(Arg1419His),0.9564,0.964,"De Franco et al. 2020 (HUMU, doi:10.1002/humu.23995)",myvariant.info/dbnsfp.alphamissense.score,myvariant.info/dbnsfp.revel.score,p.arg1419his,False
ABCC8,p.(Arg1419Leu),R,1419,L,HI,LoF,ABCC8:p.(Arg1419Leu),0.9834,0.992,"De Franco et al. 2020 (HUMU, doi:10.1002/humu.23995)",myvariant.info/dbnsfp.alphamissense.score,myvariant.info/dbnsfp.revel.score,p.arg1419leu,False
ABCC8,p.(Arg1421Cys),R,1421,C,HI,LoF,ABCC8:p.(Arg1421Cys),0.3061,0.913,"De Franco et al. 2020 (HUMU, doi:10.1002/humu.23995)",myvariant.info/dbnsfp.alphamissense.score,myvariant.info/dbnsfp.revel.score,p.arg1421cys,False
ABCC8,p.(Arg1421His),R,1421,H,HI,LoF,ABCC8:p.(Arg1421His),0.226,0.854,"De Franco et al. 2020 (HUMU, doi:10.1002/humu.23995)",myvariant.info/dbnsfp.alphamissense.score,myvariant.info/dbnsfp.revel.score,p.arg1421his,False
ABCC8,p.(Ser1423Pro),S,1423,P,HI,LoF,ABCC8:p.(Ser1423Pro),0.9905,0.97,"De Franco et al. 2020 (HUMU, doi:10.1002/humu.23995)",myvariant.info/dbnsfp.alphamissense.score,myvariant.info/dbnsfp.revel.score,p.ser1423pro,False
ABCC8,p.(Ser1423Cys),S,1423,C,NDM,GoF,ABCC8:p.(Ser1423Cys),0.4782,0.907,"De Franco et al. 2020 (HUMU, doi:10.1002/humu.23995)",myvariant.info/dbnsfp.alphamissense.score,myvariant.info/dbnsfp.revel.score,p.ser1423cys,False
ABCC8,p.(Ile1425Leu),I,1425,L,HI,LoF,ABCC8:p.(Ile1425Leu),0.0929,0.357,"De Franco et al. 2020 (HUMU, doi:10.1002/humu.23995)",myvariant.info/dbnsfp.alphamissense.score,myvariant.info/dbnsfp.revel.score,p.ile1425leu,False
ABCC8,p.(Val1430Ala),V,1430,A,HI,LoF,ABCC8:p.(Val1430Ala),0.606,0.608,"De Franco et al. 2020 (HUMU, doi:10.1002/humu.23995)",myvariant.info/dbnsfp.alphamissense.score,myvariant.info/dbnsfp.revel.score,p.val1430ala,False
ABCC8,p.(Leu1431Phe),L,1431,F,HI,LoF,ABCC8:p.(Leu1431Phe),0.8694,0.841,"De Franco et al. 2020 (HUMU, doi:10.1002/humu.23995)",myvariant.info/dbnsfp.alphamissense.score,myvariant.info/dbnsfp.revel.score,p.leu1431phe,False
ABCC8,p.(Gly1434Ser),G,1434,S,HI,LoF,ABCC8:p.(Gly1434Ser),0.518,0.967,"De Franco et al. 2020 (HUMU, doi:10.1002/humu.23995)",myvariant.info/dbnsfp.alphamissense.score,myvariant.info/dbnsfp.revel.score,p.gly1434ser,False
ABCC8,p.(Ile1436Ser),I,1436,S,HI,LoF,ABCC8:p.(Ile1436Ser),0.9879,0.91,"De Franco et al. 2020 (HUMU, doi:10.1002/humu.23995)",myvariant.info/dbnsfp.alphamissense.score,myvariant.info/dbnsfp.revel.score,p.ile1436ser,False
ABCC8,p.(Arg1437Gly),R,1437,G,HI,LoF,ABCC8:p.(Arg1437Gly),0.9341,0.89,"De Franco et al. 2020 (HUMU, doi:10.1002/humu.23995)",myvariant.info/dbnsfp.alphamissense.score,myvariant.info/dbnsfp.revel.score,p.arg1437gly,False
ABCC8,p.(Arg1437Gln),R,1437,Q,HI,LoF,ABCC8:p.(Arg1437Gln),0.5674,0.976,"De Franco et al. 2020 (HUMU, doi:10.1002/humu.23995)",myvariant.info/dbnsfp.alphamissense.score,myvariant.info/dbnsfp.revel.score,p.arg1437gln,False
ABCC8,p.(Leu1451Arg),L,1451,R,HI,LoF,ABCC8:p.(Leu1451Arg),0.9769,0.978,"De Franco et al. 2020 (HUMU, doi:10.1002/humu.23995)",myvariant.info/dbnsfp.alphamissense.score,myvariant.info/dbnsfp.revel.score,p.leu1451arg,False
ABCC8,p.(Leu1451Pro),L,1451,P,HI,LoF,ABCC8:p.(Leu1451Pro),0.9968,0.979,"De Franco et al. 2020 (HUMU, doi:10.1002/humu.23995)",myvariant.info/dbnsfp.alphamissense.score,myvariant.info/dbnsfp.revel.score,p.leu1451pro,False
ABCC8,p.(Trp1452Cys),W,1452,C,HI,LoF,ABCC8:p.(Trp1452Cys),0.9822,0.941,"De Franco et al. 2020 (HUMU, doi:10.1002/humu.23995)",myvariant.info/dbnsfp.alphamissense.score,myvariant.info/dbnsfp.revel.score,p.trp1452cys,False
ABCC8,p.(Glu1453Asp),E,1453,D,HI,LoF,ABCC8:p.(Glu1453Asp),0.3412,0.669,"De Franco et al. 2020 (HUMU, doi:10.1002/humu.23995)",myvariant.info/dbnsfp.alphamissense.score,myvariant.info/dbnsfp.revel.score,p.glu1453asp,False
ABCC8,p.(Leu1455Arg),L,1455,R,HI,LoF,ABCC8:p.(Leu1455Arg),0.6968,0.941,"De Franco et al. 2020 (HUMU, doi:10.1002/humu.23995)",myvariant.info/dbnsfp.alphamissense.score,myvariant.info/dbnsfp.revel.score,p.leu1455arg,False
ABCC8,p.(Ala1458Thr),A,1458,T,HI,LoF,ABCC8:p.(Ala1458Thr),0.7615,0.952,"De Franco et al. 2020 (HUMU, doi:10.1002/humu.23995)",myvariant.info/dbnsfp.alphamissense.score,myvariant.info/dbnsfp.revel.score,p.ala1458thr,False
ABCC8,p.(Ala1458Val),A,1458,V,HI,LoF,ABCC8:p.(Ala1458Val),0.8181,0.747,"De Franco et al. 2020 (HUMU, doi:10.1002/humu.23995)",myvariant.info/dbnsfp.alphamissense.score,myvariant.info/dbnsfp.revel.score,p.ala1458val,False
ABCC8,p.(Gln1459Glu),Q,1459,E,HI,LoF,ABCC8:p.(Gln1459Glu),0.3235,0.822,"De Franco et al. 2020 (HUMU, doi:10.1002/humu.23995)",myvariant.info/dbnsfp.alphamissense.score,myvariant.info/dbnsfp.revel.score,p.gln1459glu,False
ABCC8,p.(Gln1459His),Q,1459,H,HI,LoF,ABCC8:p.(Gln1459His),0.8652,0.65,"De Franco et al. 2020 (HUMU, doi:10.1002/humu.23995)",myvariant.info/dbnsfp.alphamissense.score,myvariant.info/dbnsfp.revel.score,p.gln1459his,False
ABCC8,p.(Leu1460Arg),L,1460,R,HI,LoF,ABCC8:p.(Leu1460Arg),0.1128,0.325,"De Franco et al. 2020 (HUMU, doi:10.1002/humu.23995)",myvariant.info/dbnsfp.alphamissense.score,myvariant.info/dbnsfp.revel.score,p.leu1460arg,False
ABCC8,p.(Gly1470Val),G,1470,V,HI,LoF,ABCC8:p.(Gly1470Val),0.6979,0.942,"De Franco et al. 2020 (HUMU, doi:10.1002/humu.23995)",myvariant.info/dbnsfp.alphamissense.score,myvariant.info/dbnsfp.revel.score,p.gly1470val,False
ABCC8,p.(Asp1472Asn),D,1472,N,HI,LoF,ABCC8:p.(Asp1472Asn),0.1487,0.596,"De Franco et al. 2020 (HUMU, doi:10.1002/humu.23995)",myvariant.info/dbnsfp.alphamissense.score,myvariant.info/dbnsfp.revel.score,p.asp1472asn,False
ABCC8,p.(Asp1472His),D,1472,H,HI,LoF,ABCC8:p.(Asp1472His),0.5207,0.849,"De Franco et al. 2020 (HUMU, doi:10.1002/humu.23995)",myvariant.info/dbnsfp.alphamissense.score,myvariant.info/dbnsfp.revel.score,p.asp1472his,False
ABCC8,p.(Gly1479Glu),G,1479,E,HI,LoF,ABCC8:p.(Gly1479Glu),0.9937,0.915,"De Franco et al. 2020 (HUMU, doi:10.1002/humu.23995)",myvariant.info/dbnsfp.alphamissense.score,myvariant.info/dbnsfp.revel.score,p.gly1479glu,False
ABCC8,p.(Gly1479Ala),G,1479,A,HI,LoF,ABCC8:p.(Gly1479Ala),0.9221,0.891,"De Franco et al. 2020 (HUMU, doi:10.1002/humu.23995)",myvariant.info/dbnsfp.alphamissense.score,myvariant.info/dbnsfp.revel.score,p.gly1479ala,False
ABCC8,p.(Asn1481Ile),N,1481,I,HI,LoF,ABCC8:p.(Asn1481Ile),0.9545,0.861,"De Franco et al. 2020 (HUMU, doi:10.1002/humu.23995)",myvariant.info/dbnsfp.alphamissense.score,myvariant.info/dbnsfp.revel.score,p.asn1481ile,False
ABCC8,p.(Gly1485Arg),G,1485,R,HI,LoF,ABCC8:p.(Gly1485Arg),0.9976,0.992,"De Franco et al. 2020 (HUMU, doi:10.1002/humu.23995)",myvariant.info/dbnsfp.alphamissense.score,myvariant.info/dbnsfp.revel.score,p.gly1485arg,False
ABCC8,p.(Gly1485Val),G,1485,V,HI,LoF,ABCC8:p.(Gly1485Val),0.9863,0.991,"De Franco et al. 2020 (HUMU, doi:10.1002/humu.23995)",myvariant.info/dbnsfp.alphamissense.score,myvariant.info/dbnsfp.revel.score,p.gly1485val,False
ABCC8,p.(Gly1485Glu),G,1485,E,HI,LoF,ABCC8:p.(Gly1485Glu),0.9927,0.996,"De Franco et al. 2020 (HUMU, doi:10.1002/humu.23995)",myvariant.info/dbnsfp.alphamissense.score,myvariant.info/dbnsfp.revel.score,p.gly1485glu,False
ABCC8,p.(Arg1487Lys),R,1487,K,HI,LoF,ABCC8:p.(Arg1487Lys),0.5742,0.916,"De Franco et al. 2020 (HUMU, doi:10.1002/humu.23995)",myvariant.info/dbnsfp.alphamissense.score,myvariant.info/dbnsfp.revel.score,p.arg1487lys,False
ABCC8,p.(Gln1488Arg),Q,1488,R,HI,LoF,ABCC8:p.(Gln1488Arg),0.9877,0.957,"De Franco et al. 2020 (HUMU, doi:10.1002/humu.23995)",myvariant.info/dbnsfp.alphamissense.score,myvariant.info/dbnsfp.revel.score,p.gln1488arg,False
ABCC8,p.(Phe1490Ser),F,1490,S,HI,LoF,ABCC8:p.(Phe1490Ser),0.9929,0.924,"De Franco et al. 2020 (HUMU, doi:10.1002/humu.23995)",myvariant.info/dbnsfp.alphamissense.score,myvariant.info/dbnsfp.revel.score,p.phe1490ser,False
ABCC8,p.(Ala1493Thr),A,1493,T,HI,LoF,ABCC8:p.(Ala1493Thr),0.9162,0.965,"De Franco et al. 2020 (HUMU, doi:10.1002/humu.23995)",myvariant.info/dbnsfp.alphamissense.score,myvariant.info/dbnsfp.revel.score,p.ala1493thr,False
ABCC8,p.(Ser1501Arg),S,1501,R,TNDM,GoF,ABCC8:p.(Ser1501Arg),0.7671,0.435,"De Franco et al. 2020 (HUMU, doi:10.1002/humu.23995)",myvariant.info/dbnsfp.alphamissense.score,myvariant.info/dbnsfp.revel.score,p.ser1501arg,False
ABCC8,p.(Met1505Thr),M,1505,T,Later-,GoF,ABCC8:p.(Met1505Thr),0.9632,0.967,"De Franco et al. 2020 (HUMU, doi:10.1002/humu.23995)",myvariant.info/dbnsfp.alphamissense.score,myvariant.info/dbnsfp.revel.score,p.met1505thr,False
ABCC8,p.(Asp1506Asn),D,1506,N,HI,LoF,ABCC8:p.(Asp1506Asn),0.9927,0.95,"De Franco et al. 2020 (HUMU, doi:10.1002/humu.23995)",myvariant.info/dbnsfp.alphamissense.score,myvariant.info/dbnsfp.revel.score,p.asp1506asn,False
ABCC8,p.(Asp1506His),D,1506,H,HI,LoF,ABCC8:p.(Asp1506His),0.9989,0.996,"De Franco et al. 2020 (HUMU, doi:10.1002/humu.23995)",myvariant.info/dbnsfp.alphamissense.score,myvariant.info/dbnsfp.revel.score,p.asp1506his,False
ABCC8,p.(Asp1506Glu),D,1506,E,HI,LoF,ABCC8:p.(Asp1506Glu),0.9973,0.767,"De Franco et al. 2020 (HUMU, doi:10.1002/humu.23995)",myvariant.info/dbnsfp.alphamissense.score,myvariant.info/dbnsfp.revel.score,p.asp1506glu,False
ABCC8,p.(Glu1507Gln),E,1507,Q,TNDM,GoF,ABCC8:p.(Glu1507Gln),0.9974,0.936,"De Franco et al. 2020 (HUMU, doi:10.1002/humu.23995)",myvariant.info/dbnsfp.alphamissense.score,myvariant.info/dbnsfp.revel.score,p.glu1507gln,False
ABCC8,p.(Glu1507Gly),E,1507,G,TNDM,GoF,ABCC8:p.(Glu1507Gly),0.9985,0.971,"De Franco et al. 2020 (HUMU, doi:10.1002/humu.23995)",myvariant.info/dbnsfp.alphamissense.score,myvariant.info/dbnsfp.revel.score,p.glu1507gly,False
ABCC8,p.(Glu1507Asp),E,1507,D,TNDM,GoF,ABCC8:p.(Glu1507Asp),0.9986,0.855,"De Franco et al. 2020 (HUMU, doi:10.1002/humu.23995)",myvariant.info/dbnsfp.alphamissense.score,myvariant.info/dbnsfp.revel.score,p.glu1507asp,False
ABCC8,p.(Ala1508Pro),A,1508,P,HI,LoF,ABCC8:p.(Ala1508Pro),0.9961,0.942,"De Franco et al. 2020 (HUMU, doi:10.1002/humu.23995)",myvariant.info/dbnsfp.alphamissense.score,myvariant.info/dbnsfp.revel.score,p.ala1508pro,False
ABCC8,p.(Ile1512Ser),I,1512,S,HI,LoF,ABCC8:p.(Ile1512Ser),0.9619,0.965,"De Franco et al. 2020 (HUMU, doi:10.1002/humu.23995)",myvariant.info/dbnsfp.alphamissense.score,myvariant.info/dbnsfp.revel.score,p.ile1512ser,False
ABCC8,p.(Met1514Lys),M,1514,K,HI,LoF,ABCC8:p.(Met1514Lys),0.8309,0.676,"De Franco et al. 2020 (HUMU, doi:10.1002/humu.23995)",myvariant.info/dbnsfp.alphamissense.score,myvariant.info/dbnsfp.revel.score,p.met1514lys,False
ABCC8,p.(Thr1516Ala),T,1516,A,HI,LoF,ABCC8:p.(Thr1516Ala),0.8286,0.958,"De Franco et al. 2020 (HUMU, doi:10.1002/humu.23995)",myvariant.info/dbnsfp.alphamissense.score,myvariant.info/dbnsfp.revel.score,p.thr1516ala,False
ABCC8,p.(Thr1516Met),T,1516,M,HI,LoF,ABCC8:p.(Thr1516Met),0.7594,0.886,"De Franco et al. 2020 (HUMU, doi:10.1002/humu.23995)",myvariant.info/dbnsfp.alphamissense.score,myvariant.info/dbnsfp.revel.score,p.thr1516met,False
ABCC8,p.(Glu1517Lys),E,1517,K,HI,LoF,ABCC8:p.(Glu1517Lys),0.9747,0.847,"De Franco et al. 2020 (HUMU, doi:10.1002/humu.23995)",myvariant.info/dbnsfp.alphamissense.score,myvariant.info/dbnsfp.revel.score,p.glu1517lys,False
ABCC8,p.(Leu1520Pro),L,1520,P,HI,LoF,ABCC8:p.(Leu1520Pro),0.9987,0.91,"De Franco et al. 2020 (HUMU, doi:10.1002/humu.23995)",myvariant.info/dbnsfp.alphamissense.score,myvariant.info/dbnsfp.revel.score,p.leu1520pro,False
ABCC8,p.(Val1523Met),V,1523,M,"TNDM,",GoF,ABCC8:p.(Val1523Met),0.8498,0.638,"De Franco et al. 2020 (HUMU, doi:10.1002/humu.23995)",myvariant.info/dbnsfp.alphamissense.score,myvariant.info/dbnsfp.revel.score,p.val1523met,False
ABCC8,p.(Val1523Leu),V,1523,L,PNDM,GoF,ABCC8:p.(Val1523Leu),0.9646,0.613,"De Franco et al. 2020 (HUMU, doi:10.1002/humu.23995)",myvariant.info/dbnsfp.alphamissense.score,myvariant.info/dbnsfp.revel.score,p.val1523leu,False
ABCC8,p.(Val1523Ala),V,1523,A,PNDM,GoF,ABCC8:p.(Val1523Ala),0.7924,0.719,"De Franco et al. 2020 (HUMU, doi:10.1002/humu.23995)",myvariant.info/dbnsfp.alphamissense.score,myvariant.info/dbnsfp.revel.score,p.val1523ala,False
ABCC8,p.(Val1524Met),V,1524,M,TNDM,GoF,ABCC8:p.(Val1524Met),0.6756,0.761,"De Franco et al. 2020 (HUMU, doi:10.1002/humu.23995)",myvariant.info/dbnsfp.alphamissense.score,myvariant.info/dbnsfp.revel.score,p.val1524met,False
ABCC8,p.(Thr1532Ala),T,1532,A,HI,LoF,ABCC8:p.(Thr1532Ala),0.9511,0.896,"De Franco et al. 2020 (HUMU, doi:10.1002/humu.23995)",myvariant.info/dbnsfp.alphamissense.score,myvariant.info/dbnsfp.revel.score,p.thr1532ala,False
ABCC8,p.(Thr1535Pro),T,1535,P,HI,LoF,ABCC8:p.(Thr1535Pro),0.9146,0.893,"De Franco et al. 2020 (HUMU, doi:10.1002/humu.23995)",myvariant.info/dbnsfp.alphamissense.score,myvariant.info/dbnsfp.revel.score,p.thr1535pro,False
ABCC8,p.(Ala1537Pro),A,1537,P,PNDM,GoF,ABCC8:p.(Ala1537Pro),0.9949,0.963,"De Franco et al. 2020 (HUMU, doi:10.1002/humu.23995)",myvariant.info/dbnsfp.alphamissense.score,myvariant.info/dbnsfp.revel.score,p.ala1537pro,False
ABCC8,p.(Ala1537Val),A,1537,V,HI,LoF,ABCC8:p.(Ala1537Val),0.9705,0.951,"De Franco et al. 2020 (HUMU, doi:10.1002/humu.23995)",myvariant.info/dbnsfp.alphamissense.score,myvariant.info/dbnsfp.revel.score,p.ala1537val,False
ABCC8,p.(Val1540Met),V,1540,M,TNDM,GoF,ABCC8:p.(Val1540Met),0.7391,0.643,"De Franco et al. 2020 (HUMU, doi:10.1002/humu.23995)",myvariant.info/dbnsfp.alphamissense.score,myvariant.info/dbnsfp.revel.score,p.val1540met,False
ABCC8,p.(Val1551Asp),V,1551,D,HI,LoF,ABCC8:p.(Val1551Asp),0.9943,0.973,"De Franco et al. 2020 (HUMU, doi:10.1002/humu.23995)",myvariant.info/dbnsfp.alphamissense.score,myvariant.info/dbnsfp.revel.score,p.val1551asp,False
ABCC8,p.(Leu1552Val),L,1552,V,HI,LoF,ABCC8:p.(Leu1552Val),0.3644,0.729,"De Franco et al. 2020 (HUMU, doi:10.1002/humu.23995)",myvariant.info/dbnsfp.alphamissense.score,myvariant.info/dbnsfp.revel.score,p.leu1552val,False
ABCC8,p.(Arg1554Gln),R,1554,Q,PNDM,GoF,ABCC8:p.(Arg1554Gln),0.1287,0.195,"De Franco et al. 2020 (HUMU, doi:10.1002/humu.23995)",myvariant.info/dbnsfp.alphamissense.score,myvariant.info/dbnsfp.revel.score,p.arg1554gln,False
ABCC8,p.(Gly1555Ser),G,1555,S,HI,LoF,ABCC8:p.(Gly1555Ser),0.8461,0.976,"De Franco et al. 2020 (HUMU, doi:10.1002/humu.23995)",myvariant.info/dbnsfp.alphamissense.score,myvariant.info/dbnsfp.revel.score,p.gly1555ser,False
ABCC8,p.(Gly1555Asp),G,1555,D,HI,LoF,ABCC8:p.(Gly1555Asp),0.987,0.976,"De Franco et al. 2020 (HUMU, doi:10.1002/humu.23995)",myvariant.info/dbnsfp.alphamissense.score,myvariant.info/dbnsfp.revel.score,p.gly1555asp,False
ABCC8,p.(Gly1555Val),G,1555,V,HI,LoF,ABCC8:p.(Gly1555Val),0.9886,0.975,"De Franco et al. 2020 (HUMU, doi:10.1002/humu.23995)",myvariant.info/dbnsfp.alphamissense.score,myvariant.info/dbnsfp.revel.score,p.gly1555val,False
ABCC8,p.(Pro1563Thr),P,1563,T,HI,LoF,ABCC8:p.(Pro1563Thr),0.6422,0.963,"De Franco et al. 2020 (HUMU, doi:10.1002/humu.23995)",myvariant.info/dbnsfp.alphamissense.score,myvariant.info/dbnsfp.revel.score,p.pro1563thr,False
ABCC8,p.(Pro1563Ala),P,1563,A,HI,LoF,ABCC8:p.(Pro1563Ala),0.4175,0.838,"De Franco et al. 2020 (HUMU, doi:10.1002/humu.23995)",myvariant.info/dbnsfp.alphamissense.score,myvariant.info/dbnsfp.revel.score,p.pro1563ala,False
ABCC8,p.(Ser1572Arg),S,1572,R,HI,LoF,ABCC8:p.(Ser1572Arg),0.9774,0.626,"De Franco et al. 2020 (HUMU, doi:10.1002/humu.23995)",myvariant.info/dbnsfp.alphamissense.score,myvariant.info/dbnsfp.revel.score,p.ser1572arg,False
ABCC8,p.(Ala1575Pro),A,1575,P,HI,LoF,ABCC8:p.(Ala1575Pro),0.9035,0.72,"De Franco et al. 2020 (HUMU, doi:10.1002/humu.23995)",myvariant.info/dbnsfp.alphamissense.score,myvariant.info/dbnsfp.revel.score,p.ala1575pro,False
