gene,hgvs_p,mechanism,revel_score,is_synthetic,is_anchor,phenotype
KCNJ11,p.(Leu2Pro),GoF,0.866,False,False,
KCNJ11,p.(Ser3Cys),GoF,0.658,False,False,
KCNJ11,p.(Arg4Cys),GoF,0.776,False,False,
KCNJ11,p.(Leu17Pro),GoF,0.649,False,False,
KCNJ11,p.(Arg27Cys),LoF,0.495,False,False,
KCNJ11,p.(Arg27His),GoF,0.15,False,False,
KCNJ11,p.(Ala28Val),LoF,0.237,False,False,
KCNJ11,p.(Arg34Cys),LoF,0.941,False,False,
KCNJ11,p.(Arg34His),LoF,0.965,False,False,
KCNJ11,p.(Phe35Val),GoF,0.836,False,False,
KCNJ11,p.(Phe35Leu),GoF,0.755,False,False,
KCNJ11,p.(Lys38Glu),LoF,0.935,False,False,
KCNJ11,p.(Lys39Arg),GoF,0.409,False,False,
KCNJ11,p.(Gly40Ser),LoF,0.992,False,False,
KCNJ11,p.(Gly40Asp),LoF,0.988,False,False,
KCNJ11,p.(Gly40Ala),LoF,0.956,False,False,
KCNJ11,p.(Cys42Arg),GoF,0.881,False,False,
KCNJ11,p.(His46Tyr),GoF,0.845,False,False,
KCNJ11,p.(His46Arg),GoF,0.927,False,False,
KCNJ11,p.(His46Leu),GoF,0.876,False,False,
KCNJ11,p.(Asn48Asp),GoF,0.907,False,False,
KCNJ11,p.(Asn48Ile),GoF,0.955,False,False,
KCNJ11,p.(Ile49Phe),GoF,0.905,False,False,
KCNJ11,p.(Ile49Asn),LoF,0.951,False,False,
KCNJ11,p.(Arg50Gly),GoF,0.855,False,False,
KCNJ11,p.(Arg50Gln),GoF,0.831,False,False,
KCNJ11,p.(Arg50Pro),GoF,0.887,False,False,
KCNJ11,p.(Glu51Ala),GoF,0.907,False,False,
KCNJ11,p.(Glu51Gly),GoF,0.885,False,False,
KCNJ11,p.(Gln52Arg),GoF,0.811,False,False,
KCNJ11,p.(Gln52Leu),GoF,0.86,False,False,
KCNJ11,p.(Gly53Ser),GoF,0.794,False,False,
KCNJ11,p.(Gly53Arg),GoF,0.817,False,False,
KCNJ11,p.(Gly53Asp),GoF,0.841,False,False,
KCNJ11,p.(Gly53Val),GoF,0.811,False,False,
KCNJ11,p.(Arg54Cys),LoF,0.931,False,False,
KCNJ11,p.(Arg54His),LoF,0.961,False,False,
KCNJ11,p.(Phe55Leu),LoF,0.937,False,False,
KCNJ11,p.(Val59Met),GoF,0.766,False,False,
KCNJ11,p.(Val59Ala),GoF,0.934,False,False,
KCNJ11,p.(Val59Gly),GoF,0.939,False,False,
KCNJ11,p.(Phe60Tyr),GoF,0.865,False,False,
KCNJ11,p.(Thr62Met),LoF,0.952,False,False,
KCNJ11,p.(Val64Met),GoF,0.951,False,False,
KCNJ11,p.(Val64Gly),LoF,0.979,False,False,
KCNJ11,p.(Lys67Asn),LoF,0.815,False,False,
KCNJ11,p.(Trp68Arg),GoF,0.956,False,False,
KCNJ11,p.(Trp68Gly),GoF,0.987,False,False,
KCNJ11,p.(Trp68Leu),GoF,0.98,False,False,
KCNJ11,p.(Trp68Cys),GoF,0.992,False,False,
KCNJ11,p.(Thr71Ile),LoF,0.881,False,False,
KCNJ11,p.(Trp91Arg),LoF,0.953,False,False,
KCNJ11,p.(Ala96Thr),LoF,0.647,False,False,
KCNJ11,p.(Gly98Ser),LoF,0.982,False,False,
KCNJ11,p.(Asp99Asn),LoF,0.881,False,False,
KCNJ11,p.(Asp99Tyr),LoF,0.981,False,False,
KCNJ11,p.(Ala101Asp),LoF,0.467,False,False,
KCNJ11,p.(Ser116Pro),LoF,0.93,False,False,
KCNJ11,p.(Glu126Lys),LoF,0.988,False,False,
KCNJ11,p.(Val129Met),GoF,0.836,False,False,
KCNJ11,p.(Gly132Asp),LoF,0.981,False,False,
KCNJ11,p.(Gly134Ala),LoF,0.976,False,False,
KCNJ11,p.(Arg136Cys),LoF,0.985,False,False,
KCNJ11,p.(Arg136Ser),LoF,0.981,False,False,
KCNJ11,p.(Arg136His),LoF,0.984,False,False,
KCNJ11,p.(Arg136Leu),LoF,0.984,False,False,
KCNJ11,p.(Val138Glu),LoF,0.922,False,False,
KCNJ11,p.(Leu147Pro),LoF,0.879,False,False,
KCNJ11,p.(Gly156Arg),LoF,0.373,False,False,
KCNJ11,p.(Leu157Phe),LoF,0.801,False,False,
KCNJ11,p.(Ala161Thr),GoF,0.942,False,False,
KCNJ11,p.(Ala161Val),LoF,0.911,False,False,
KCNJ11,p.(Leu164Phe),LoF,0.864,False,False,
KCNJ11,p.(Leu164Pro),GoF,0.973,False,False,
KCNJ11,p.(Cys166Tyr),GoF,0.954,False,False,
KCNJ11,p.(Cys166Phe),GoF,0.944,False,False,
KCNJ11,p.(Cys166Trp),GoF,0.886,False,False,
KCNJ11,p.(Ile167Leu),GoF,0.828,False,False,
KCNJ11,p.(Ile167Phe),GoF,0.979,False,False,
KCNJ11,p.(Met169Thr),GoF,0.874,False,False,
KCNJ11,p.(Lys170Thr),GoF,0.99,False,False,
KCNJ11,p.(Lys170Arg),GoF,0.946,False,False,
KCNJ11,p.(Lys170Asn),GoF,0.886,False,False,
KCNJ11,p.(Ala172Val),LoF,0.831,False,False,
KCNJ11,p.(Ala174Gly),GoF,0.864,False,False,
KCNJ11,p.(Ala174Val),LoF,0.858,False,False,
KCNJ11,p.(Arg176His),LoF,0.852,False,False,
KCNJ11,p.(Arg177Trp),LoF,0.982,False,False,
KCNJ11,p.(Glu179Lys),GoF,0.91,False,False,
KCNJ11,p.(Glu179Ala),GoF,0.945,False,False,
KCNJ11,p.(Ile182Val),GoF,0.786,False,False,
KCNJ11,p.(Ile182Thr),GoF,0.846,False,False,
KCNJ11,p.(Lys185Gln),GoF,0.739,False,False,
KCNJ11,p.(Lys185Thr),GoF,0.782,False,False,
KCNJ11,p.(His186Asp),GoF,0.841,False,False,
KCNJ11,p.(Ala187Val),LoF,0.932,False,False,
KCNJ11,p.(Arg192His),GoF,0.944,False,False,
KCNJ11,p.(Arg201Ser),GoF,0.969,False,False,
KCNJ11,p.(Arg201Gly),GoF,0.971,False,False,
KCNJ11,p.(Arg201Cys),GoF,0.977,False,False,
KCNJ11,p.(Arg201His),GoF,0.982,False,False,
KCNJ11,p.(Arg201Leu),GoF,0.986,False,False,
KCNJ11,p.(Arg201Pro),LoF,0.986,False,False,
KCNJ11,p.(Asp204Glu),LoF,0.948,False,False,
KCNJ11,p.(Arg206Cys),LoF,0.981,False,False,
KCNJ11,p.(Arg206Leu),LoF,0.975,False,False,
KCNJ11,p.(Arg206His),LoF,0.981,False,False,
KCNJ11,p.(Ser208Thr),LoF,0.897,False,False,
KCNJ11,p.(Met209Ile),LoF,0.973,False,False,
KCNJ11,p.(Ala213Thr),LoF,0.954,False,False,
KCNJ11,p.(Arg221His),LoF,0.726,False,False,
KCNJ11,p.(Thr223Pro),GoF,0.878,False,False,
KCNJ11,p.(Glu227Lys),GoF,0.972,False,False,
KCNJ11,p.(Gly228Ala),GoF,0.987,False,False,
KCNJ11,p.(Glu229Lys),GoF,0.981,False,False,
KCNJ11,p.(Leu233Phe),GoF,0.752,False,False,
KCNJ11,p.(Gln235Glu),LoF,0.941,False,False,
KCNJ11,p.(Val252Met),GoF,0.918,False,False,
KCNJ11,p.(Val252Leu),GoF,0.704,False,False,
KCNJ11,p.(Val252Ala),GoF,0.954,False,False,
KCNJ11,p.(Val252Gly),GoF,0.97,False,False,
KCNJ11,p.(Ala253Asp),LoF,0.772,False,False,
KCNJ11,p.(Pro254Leu),LoF,0.971,False,False,
KCNJ11,p.(Pro254Gln),GoF,0.961,False,False,
KCNJ11,p.(His259Arg),LoF,0.993,False,False,
KCNJ11,p.(His259Gln),LoF,0.914,False,False,
KCNJ11,p.(Pro266Leu),LoF,0.979,False,False,
KCNJ11,p.(Leu270Met),LoF,0.427,False,False,
KCNJ11,p.(Glu282Lys),LoF,0.961,False,False,
KCNJ11,p.(Val285Ile),GoF,0.56,False,False,
KCNJ11,p.(Glu288Lys),LoF,0.939,False,False,
KCNJ11,p.(Val290Met),LoF,0.712,False,False,
KCNJ11,p.(Glu292Lys),LoF,0.973,False,False,
KCNJ11,p.(Glu292Gly),GoF,0.975,False,False,
KCNJ11,p.(Thr293Asn),GoF,0.832,False,False,
KCNJ11,p.(Thr294Met),LoF,0.958,False,False,
KCNJ11,p.(Gly295Ser),LoF,0.872,False,False,
KCNJ11,p.(Ile296Leu),GoF,0.834,False,False,
KCNJ11,p.(Gln299Arg),LoF,0.986,False,False,
KCNJ11,p.(Gln299His),LoF,0.923,False,False,
KCNJ11,p.(Arg301Gly),LoF,0.946,False,False,
KCNJ11,p.(Arg301His),LoF,0.972,False,False,
KCNJ11,p.(Arg301Pro),LoF,0.984,False,False,
KCNJ11,p.(Gly312Cys),LoF,0.996,False,False,
KCNJ11,p.(Phe315Ile),LoF,0.982,False,False,
KCNJ11,p.(Glu322Lys),GoF,0.911,False,False,
KCNJ11,p.(Glu322Ala),GoF,0.921,False,False,
KCNJ11,p.(Gly324Arg),GoF,0.91,False,False,
KCNJ11,p.(Val328Met),GoF,0.936,False,False,
KCNJ11,p.(Tyr330Asn),GoF,0.929,False,False,
KCNJ11,p.(Tyr330His),GoF,0.926,False,False,
KCNJ11,p.(Tyr330Ser),GoF,0.981,False,False,
KCNJ11,p.(Tyr330Cys),GoF,0.981,False,False,
KCNJ11,p.(Ser331Pro),GoF,0.949,False,False,
KCNJ11,p.(Phe333Ile),GoF,0.976,False,False,
KCNJ11,p.(Phe333Ser),LoF,0.976,False,False,
KCNJ11,p.(Phe333Leu),GoF,0.964,False,False,
KCNJ11,p.(Gly334Ser),GoF,0.689,False,False,
KCNJ11,p.(Gly334Arg),GoF,0.854,False,False,
KCNJ11,p.(Gly334Cys),GoF,0.958,False,False,
KCNJ11,p.(Gly334Asp),GoF,0.787,False,False,
KCNJ11,p.(Gly334Val),GoF,0.973,False,False,
KCNJ11,p.(Val339Gly),LoF,0.968,False,False,
KCNJ11,p.(Pro340His),LoF,0.644,False,False,
KCNJ11,p.(Asp352His),GoF,0.56,False,False,
KCNJ11,p.(Arg365Cys),LoF,0.493,False,False,
ABCC8,p.(Ala4Val),LoF,0.707,False,False,
ABCC8,p.(Cys6Gly),LoF,0.93,False,False,
ABCC8,p.(Gly7Arg),LoF,0.954,False,False,
ABCC8,p.(Gly7Cys),LoF,0.9,False,False,
ABCC8,p.(Arg16Pro),LoF,0.501,False,False,
ABCC8,p.(Val17Ala),LoF,0.52,False,False,
ABCC8,p.(Val21Asp),LoF,0.863,False,False,
ABCC8,p.(Asn24Lys),LoF,0.857,False,False,
ABCC8,p.(Cys26Trp),LoF,0.879,False,False,
ABCC8,p.(Phe27Ser),LoF,0.959,False,False,
ABCC8,p.(Asp29Gly),LoF,0.902,False,False,
ABCC8,p.(Ala30Thr),LoF,0.627,False,False,
ABCC8,p.(Ala30Val),GoF,0.663,False,False,
ABCC8,p.(Leu31Pro),LoF,0.919,False,False,
ABCC8,p.(Asn32Lys),LoF,0.654,False,False,
ABCC8,p.(His36Tyr),LoF,0.745,False,False,
ABCC8,p.(His36Arg),LoF,0.857,False,False,
ABCC8,p.(Leu40Arg),LoF,0.947,False,False,
ABCC8,p.(Pro45Leu),GoF,0.824,False,False,
ABCC8,p.(Ile46Thr),LoF,0.794,False,False,
ABCC8,p.(Ile49Phe),GoF,0.81,False,False,
ABCC8,p.(His59Pro),LoF,0.734,False,False,
ABCC8,p.(Ile60Asn),LoF,0.933,False,False,
ABCC8,p.(Gly70Arg),LoF,0.884,False,False,
ABCC8,p.(Gly70Glu),LoF,0.928,False,False,
ABCC8,p.(Asn72Ser),GoF,0.608,False,False,
ABCC8,p.(Asn72Lys),LoF,0.637,False,False,
ABCC8,p.(Arg74Trp),LoF,0.976,False,False,
ABCC8,p.(Arg74Gln),LoF,0.903,False,False,
ABCC8,p.(Arg74Leu),LoF,0.939,False,False,
ABCC8,p.(Met80Arg),LoF,0.561,False,False,
ABCC8,p.(Val84Ile),GoF,0.546,False,False,
ABCC8,p.(Val86Ala),GoF,0.794,False,False,
ABCC8,p.(Val86Gly),GoF,0.97,False,False,
ABCC8,p.(Ile89Met),LoF,0.713,False,False,
ABCC8,p.(Ala90Val),GoF,0.823,False,False,
ABCC8,p.(Gly92Ser),LoF,0.887,False,False,
ABCC8,p.(Gly92Asp),LoF,0.98,False,False,
ABCC8,p.(Ile93Thr),GoF,0.67,False,False,
ABCC8,p.(His105Pro),LoF,0.894,False,False,
ABCC8,p.(Gly111Arg),LoF,0.654,False,False,
ABCC8,p.(Ala113Val),LoF,0.746,False,False,
ABCC8,p.(Met115Val),LoF,0.706,False,False,
ABCC8,p.(Ala116Pro),LoF,0.898,False,False,
ABCC8,p.(Glu128Lys),LoF,0.89,False,False,
ABCC8,p.(Asn131Thr),LoF,0.92,False,False,
ABCC8,p.(Asn131Lys),GoF,0.631,False,False,
ABCC8,p.(Phe132Leu),GoF,0.82,False,False,
ABCC8,p.(Phe132Val),GoF,0.808,False,False,
ABCC8,p.(Pro133Arg),LoF,0.75,False,False,
ABCC8,p.(Leu135Val),LoF,0.689,False,False,
ABCC8,p.(Leu135Pro),GoF,0.97,False,False,
ABCC8,p.(Ile148Thr),LoF,0.729,False,False,
ABCC8,p.(Arg168Cys),LoF,0.96,False,False,
ABCC8,p.(Phe169Val),GoF,0.688,False,False,
ABCC8,p.(Leu171Phe),LoF,0.499,False,False,
ABCC8,p.(Leu171Pro),LoF,0.903,False,False,
ABCC8,p.(Gly173Arg),LoF,0.691,False,False,
ABCC8,p.(Leu175Gln),LoF,0.762,False,False,
ABCC8,p.(Tyr179Cys),LoF,0.925,False,False,
ABCC8,p.(Val187Asp),LoF,0.815,False,False,
ABCC8,p.(Asn188Ser),LoF,0.533,False,False,
ABCC8,p.(Ile196Asn),GoF,0.479,False,False,
ABCC8,p.(Pro206Leu),GoF,0.685,False,False,
ABCC8,p.(Pro207Ser),GoF,0.713,False,False,
ABCC8,p.(Glu208Lys),GoF,0.669,False,False,
ABCC8,p.(Asp209Asn),GoF,0.708,False,False,
ABCC8,p.(Asp209Glu),GoF,0.739,False,False,
ABCC8,p.(Gln211Lys),GoF,0.617,False,False,
ABCC8,p.(Asp212Asn),GoF,0.682,False,False,
ABCC8,p.(Asp212Tyr),GoF,0.864,False,False,
ABCC8,p.(Asp212Gly),GoF,0.895,False,False,
ABCC8,p.(Asp212Glu),GoF,0.659,False,False,
ABCC8,p.(Leu213Pro),GoF,0.662,False,False,
ABCC8,p.(Leu213Arg),GoF,0.72,False,False,
ABCC8,p.(Val215Ile),GoF,0.668,False,False,
ABCC8,p.(Arg216Cys),GoF,0.775,False,False,
ABCC8,p.(Val222Met),GoF,0.891,False,False,
ABCC8,p.(Leu225Pro),GoF,0.769,False,False,
ABCC8,p.(Gly228Asp),LoF,0.614,False,False,
ABCC8,p.(Thr229Asn),GoF,0.784,False,False,
ABCC8,p.(Thr229Ile),GoF,0.894,False,False,
ABCC8,p.(Tyr230Cys),LoF,0.971,False,False,
ABCC8,p.(Trp231Arg),LoF,0.948,False,False,
ABCC8,p.(Trp232Gly),LoF,0.988,False,False,
ABCC8,p.(Met233Arg),LoF,0.941,False,False,
ABCC8,p.(Ala235Val),GoF,0.374,False,False,
ABCC8,p.(Pro254Ser),GoF,0.91,False,False,
ABCC8,p.(Pro254Leu),LoF,0.848,False,False,
ABCC8,p.(Tyr263Asp),GoF,0.933,False,False,
ABCC8,p.(Gly296Arg),GoF,0.865,False,False,
ABCC8,p.(Arg298Cys),LoF,0.845,False,False,
ABCC8,p.(Arg306His),GoF,0.938,False,False,
ABCC8,p.(Asp310Asn),LoF,0.833,False,False,
ABCC8,p.(Asp310Val),LoF,0.978,False,False,
ABCC8,p.(Gly316Arg),LoF,0.882,False,False,
ABCC8,p.(Val324Met),GoF,0.895,False,False,
ABCC8,p.(Glu350Gly),GoF,0.614,False,False,
ABCC8,p.(Glu350Asp),GoF,0.5,False,False,
ABCC8,p.(Tyr356Cys),GoF,0.918,False,False,
ABCC8,p.(Val360Ala),GoF,0.67,False,False,
ABCC8,p.(Leu366Phe),LoF,0.702,False,False,
ABCC8,p.(Arg370Gly),LoF,0.644,False,False,
ABCC8,p.(Arg370Ser),LoF,0.559,False,False,
ABCC8,p.(Thr371Ile),LoF,0.614,False,False,
ABCC8,p.(Glu382Lys),GoF,0.601,False,False,
ABCC8,p.(Glu382Val),GoF,0.862,False,False,
ABCC8,p.(Gly389Arg),LoF,0.827,False,False,
ABCC8,p.(Gln392His),LoF,0.878,False,False,
ABCC8,p.(Asn406Asp),LoF,0.625,False,False,
ABCC8,p.(Ser408Pro),LoF,0.932,False,False,
ABCC8,p.(Asp424Val),GoF,0.998,False,False,
ABCC8,p.(Cys435Arg),GoF,0.928,False,False,
ABCC8,p.(Leu438Phe),GoF,0.839,False,False,
ABCC8,p.(Gln444Arg),LoF,0.909,False,False,
ABCC8,p.(Gln444His),LoF,0.94,False,False,
ABCC8,p.(Leu451Pro),GoF,0.954,False,False,
ABCC8,p.(Ser459Arg),GoF,0.948,False,False,
ABCC8,p.(Gln474Arg),LoF,0.873,False,False,
ABCC8,p.(Ala478Asp),LoF,0.858,False,False,
ABCC8,p.(Gln485Arg),GoF,0.795,False,False,
ABCC8,p.(Gln485His),GoF,0.787,False,False,
ABCC8,p.(Thr488Ile),GoF,0.439,False,False,
ABCC8,p.(Asn493Lys),LoF,0.342,False,False,
ABCC8,p.(Arg495Gln),LoF,0.872,False,False,
ABCC8,p.(Glu501Lys),LoF,0.949,False,False,
ABCC8,p.(Leu503Pro),LoF,0.964,False,False,
ABCC8,p.(Gly505Arg),LoF,0.931,False,False,
ABCC8,p.(Leu508Pro),LoF,0.926,False,False,
ABCC8,p.(Lys510Asn),LoF,0.952,False,False,
ABCC8,p.(Leu511Met),LoF,0.809,False,False,
ABCC8,p.(Leu511Pro),LoF,0.94,False,False,
ABCC8,p.(Arg521Pro),LoF,0.575,False,False,
ABCC8,p.(Arg526Cys),LoF,0.814,False,False,
ABCC8,p.(Ser532Gly),GoF,0.601,False,False,
ABCC8,p.(Leu533Pro),LoF,0.979,False,False,
ABCC8,p.(Phe536Ser),GoF,0.634,False,False,
ABCC8,p.(Phe536Leu),GoF,0.827,False,False,
ABCC8,p.(Ile544Thr),GoF,0.844,False,False,
ABCC8,p.(Pro551Arg),LoF,0.954,False,False,
ABCC8,p.(Phe577Leu),GoF,0.955,False,False,
ABCC8,p.(Leu580Phe),LoF,0.925,False,False,
ABCC8,p.(Leu582Val),GoF,0.242,False,False,
ABCC8,p.(Ile585Thr),GoF,0.868,False,False,
ABCC8,p.(Val587Asp),GoF,0.922,False,False,
ABCC8,p.(Val587Gly),GoF,0.881,False,False,
ABCC8,p.(Thr588Ile),GoF,0.606,False,False,
ABCC8,p.(Phe591Leu),LoF,0.763,False,False,
ABCC8,p.(Leu593Pro),LoF,0.976,False,False,
ABCC8,p.(Ser594Pro),LoF,0.597,False,False,
ABCC8,p.(Arg598Gln),GoF,0.725,False,False,
ABCC8,p.(Val601Ile),LoF,0.604,False,False,
ABCC8,p.(Ser606Thr),LoF,0.941,False,False,
ABCC8,p.(Ser606Asn),LoF,0.896,False,False,
ABCC8,p.(Val607Met),GoF,0.778,False,False,
ABCC8,p.(Leu610Arg),LoF,0.967,False,False,
ABCC8,p.(Glu612Asp),LoF,0.482,False,False,
ABCC8,p.(Ala640Val),LoF,0.713,False,False,
ABCC8,p.(Arg657Gln),LoF,0.154,False,False,
ABCC8,p.(Gly684Asp),LoF,0.9,False,False,
ABCC8,p.(Phe686Ser),LoF,0.971,False,False,
ABCC8,p.(Trp688Arg),GoF,0.944,False,False,
ABCC8,p.(Leu696Pro),LoF,0.938,False,False,
ABCC8,p.(Gly713Arg),LoF,0.979,False,False,
ABCC8,p.(Val715Met),LoF,0.871,False,False,
ABCC8,p.(Val715Ala),LoF,0.945,False,False,
ABCC8,p.(Val715Gly),LoF,0.959,False,False,
ABCC8,p.(Gly716Cys),LoF,0.995,False,False,
ABCC8,p.(Gly716Ser),LoF,0.985,False,False,
ABCC8,p.(Gly716Asp),LoF,0.985,False,False,
ABCC8,p.(Gly716Val),LoF,0.993,False,False,
ABCC8,p.(Lys719Thr),LoF,0.988,False,False,
ABCC8,p.(Ser720Phe),LoF,0.984,False,False,
ABCC8,p.(Leu724Pro),LoF,0.921,False,False,
ABCC8,p.(Leu727Arg),LoF,0.995,False,False,
ABCC8,p.(Ile788Asn),LoF,0.524,False,False,
ABCC8,p.(Arg798Trp),LoF,0.862,False,False,
ABCC8,p.(Cys806Tyr),LoF,0.943,False,False,
ABCC8,p.(Gln809Lys),GoF,0.602,False,False,
ABCC8,p.(Asp811Val),GoF,0.945,False,False,
ABCC8,p.(Asp813Asn),LoF,0.598,False,False,
ABCC8,p.(His817Arg),GoF,0.279,False,False,
ABCC8,p.(Glu825Lys),LoF,0.47,False,False,
ABCC8,p.(Arg826Trp),GoF,0.667,False,False,
ABCC8,p.(Gly832Cys),GoF,0.997,False,False,
ABCC8,p.(Gly833Asp),GoF,0.975,False,False,
ABCC8,p.(Val840Glu),LoF,0.884,False,False,
ABCC8,p.(Arg842Gly),LoF,0.912,False,False,
ABCC8,p.(Arg842Gln),LoF,0.973,False,False,
ABCC8,p.(Arg842Pro),LoF,0.865,False,False,
ABCC8,p.(Ala848Thr),LoF,0.723,False,False,
ABCC8,p.(Asp855Glu),LoF,0.897,False,False,
ABCC8,p.(Asp861His),LoF,0.883,False,False,
ABCC8,p.(His863Tyr),GoF,0.783,False,False,
ABCC8,p.(Thr888Pro),LoF,0.979,False,False,
ABCC8,p.(Lys890Thr),LoF,0.763,False,False,
ABCC8,p.(Leu891Pro),LoF,0.813,False,False,
ABCC8,p.(Asp898Val),LoF,0.964,False,False,
ABCC8,p.(Ile901Phe),LoF,0.805,False,False,
ABCC8,p.(Ile901Thr),LoF,0.848,False,False,
ABCC8,p.(Gly912Arg),LoF,0.951,False,False,
ABCC8,p.(Ser957Phe),LoF,0.551,False,False,
ABCC8,p.(Glu974Gly),LoF,0.377,False,False,
ABCC8,p.(Arg993Cys),GoF,0.693,False,False,
ABCC8,p.(His1024Tyr),GoF,0.687,False,False,
ABCC8,p.(His1024Arg),GoF,0.809,False,False,
ABCC8,p.(Asp1031Asn),LoF,0.821,False,False,
ABCC8,p.(His1098Arg),LoF,0.869,False,False,
ABCC8,p.(Asn1123Asp),GoF,0.896,False,False,
ABCC8,p.(Thr1131Pro),LoF,0.863,False,False,
ABCC8,p.(Gln1134Arg),LoF,0.701,False,False,
ABCC8,p.(Gln1134His),LoF,0.787,False,False,
ABCC8,p.(Glu1141Gly),GoF,0.751,False,False,
ABCC8,p.(Leu1148Arg),LoF,0.699,False,False,
ABCC8,p.(Ala1153Thr),LoF,0.83,False,False,
ABCC8,p.(Ala1153Val),LoF,0.712,False,False,
ABCC8,p.(Ala1153Gly),GoF,0.726,False,False,
ABCC8,p.(Pro1162Arg),LoF,0.898,False,False,
ABCC8,p.(Phe1164Leu),GoF,0.883,False,False,
ABCC8,p.(Cys1175Phe),LoF,0.392,False,False,
ABCC8,p.(Tyr1176Cys),GoF,0.957,False,False,
ABCC8,p.(Phe1177Leu),GoF,0.743,False,False,
ABCC8,p.(Gln1179Arg),GoF,0.778,False,False,
ABCC8,p.(Phe1182Ser),GoF,0.94,False,False,
ABCC8,p.(Phe1182Leu),GoF,0.876,False,False,
ABCC8,p.(Arg1183Trp),GoF,0.885,False,False,
ABCC8,p.(Arg1183Gln),GoF,0.767,False,False,
ABCC8,p.(Ala1185Glu),LoF,0.787,False,False,
ABCC8,p.(Ala1185Val),LoF,0.905,False,False,
ABCC8,p.(Ser1186Ala),LoF,0.758,False,False,
ABCC8,p.(Arg1187Trp),LoF,0.832,False,False,
ABCC8,p.(Arg1187Gly),LoF,0.907,False,False,
ABCC8,p.(Asp1194Val),LoF,0.937,False,False,
ABCC8,p.(Pro1199Ser),GoF,0.858,False,False,
ABCC8,p.(Pro1199Gln),GoF,0.864,False,False,
ABCC8,p.(Pro1199Leu),GoF,0.917,False,False,
ABCC8,p.(Arg1215Trp),LoF,0.964,False,False,
ABCC8,p.(Arg1215Gln),LoF,0.97,False,False,
ABCC8,p.(Arg1218Lys),LoF,0.805,False,False,
ABCC8,p.(Asn1245Asp),GoF,0.851,False,False,
ABCC8,p.(Arg1246Gly),LoF,0.892,False,False,
ABCC8,p.(Trp1247Arg),LoF,0.97,False,False,
ABCC8,p.(Val1250Phe),LoF,0.911,False,False,
ABCC8,p.(Gly1256Ser),GoF,0.874,False,False,
ABCC8,p.(Ala1263Thr),LoF,0.807,False,False,
ABCC8,p.(Ala1264Glu),GoF,0.953,False,False,
ABCC8,p.(Ala1264Val),GoF,0.725,False,False,
ABCC8,p.(Ser1267Phe),GoF,0.874,False,False,
ABCC8,p.(Leu1276Pro),LoF,0.934,False,False,
ABCC8,p.(Met1290Val),GoF,0.59,False,False,
ABCC8,p.(Met1290Ile),LoF,0.439,False,False,
ABCC8,p.(Leu1295Phe),GoF,0.861,False,False,
ABCC8,p.(Asn1296Lys),LoF,0.907,False,False,
ABCC8,p.(Arg1314His),GoF,0.933,False,False,
ABCC8,p.(Glu1324Lys),LoF,0.859,False,False,
ABCC8,p.(Lys1337Asn),LoF,0.204,False,False,
ABCC8,p.(Trp1339Arg),LoF,0.903,False,False,
ABCC8,p.(Gly1343Glu),LoF,0.927,False,False,
ABCC8,p.(Ile1347Phe),LoF,0.498,False,False,
ABCC8,p.(Leu1350Gln),LoF,0.956,False,False,
ABCC8,p.(Arg1353His),LoF,0.934,False,False,
ABCC8,p.(Arg1353Pro),LoF,0.95,False,False,
ABCC8,p.(Tyr1354Asn),LoF,0.975,False,False,
ABCC8,p.(Pro1360Leu),LoF,0.68,False,False,
ABCC8,p.(Val1361Met),LoF,0.873,False,False,
ABCC8,p.(His1364Gln),LoF,0.578,False,False,
ABCC8,p.(Ala1367Thr),GoF,0.619,False,False,
ABCC8,p.(Ala1367Asp),LoF,0.77,False,False,
ABCC8,p.(Lys1374Arg),LoF,0.868,False,False,
ABCC8,p.(Gly1376Arg),LoF,0.948,False,False,
ABCC8,p.(Gly1379Arg),LoF,0.951,False,False,
ABCC8,p.(Gly1379Ser),LoF,0.945,False,False,
ABCC8,p.(Arg1380Cys),GoF,0.953,False,False,
ABCC8,p.(Arg1380Ser),GoF,0.975,False,False,
ABCC8,p.(Arg1380His),GoF,0.964,False,False,
ABCC8,p.(Arg1380Leu),GoF,0.959,False,False,
ABCC8,p.(Arg1380Pro),GoF,0.966,False,False,
ABCC8,p.(Thr1381Asn),GoF,0.721,False,False,
ABCC8,p.(Gly1382Ser),LoF,0.954,False,False,
ABCC8,p.(Gly1384Arg),LoF,0.98,False,False,
ABCC8,p.(Gly1384Glu),LoF,0.992,False,False,
ABCC8,p.(Lys1385Gln),LoF,0.983,False,False,
ABCC8,p.(Ser1386Pro),LoF,0.966,False,False,
ABCC8,p.(Ser1387Phe),LoF,0.766,False,False,
ABCC8,p.(Ser1387Tyr),LoF,0.827,False,False,
ABCC8,p.(Ser1389Tyr),LoF,0.827,False,False,
ABCC8,p.(Leu1390Pro),LoF,0.945,False,False,
ABCC8,p.(Leu1390Arg),LoF,0.917,False,False,
ABCC8,p.(Phe1393Ile),LoF,0.965,False,False,
ABCC8,p.(Phe1393Val),GoF,0.954,False,False,
ABCC8,p.(Phe1393Leu),LoF,0.944,False,False,
ABCC8,p.(Arg1394His),LoF,0.877,False,False,
ABCC8,p.(Arg1394Leu),LoF,0.868,False,False,
ABCC8,p.(Met1395Arg),LoF,0.952,False,False,
ABCC8,p.(Asp1397Tyr),LoF,0.869,False,False,
ABCC8,p.(Gly1401Arg),LoF,0.991,False,False,
ABCC8,p.(Gly1401Trp),LoF,0.987,False,False,
ABCC8,p.(Ile1404Met),LoF,0.706,False,False,
ABCC8,p.(Ile1405Thr),LoF,0.993,False,False,
ABCC8,p.(Asp1406His),LoF,0.95,False,False,
ABCC8,p.(Ile1410Phe),LoF,0.991,False,False,
ABCC8,p.(Pro1414Leu),LoF,0.846,False,False,
ABCC8,p.(Arg1419His),LoF,0.964,False,False,
ABCC8,p.(Arg1419Leu),LoF,0.992,False,False,
ABCC8,p.(Arg1421Cys),LoF,0.913,False,False,
ABCC8,p.(Arg1421His),LoF,0.854,False,False,
ABCC8,p.(Ser1423Pro),LoF,0.97,False,False,
ABCC8,p.(Ser1423Cys),GoF,0.907,False,False,
ABCC8,p.(Ile1425Val),GoF,0.772,False,False,
ABCC8,p.(Ile1425Leu),LoF,0.357,False,False,
ABCC8,p.(Val1430Ala),LoF,0.608,False,False,
ABCC8,p.(Leu1431Phe),LoF,0.841,False,False,
ABCC8,p.(Gly1434Ser),LoF,0.967,False,False,
ABCC8,p.(Ile1436Ser),LoF,0.91,False,False,
ABCC8,p.(Arg1437Gly),LoF,0.89,False,False,
ABCC8,p.(Arg1437Gln),LoF,0.976,False,False,
ABCC8,p.(Leu1451Arg),LoF,0.978,False,False,
ABCC8,p.(Leu1451Pro),LoF,0.979,False,False,
ABCC8,p.(Trp1452Cys),LoF,0.941,False,False,
ABCC8,p.(Glu1453Asp),LoF,0.669,False,False,
ABCC8,p.(Leu1455Arg),LoF,0.941,False,False,
ABCC8,p.(Ala1458Thr),LoF,0.952,False,False,
ABCC8,p.(Ala1458Val),LoF,0.747,False,False,
ABCC8,p.(Gln1459Glu),LoF,0.822,False,False,
ABCC8,p.(Gln1459His),LoF,0.65,False,False,
ABCC8,p.(Leu1460Arg),LoF,0.325,False,False,
ABCC8,p.(Gly1470Val),LoF,0.942,False,False,
ABCC8,p.(Asp1472Asn),LoF,0.596,False,False,
ABCC8,p.(Asp1472His),LoF,0.849,False,False,
ABCC8,p.(Gly1478Val),LoF,0.912,False,False,
ABCC8,p.(Gly1479Arg),LoF,0.944,False,False,
ABCC8,p.(Gly1479Glu),LoF,0.915,False,False,
ABCC8,p.(Gly1479Ala),LoF,0.891,False,False,
ABCC8,p.(Asn1481Ile),LoF,0.861,False,False,
ABCC8,p.(Gly1485Arg),LoF,0.992,False,False,
ABCC8,p.(Gly1485Val),LoF,0.991,False,False,
ABCC8,p.(Gly1485Glu),LoF,0.996,False,False,
ABCC8,p.(Arg1487Lys),LoF,0.916,False,False,
ABCC8,p.(Gln1488Arg),LoF,0.957,False,False,
ABCC8,p.(Phe1490Ser),LoF,0.924,False,False,
ABCC8,p.(Ala1493Thr),LoF,0.965,False,False,
ABCC8,p.(Arg1494Trp),LoF,0.93,False,False,
ABCC8,p.(Arg1494Gln),LoF,0.979,False,False,
ABCC8,p.(Ser1501Arg),GoF,0.435,False,False,
ABCC8,p.(Met1505Thr),GoF,0.967,False,False,
ABCC8,p.(Asp1506Asn),LoF,0.95,False,False,
ABCC8,p.(Asp1506His),LoF,0.996,False,False,
ABCC8,p.(Asp1506Glu),LoF,0.767,False,False,
ABCC8,p.(Glu1507Lys),LoF,0.963,False,False,
ABCC8,p.(Glu1507Gln),GoF,0.936,False,False,
ABCC8,p.(Glu1507Gly),GoF,0.971,False,False,
ABCC8,p.(Glu1507Asp),GoF,0.855,False,False,
ABCC8,p.(Ala1508Pro),LoF,0.942,False,False,
ABCC8,p.(Ile1512Ser),LoF,0.965,False,False,
ABCC8,p.(Ile1512Thr),LoF,0.927,False,False,
ABCC8,p.(Met1514Lys),LoF,0.676,False,False,
ABCC8,p.(Thr1516Ala),LoF,0.958,False,False,
ABCC8,p.(Thr1516Met),LoF,0.886,False,False,
ABCC8,p.(Glu1517Lys),LoF,0.847,False,False,
ABCC8,p.(Leu1520Pro),LoF,0.91,False,False,
ABCC8,p.(Val1523Met),GoF,0.638,False,False,
ABCC8,p.(Val1523Leu),GoF,0.613,False,False,
ABCC8,p.(Val1523Ala),GoF,0.719,False,False,
ABCC8,p.(Val1524Met),GoF,0.761,False,False,
ABCC8,p.(Thr1532Ala),LoF,0.896,False,False,
ABCC8,p.(Thr1535Pro),LoF,0.893,False,False,
ABCC8,p.(Ala1537Pro),GoF,0.963,False,False,
ABCC8,p.(Ala1537Val),LoF,0.951,False,False,
ABCC8,p.(Arg1539Gln),LoF,0.877,False,False,
ABCC8,p.(Val1540Met),GoF,0.643,False,False,
ABCC8,p.(Leu1544Pro),LoF,0.915,False,False,
ABCC8,p.(Val1551Asp),LoF,0.973,False,False,
ABCC8,p.(Leu1552Val),LoF,0.729,False,False,
ABCC8,p.(Arg1554Gln),GoF,0.195,False,False,
ABCC8,p.(Gly1555Ser),LoF,0.976,False,False,
ABCC8,p.(Gly1555Asp),LoF,0.976,False,False,
ABCC8,p.(Gly1555Val),LoF,0.975,False,False,
ABCC8,p.(Pro1563Thr),LoF,0.963,False,False,
ABCC8,p.(Pro1563Ala),LoF,0.838,False,False,
ABCC8,p.(Ser1572Arg),LoF,0.626,False,False,
ABCC8,p.(Ala1575Pro),LoF,0.72,False,False,
