gene,protein,mechanism,am_score_verified,am_class_verified,lookup_key
ABCC8,p.Val86Ala,GoF,0.4241,ambiguous,Q09428:V86A
ABCC8,p.Val86Gly,GoF,0.3959,ambiguous,Q09428:V86G
ABCC8,p.Phe132Leu,GoF,0.9882,pathogenic,Q09428:F132L
ABCC8,p.Phe132Val,GoF,0.8448,pathogenic,Q09428:F132V
ABCC8,p.Glu208Lys,GoF,0.4002,ambiguous,Q09428:E208K
ABCC8,p.Asp209Glu,GoF,0.9827,pathogenic,Q09428:D209E
ABCC8,p.Gln211Lys,GoF,0.4415,ambiguous,Q09428:Q211K
ABCC8,p.Leu213Arg,GoF,0.7097,pathogenic,Q09428:L213R
ABCC8,p.Leu225Pro,GoF,0.6569,pathogenic,Q09428:L225P
ABCC8,p.Thr229Ile,GoF,0.9431,pathogenic,Q09428:T229I
ABCC8,p.Val324Met,GoF,0.7948,pathogenic,Q09428:V324M
ABCC8,p.Leu451Pro,GoF,0.9941,pathogenic,Q09428:L451P
ABCC8,p.Leu582Val,GoF,0.6427,pathogenic,Q09428:L582V
ABCC8,p.Arg826Trp,GoF,,,Q09428:R826W
ABCC8,p.His1024Tyr,GoF,,,Q09428:H1024Y
ABCC8,p.Asn1123Asp,GoF,,,Q09428:N1123D
ABCC8,p.Arg1183Trp,GoF,,,Q09428:R1183W
ABCC8,p.Arg1183Gln,GoF,,,Q09428:R1183Q
ABCC8,p.Arg1314His,GoF,,,Q09428:R1314H
ABCC8,p.Arg1380Cys,GoF,,,Q09428:R1380C
ABCC8,p.Arg1380His,GoF,,,Q09428:R1380H
ABCC8,p.Arg1380Leu,GoF,,,Q09428:R1380L
ABCC8,p.Ile1425Val,GoF,,,Q09428:I1425V
ABCC8,p.Gly7Arg,LoF,0.9425,pathogenic,Q09428:G7R
ABCC8,p.Val21Asp,LoF,0.9106,pathogenic,Q09428:V21D
ABCC8,p.Asn24Lys,LoF,0.9894,pathogenic,Q09428:N24K
ABCC8,p.Arg74Trp,LoF,0.9705,pathogenic,Q09428:R74W
ABCC8,p.Gly111Trp,LoF,0.542,ambiguous,Q09428:G111W
ABCC8,p.His125Gln,LoF,0.9269,pathogenic,Q09428:H125Q
ABCC8,p.Val187Asp,LoF,0.8866,pathogenic,Q09428:V187D
ABCC8,p.Gly228Asp,LoF,0.9575,pathogenic,Q09428:G228D
ABCC8,p.Asp310Asn,LoF,0.9557,pathogenic,Q09428:D310N
ABCC8,p.Arg370Gly,LoF,0.9126,pathogenic,Q09428:R370G
ABCC8,p.Arg370Ser,LoF,0.9781,pathogenic,Q09428:R370S
ABCC8,p.Arg495Gln,LoF,0.9378,pathogenic,Q09428:R495Q
ABCC8,p.Arg1215Trp,LoF,,,Q09428:R1215W
ABCC8,p.Arg1353His,LoF,,,Q09428:R1353H
ABCC8,p.Lys1374Arg,LoF,,,Q09428:K1374R
ABCC8,p.Ser1386Pro,LoF,0.9965,pathogenic,Q09428:S1386P
ABCC8,p.Gly1478Val,LoF,0.9973,pathogenic,Q09428:G1478V
ABCC8,p.Gly1479Arg,LoF,,,Q09428:G1479R
ABCC8,p.Arg1494Trp,LoF,,,Q09428:R1494W
ABCC8,p.Arg1494Gln,LoF,,,Q09428:R1494Q
ABCC8,p.Glu1507Lys,LoF,,,Q09428:E1507K
ABCC8,p.Ile1512Thr,LoF,,,Q09428:I1512T
ABCC8,p.Arg1539Gln,LoF,,,Q09428:R1539Q
ABCC8,p.Leu1544Pro,LoF,,,Q09428:L1544P
GCK,p.Ser64Tyr,GoF,0.3823,ambiguous,P35557:S64Y
GCK,p.Thr65Ile,GoF,0.325,benign,P35557:T65I
GCK,p.Gly68Val,GoF,0.9341,pathogenic,P35557:G68V
GCK,p.Trp99Arg,GoF,0.616,pathogenic,P35557:W99R
GCK,p.Tyr214Cys,GoF,0.26,benign,P35557:Y214C
GCK,p.Val452Leu,GoF,0.6364,pathogenic,P35557:V452L
GCK,p.Val455Met,GoF,0.5295,ambiguous,P35557:V455M
GCK,p.Ala456Val,GoF,0.3825,ambiguous,P35557:A456V
GCK,p.Gly44Ser,LoF,0.962,pathogenic,P35557:G44S
GCK,p.Gly44Asp,LoF,0.9952,pathogenic,P35557:G44D
GCK,p.Tyr108His,LoF,0.8465,pathogenic,P35557:Y108H
GCK,p.Cys129Tyr,LoF,0.9482,pathogenic,P35557:C129Y
GCK,p.Phe150Ser,LoF,0.9954,pathogenic,P35557:F150S
GCK,p.Asp160Asn,LoF,0.3644,ambiguous,P35557:D160N
GCK,p.Asn180Lys,LoF,0.9733,pathogenic,P35557:N180K
GCK,p.Val182Met,LoF,0.8774,pathogenic,P35557:V182M
GCK,p.Ala188Thr,LoF,0.8523,pathogenic,P35557:A188T
GCK,p.Arg191Trp,LoF,0.8326,pathogenic,P35557:R191W
GCK,p.Ala201Ser,LoF,0.3531,ambiguous,P35557:A201S
GCK,p.Val203Ala,LoF,0.8324,pathogenic,P35557:V203A
GCK,p.Gly223Ser,LoF,0.9203,pathogenic,P35557:G223S
GCK,p.Gly261Arg,LoF,0.99,pathogenic,P35557:G261R
GCK,p.Glu265Lys,LoF,0.7229,pathogenic,P35557:E265K
GCK,p.Asp278Glu,LoF,0.9639,pathogenic,P35557:D278E
GCK,p.Ser340Ile,LoF,0.4489,ambiguous,P35557:S340I
GCK,p.Met381Thr,LoF,0.8388,pathogenic,P35557:M381T
GCK,p.Arg392Cys,LoF,0.4084,ambiguous,P35557:R392C
GCK,p.Arg397Leu,LoF,0.5348,ambiguous,P35557:R397L
KCNJ11,p.Ser3Cys,GoF,0.3454,ambiguous,Q14654:S3C
KCNJ11,p.His46Tyr,GoF,0.6795,pathogenic,Q14654:H46Y
KCNJ11,p.Arg50Gln,GoF,0.1631,benign,Q14654:R50Q
KCNJ11,p.Arg50Pro,GoF,0.8243,pathogenic,Q14654:R50P
KCNJ11,p.Glu51Ala,GoF,0.7501,pathogenic,Q14654:E51A
KCNJ11,p.Gln52Arg,GoF,0.3033,benign,Q14654:Q52R
KCNJ11,p.Gly53Ser,GoF,0.4657,ambiguous,Q14654:G53S
KCNJ11,p.Gly53Arg,GoF,0.8636,pathogenic,Q14654:G53R
KCNJ11,p.Gly53Asp,GoF,0.8569,pathogenic,Q14654:G53D
KCNJ11,p.Val59Met,GoF,0.3397,benign,Q14654:V59M
KCNJ11,p.Val59Gly,GoF,0.7625,pathogenic,Q14654:V59G
KCNJ11,p.Leu164Pro,GoF,0.9815,pathogenic,Q14654:L164P
KCNJ11,p.Cys166Tyr,GoF,0.9402,pathogenic,Q14654:C166Y
KCNJ11,p.Cys166Phe,GoF,0.6399,pathogenic,Q14654:C166F
KCNJ11,p.Ile167Leu,GoF,0.3338,benign,Q14654:I167L
KCNJ11,p.Lys170Thr,GoF,0.9893,pathogenic,Q14654:K170T
KCNJ11,p.Lys170Arg,GoF,0.632,pathogenic,Q14654:K170R
KCNJ11,p.Lys170Asn,GoF,0.9972,pathogenic,Q14654:K170N
KCNJ11,p.Glu179Ala,GoF,0.4982,ambiguous,Q14654:E179A
KCNJ11,p.Ile182Val,GoF,0.2485,benign,Q14654:I182V
KCNJ11,p.Arg201Ser,GoF,0.9973,pathogenic,Q14654:R201S
KCNJ11,p.Arg201Cys,GoF,0.9208,pathogenic,Q14654:R201C
KCNJ11,p.Arg201His,GoF,0.9545,pathogenic,Q14654:R201H
KCNJ11,p.Arg201Leu,GoF,0.9725,pathogenic,Q14654:R201L
KCNJ11,p.Glu227Lys,GoF,0.678,pathogenic,Q14654:E227K
KCNJ11,p.Glu229Lys,GoF,0.8254,pathogenic,Q14654:E229K
KCNJ11,p.Leu233Phe,GoF,0.5916,pathogenic,Q14654:L233F
KCNJ11,p.Val252Met,GoF,0.6863,pathogenic,Q14654:V252M
KCNJ11,p.Val252Gly,GoF,0.7622,pathogenic,Q14654:V252G
KCNJ11,p.Thr293Asn,GoF,0.5499,ambiguous,Q14654:T293N
KCNJ11,p.Ile296Leu,GoF,0.4935,ambiguous,Q14654:I296L
KCNJ11,p.Glu322Lys,GoF,0.5191,ambiguous,Q14654:E322K
KCNJ11,p.Tyr330Ser,GoF,0.9726,pathogenic,Q14654:Y330S
KCNJ11,p.Gly334Asp,GoF,0.9579,pathogenic,Q14654:G334D
KCNJ11,p.Arg34His,LoF,0.8781,pathogenic,Q14654:R34H
KCNJ11,p.Gly40Asp,LoF,0.9917,pathogenic,Q14654:G40D
KCNJ11,p.Phe55Leu,LoF,0.9941,pathogenic,Q14654:F55L
KCNJ11,p.Thr62Met,LoF,0.8933,pathogenic,Q14654:T62M
KCNJ11,p.Lys67Asn,LoF,0.5152,ambiguous,Q14654:K67N
KCNJ11,p.Trp91Arg,LoF,0.9863,pathogenic,Q14654:W91R
KCNJ11,p.Ala101Asp,LoF,0.0637,benign,Q14654:A101D
KCNJ11,p.Ser116Pro,LoF,0.9766,pathogenic,Q14654:S116P
KCNJ11,p.Gly134Ala,LoF,0.9035,pathogenic,Q14654:G134A
KCNJ11,p.Arg136Leu,LoF,0.9408,pathogenic,Q14654:R136L
KCNJ11,p.Gly156Arg,LoF,0.9923,pathogenic,Q14654:G156R
KCNJ11,p.Asp204Glu,LoF,0.9957,pathogenic,Q14654:D204E
KCNJ11,p.Ala213Thr,LoF,0.5882,pathogenic,Q14654:A213T
KCNJ11,p.Pro254Leu,LoF,0.9939,pathogenic,Q14654:P254L
KCNJ11,p.His259Arg,LoF,0.9812,pathogenic,Q14654:H259R
KCNJ11,p.Pro266Leu,LoF,0.6864,pathogenic,Q14654:P266L
KCNJ11,p.Glu282Lys,LoF,0.996,pathogenic,Q14654:E282K
KCNJ11,p.Thr294Met,LoF,0.8558,pathogenic,Q14654:T294M
KCNJ11,p.Arg301Gly,LoF,0.9903,pathogenic,Q14654:R301G
KCNJ11,p.Arg301Cys,LoF,0.843,pathogenic,Q14654:R301C
KCNJ11,p.Arg301His,LoF,0.8366,pathogenic,Q14654:R301H
KCNJ11,p.Arg301Pro,LoF,0.9978,pathogenic,Q14654:R301P
