position,n_variants,median_activity,median_abundance,median_am,median_revel,pct_stability_lof,pct_dynamics_lof,pct_gof
2,18,0.8825503404999999,0.8123725180766406,0.0842,0.219,0.0,22.22222222222222,22.22222222222222
3,17,0.964955254,0.500166201992241,0.2395,0.187,11.76470588235294,0.0,23.52941176470588
4,17,1.022837593,0.6074327661986485,0.2056,0.16199999999999998,5.88235294117647,5.88235294117647,35.294117647058826
5,17,0.8675360409999999,0.9186169417225428,0.2292,0.514,11.76470588235294,17.647058823529413,29.411764705882355
6,15,0.72325824,0.8295377881605366,0.1436,0.509,6.666666666666667,33.33333333333333,20.0
7,16,0.970982934,1.0299478803883169,0.2022,0.501,0.0,12.5,31.25
8,19,0.7881799970000001,0.9530393621915845,0.144,0.195,0.0,21.052631578947366,10.526315789473683
9,18,1.3755926835,0.870791096453416,0.3094,0.21,5.555555555555555,0.0,61.111111111111114
10,17,0.828438652,0.9485526483163831,0.1201,0.3195,0.0,5.88235294117647,17.647058823529413
11,16,1.136269049,0.870170195622944,0.1236,0.379,0.0,12.5,50.0
12,18,1.0502441615,0.9176865553046127,0.3144,0.271,0.0,5.555555555555555,44.44444444444444
13,19,1.040803911,1.0166310160740573,0.2116,0.316,0.0,21.052631578947366,47.368421052631575
14,18,1.008345506,0.8550180137250435,0.251,0.23,5.555555555555555,0.0,44.44444444444444
15,17,1.3016355309999998,0.9308919509268659,0.4145,0.504,0.0,5.88235294117647,58.82352941176471
16,19,1.034768097,0.6280091053012202,0.3305,0.707,0.0,10.526315789473683,42.10526315789473
17,17,1.100034915,0.717341520631022,0.2863,0.707,5.88235294117647,23.52941176470588,52.94117647058824
18,18,0.8725944995,0.946827627764041,0.1461,0.758,0.0,22.22222222222222,44.44444444444444
19,19,1.121161485,0.6186194265416873,0.6836,0.758,5.263157894736842,15.789473684210526,52.63157894736842
20,19,0.577652191,-0.0038200937239453586,0.8185,0.73,26.31578947368421,10.526315789473683,26.31578947368421
21,17,0.822569952,0.7557624839558352,0.1679,0.73,11.76470588235294,29.411764705882355,11.76470588235294
22,17,0.416216937,0.7272997536629859,0.2214,0.657,23.52941176470588,35.294117647058826,23.52941176470588
23,16,0.5519682075000001,0.0938782398364338,0.98,0.804,43.75,0.0,18.75
24,17,0.985228465,0.919747352192934,0.2142,0.718,0.0,11.76470588235294,47.05882352941176
25,19,0.669185322,0.5334796750115672,0.821,0.9205000000000001,26.31578947368421,5.263157894736842,15.789473684210526
26,17,1.13781819,0.7574197340311335,0.1446,0.581,11.76470588235294,0.0,52.94117647058824
27,17,0.720212346,0.5095664562616545,0.2645,0.54,23.52941176470588,11.76470588235294,29.411764705882355
28,18,0.8537360935,0.6615674079096315,0.1442,0.684,11.11111111111111,0.0,33.33333333333333
29,15,0.8492248020000001,0.6032024531460674,0.2947,0.813,20.0,13.333333333333334,46.666666666666664
30,17,0.7689710270000001,0.6932409751881305,0.7661,0.704,0.0,5.88235294117647,41.17647058823529
31,17,0.931074261,0.809999000886089,0.2988,0.684,0.0,23.52941176470588,23.52941176470588
32,18,0.9467639775000001,0.8285415269637945,0.1691,0.863,22.22222222222222,11.11111111111111,38.88888888888889
33,20,0.250463139,0.16384479572600458,0.7338,0.813,50.0,10.0,5.0
34,19,0.7535279290000001,0.6442080242355699,0.4922,0.816,15.789473684210526,15.789473684210526,21.052631578947366
35,1,0.6596824720000001,1.17226250065028,0.1094,0.843,0.0,0.0,0.0
36,17,0.728995301,0.6814932230172693,0.4155,0.905,17.647058823529413,11.76470588235294,17.647058823529413
37,20,-0.018976808499999952,0.31612378352269455,0.9713,0.905,65.0,10.0,0.0
38,18,0.7060157345,0.7488557691902178,0.4142,0.674,16.666666666666664,11.11111111111111,11.11111111111111
39,18,1.0755692405000001,0.9777689384564872,0.17880000000000001,0.893,5.555555555555555,11.11111111111111,50.0
40,18,0.18459579250000002,0.34511800649410357,0.9240999999999999,0.893,44.44444444444444,11.11111111111111,16.666666666666664
41,17,0.252821758,0.34287251129572843,0.9616,0.96,58.82352941176471,5.88235294117647,5.88235294117647
42,16,1.001400013,0.7742212687217078,0.2113,0.916,6.25,6.25,37.5
43,17,0.804227198,0.7548986008671444,0.3552,0.9,11.76470588235294,17.647058823529413,35.294117647058826
44,16,0.0237267125,0.11176293654925673,0.9905,0.859,87.5,0.0,0.0
45,16,-0.0219714895,0.18111430744162535,0.9671,0.958,75.0,12.5,0.0
46,17,0.698844425,0.7293784406455369,0.1908,0.635,29.411764705882355,5.88235294117647,23.52941176470588
47,19,0.8678995340000001,0.8972700478038625,0.1409,0.932,0.0,21.052631578947366,42.10526315789473
48,11,0.832335046,0.7802258052974672,0.1826,0.833,0.0,18.181818181818183,36.36363636363637
49,17,0.5968480829999999,0.570745686705296,0.3234,0.833,29.411764705882355,17.647058823529413,29.411764705882355
50,19,0.112529936,0.6805655238030144,0.7077,0.8095,36.84210526315789,57.89473684210527,5.263157894736842
51,17,0.7493859079999999,0.7451981994087647,0.2038,0.915,0.0,23.52941176470588,17.647058823529413
52,18,0.8901840695,0.6862473503610005,0.1481,0.8625,0.0,11.11111111111111,16.666666666666664
53,17,0.1178075919999999,0.19629565106489777,0.81,0.8294999999999999,82.35294117647058,5.88235294117647,0.0
54,19,0.6037314570000001,0.8389643956517486,0.1662,0.9085000000000001,15.789473684210526,15.789473684210526,21.052631578947366
55,18,0.05827438,0.21768493160441602,0.9169,0.951,77.77777777777779,5.555555555555555,0.0
56,16,0.37943166549999996,0.5789174492581947,0.9038,0.969,43.75,25.0,6.25
57,19,0.088572615,0.1195957159396935,0.9881,0.987,89.47368421052632,0.0,10.526315789473683
58,17,0.0511183059999999,0.8513011335313891,0.9699,0.9735,5.88235294117647,76.47058823529412,11.76470588235294
59,18,0.018708114,0.45260163389079244,0.9231,0.956,72.22222222222221,11.11111111111111,0.0
60,16,0.012844385,0.34366103908493034,0.8895,0.965,68.75,12.5,0.0
61,17,0.0132971239999999,0.749545621942475,0.9532,0.988,5.88235294117647,88.23529411764706,0.0
62,19,0.1685820019999999,0.4685339877278233,0.9729,0.9615,68.42105263157895,10.526315789473683,10.526315789473683
63,17,1.244002516,0.7622320861151111,0.4001,0.976,0.0,11.76470588235294,70.58823529411765
64,20,2.393995824,0.9546263968479015,0.1721,0.843,0.0,5.0,85.0
65,16,1.8332418425,0.9180203380458969,0.2508,0.902,0.0,6.25,81.25
66,19,1.223887069,0.677724185455022,0.9469,0.907,0.0,21.052631578947366,73.68421052631578
67,18,1.8200268985,0.7886925293008802,0.2382,0.941,0.0,22.22222222222222,61.111111111111114
68,17,1.566284623,0.8403227832220943,0.8958,0.933,0.0,17.647058823529413,70.58823529411765
69,20,1.154844263,0.8790300445629937,0.1467,0.941,0.0,15.0,55.00000000000001
70,17,0.7366969240000001,0.8318092664149983,0.9491,0.848,5.88235294117647,29.411764705882355,41.17647058823529
71,19,2.32874449,0.775068792675924,0.1579,0.961,5.263157894736842,0.0,84.21052631578947
72,17,0.19101667,0.3311237911306255,0.9852,0.972,88.23529411764706,0.0,0.0
73,17,1.23023402,0.225346486559958,0.7914,0.97,23.52941176470588,0.0,52.94117647058824
74,19,0.38949512,0.6356611050620518,0.9955,0.963,26.31578947368421,31.57894736842105,10.526315789473683
75,19,0.488581342,0.4098544888024358,0.9865,0.617,52.63157894736842,0.0,21.052631578947366
76,19,0.043276574,0.688761459133052,0.4449,0.568,21.052631578947366,68.42105263157895,5.263157894736842
77,19,-0.039682548,0.6128618342222699,0.9632,0.974,36.84210526315789,63.1578947368421,0.0
78,17,0.068951337,0.9170177035029535,0.9979,0.9775,11.76470588235294,76.47058823529412,0.0
79,17,0.150315765,0.6198858146917953,0.9819,0.984,5.88235294117647,64.70588235294117,5.88235294117647
80,16,0.0245991679999999,0.7785142759077772,0.9961,0.98,25.0,68.75,0.0
81,17,0.0040756279999999,0.8482641332167129,0.9937,0.98,0.0,88.23529411764706,0.0
82,16,-0.0187626605,0.9289692257580273,0.8516,0.975,6.25,87.5,0.0
83,17,0.036498152,0.846087874243898,0.7978,0.956,0.0,94.11764705882352,0.0
84,19,0.081180801,0.760891391543943,0.9873,0.941,21.052631578947366,73.68421052631578,5.263157894736842
85,16,-0.0622418305,0.9900543521894509,0.9883500000000001,0.984,0.0,100.0,0.0
86,20,-0.0207841,0.6130142018680204,0.8996,0.9795,25.0,70.0,0.0
87,19,0.3614246229999999,0.7390857994975563,0.9188,0.953,0.0,63.1578947368421,15.789473684210526
88,19,0.442686209,0.7977046787523094,0.6841,0.967,10.526315789473683,42.10526315789473,15.789473684210526
89,19,0.230214326,0.5291930922650788,0.856,0.962,52.63157894736842,15.789473684210526,21.052631578947366
90,19,1.357713758,0.7669543534386736,0.5332,0.971,10.526315789473683,5.263157894736842,68.42105263157895
91,20,0.45053870949999997,0.7327738457082071,0.6735,0.957,15.0,45.0,20.0
92,18,0.46282157,0.8876800262333195,0.26015,0.9075,11.11111111111111,38.88888888888889,11.11111111111111
93,18,0.5538565310000001,0.9489024127168738,0.14700000000000002,0.987,0.0,38.88888888888889,22.22222222222222
94,17,0.871346796,0.7544706386896479,0.1236,0.981,0.0,23.52941176470588,35.294117647058826
95,18,0.7669700429999999,0.841493319721492,0.1079,0.799,0.0,16.666666666666664,5.555555555555555
96,18,1.069709558,0.9434795432736615,0.10975,0.8925,0.0,22.22222222222222,38.88888888888889
97,17,1.164608217,0.7921326662347743,0.1767,0.5355000000000001,5.88235294117647,17.647058823529413,58.82352941176471
98,18,0.7150270584999999,0.8295427229865151,0.1343,0.639,0.0,33.33333333333333,38.88888888888889
99,17,2.13538759,0.8540854369414275,0.5123,0.752,0.0,11.76470588235294,82.35294117647058
100,19,0.687551152,0.909467239699818,0.0797,0.75,5.263157894736842,15.789473684210526,15.789473684210526
101,20,0.7622286735,0.6574664031038803,0.5578,0.946,5.0,10.0,30.0
102,16,0.558610778,0.7056569019189015,0.1786,0.843,18.75,25.0,12.5
103,17,0.5265285820000001,0.7169791545777263,0.2943,0.922,5.88235294117647,41.17647058823529,11.76470588235294
104,19,0.8944486709999999,0.7981695914425415,0.2062,0.803,0.0,26.31578947368421,31.57894736842105
105,20,0.6009267199999999,0.6970963268784187,0.37455,0.509,5.0,40.0,15.0
106,18,0.6823505415,0.9215256457576044,0.2839,0.504,22.22222222222222,11.11111111111111,0.0
107,20,0.3886732829999999,0.9684005241795796,0.65595,0.772,0.0,70.0,10.0
108,17,-0.060844672,0.42768170206990347,0.9582,0.845,76.47058823529412,17.647058823529413,0.0
109,20,0.4298904655,0.9835692644265217,0.112,0.774,10.0,45.0,10.0
110,20,0.22957294049999993,0.3700386218954914,0.9815,0.867,70.0,15.0,10.0
111,19,0.665733888,0.7993130807315078,0.7758,0.937,10.526315789473683,31.57894736842105,15.789473684210526
112,18,0.9736354115000001,0.8099601253764028,0.2726,0.87,0.0,11.11111111111111,11.11111111111111
113,17,0.940875423,0.986715285469511,0.3226,0.809,0.0,5.88235294117647,35.294117647058826
114,17,0.788459624,0.9569062309188583,0.3459,0.924,5.88235294117647,23.52941176470588,29.411764705882355
115,19,0.286167508,0.8680252677409938,0.7484,0.854,0.0,63.1578947368421,15.789473684210526
116,17,0.5499665579999999,0.9855208507014772,0.1944,0.921,11.76470588235294,35.294117647058826,5.88235294117647
117,18,0.273010172,0.6323360812178412,0.8854,0.932,38.88888888888889,27.77777777777778,11.11111111111111
118,17,0.0456728359999999,0.8382810956321752,0.5238,0.932,17.647058823529413,70.58823529411765,0.0
119,17,-0.12791174,0.8871826497590081,0.6403,0.825,23.52941176470588,64.70588235294117,11.76470588235294
120,18,0.6236289804999999,0.6528118441658233,0.4194,0.86,5.555555555555555,38.88888888888889,11.11111111111111
121,20,0.5087178765,0.850472620046351,0.4519,0.74,5.0,45.0,10.0
122,17,-0.118341358,0.7464184474009367,0.9717,0.963,0.0,100.0,0.0
123,19,-0.123940449,0.4813379933344679,0.9957,0.946,73.68421052631578,26.31578947368421,0.0
124,15,0.0481989959999999,0.3520822521369345,0.9687,0.946,66.66666666666666,33.33333333333333,0.0
125,17,0.112713283,0.7430980314155073,0.904,0.962,41.17647058823529,47.05882352941176,5.88235294117647
126,20,0.05885552749999995,0.4017927649072225,0.9368,0.877,90.0,5.0,0.0
127,17,0.109423812,0.48418064246568254,0.236,0.888,58.82352941176471,11.76470588235294,11.76470588235294
128,18,0.7068875785,0.6529482617901797,0.21375,0.905,5.555555555555555,22.22222222222222,27.77777777777778
129,18,0.091962034,0.6070310539672112,0.9276,0.938,27.77777777777778,55.55555555555556,0.0
130,18,-0.1305154325,0.19151313606526493,0.9062,0.943,88.88888888888889,11.11111111111111,0.0
131,20,0.22488776399999988,0.8988661227286026,0.2992,0.93,30.0,50.0,5.0
132,17,0.080361697,0.770555889305581,0.306,0.899,29.411764705882355,29.411764705882355,5.88235294117647
133,19,-0.03553099,0.2889417080296719,0.9941,0.89,94.73684210526315,0.0,0.0
134,16,-0.060666827,0.4681649118246657,0.8682,0.95,81.25,12.5,0.0
135,16,0.5948218615,0.7135256081308435,0.23935,0.872,18.75,25.0,6.25
136,19,0.580597376,0.7131933740216243,0.2753,0.958,15.789473684210526,15.789473684210526,15.789473684210526
137,20,0.798750854,0.5002873054997723,0.5743,0.7444999999999999,15.0,5.0,35.0
138,18,0.8288774489999999,0.638941856672151,0.2362,0.903,11.11111111111111,16.666666666666664,22.22222222222222
139,19,0.35702661,0.7277505828743407,0.7144,0.862,10.526315789473683,52.63157894736842,10.526315789473683
140,19,0.114077194,0.7359460974072305,0.7592,0.8185,21.052631578947366,68.42105263157895,5.263157894736842
141,20,0.2721539645,0.8451565966577074,0.191,0.778,5.0,65.0,10.0
142,18,0.44048782449999996,0.7287705221459956,0.5059,0.956,0.0,66.66666666666666,5.555555555555555
143,19,0.313488303,0.6595985145210435,0.5428,0.93,5.263157894736842,63.1578947368421,0.0
144,18,0.27970804299999996,0.4879504016336079,0.9362,0.867,33.33333333333333,27.77777777777778,5.555555555555555
145,18,1.4498523685,0.669599444716666,0.753,0.867,11.11111111111111,0.0,72.22222222222221
146,17,-0.029662696,0.7536217005562759,0.8737,0.919,5.88235294117647,88.23529411764706,0.0
147,17,-0.028750566,0.6903172422110503,0.9501,0.962,35.294117647058826,52.94117647058824,0.0
148,18,-0.029508923,0.552063021655847,0.9968,0.979,55.55555555555556,38.88888888888889,5.555555555555555
149,17,0.0954069469999999,0.8815145820824647,0.905,0.98,0.0,82.35294117647058,11.76470588235294
150,19,0.0071680009999999,0.9216106927801004,0.9961,0.98,5.263157894736842,89.47368421052632,0.0
151,19,-0.075219765,0.890476193196102,0.9734,0.986,21.052631578947366,73.68421052631578,0.0
152,18,-0.08867011799999999,1.093652587068625,0.99885,0.988,0.0,100.0,0.0
153,19,-0.129533916,0.7673919142203685,0.9695,0.963,36.84210526315789,57.89473684210527,0.0
154,19,-0.019834921,0.7791751548095944,0.8138,0.963,0.0,94.73684210526315,0.0
155,17,0.111927734,0.8389341555646666,0.2941,0.916,0.0,94.11764705882352,0.0
156,20,-0.0177832444999999,0.8120859135545612,0.9175,0.814,5.0,85.0,5.0
157,18,0.2601663014999999,0.9618048008867746,0.30625,0.742,0.0,66.66666666666666,16.666666666666664
158,17,0.054870947,0.8634314788886109,0.4913,0.799,0.0,82.35294117647058,0.0
159,20,-0.0930184105,0.9728800401530417,0.764,0.946,0.0,95.0,0.0
160,15,-0.064297641,0.7191954730695855,0.9062,0.956,33.33333333333333,60.0,0.0
161,12,0.438820354,0.7986377528787558,0.6754,0.954,0.0,50.0,33.33333333333333
162,16,-0.1733669895,0.856748504044032,0.9769,0.866,6.25,87.5,6.25
163,20,-0.0458075945,1.0681085224314035,0.83415,0.874,0.0,100.0,0.0
164,18,-0.09412230349999995,1.1225183863654566,0.993,0.869,0.0,100.0,0.0
165,18,0.007679796500000001,1.027553347782113,0.8319,0.918,0.0,88.88888888888889,0.0
166,15,0.495220929,0.9341977206081705,0.2609,0.948,0.0,53.333333333333336,26.666666666666668
167,17,-0.035916896,0.9798925168919691,0.9982,0.971,0.0,100.0,0.0
168,17,-0.081020518,1.0185266187155446,0.927,0.9724999999999999,0.0,100.0,0.0
169,19,-0.0489071259999999,0.8001938816986319,0.9981,0.981,0.0,100.0,0.0
170,18,-0.0849601045,0.9430907944038414,0.9059999999999999,0.986,0.0,94.44444444444444,0.0
171,19,-0.048817282,0.9409408923611723,0.9983,0.951,0.0,94.73684210526315,0.0
172,19,0.048050355,0.965671227324986,0.4926,0.966,0.0,73.68421052631578,5.263157894736842
173,16,-0.088079007,0.8429130301003237,0.696,0.866,0.0,93.75,0.0
174,20,0.03064669499999995,0.8552072495332977,0.1549,0.912,0.0,85.0,0.0
175,18,-0.09793395599999999,0.8439399849503455,0.7234499999999999,0.893,16.666666666666664,77.77777777777779,0.0
176,17,0.059823114,0.81561280217411,0.4715,0.845,29.411764705882355,52.94117647058824,0.0
177,18,0.0553618425,0.7900738531107345,0.5218,0.845,16.666666666666664,50.0,11.11111111111111
178,18,0.033679800499999996,0.929060037236213,0.8681,0.885,0.0,83.33333333333334,0.0
179,15,0.7300951459999999,0.9725279518669486,0.2886,0.874,0.0,26.666666666666668,26.666666666666668
180,14,-0.1159306,0.8278326557443978,0.8792500000000001,0.919,35.714285714285715,64.28571428571429,0.0
181,20,-0.21067157199999995,0.7826791866899148,0.8164,0.92,0.0,95.0,0.0
182,18,0.152881874,0.8101487458336917,0.6596,0.962,0.0,83.33333333333334,0.0
183,18,0.13868863599999995,0.9209766691314172,0.26125,0.937,5.555555555555555,66.66666666666666,11.11111111111111
184,18,-0.12516729199999999,0.8215292508371429,0.9438,0.899,0.0,83.33333333333334,0.0
185,18,-0.03490849799999995,0.35156187022129487,0.9898,0.908,44.44444444444444,38.88888888888889,5.555555555555555
186,17,-0.111380699,0.7315556062743671,0.7431,0.956,35.294117647058826,52.94117647058824,5.88235294117647
187,17,0.14441817,0.3383342988459339,0.5885,0.932,58.82352941176471,23.52941176470588,11.76470588235294
188,17,-0.266402528,0.501244503579701,0.9147,0.969,64.70588235294117,17.647058823529413,0.0
189,19,-0.061659065,0.6613261504294682,0.8938,0.969,15.789473684210526,68.42105263157895,5.263157894736842
190,17,0.923927658,0.875966141992156,0.3663,0.969,11.76470588235294,29.411764705882355,41.17647058823529
191,17,-0.10581988,0.561394093403853,0.9322,0.905,41.17647058823529,41.17647058823529,0.0
192,17,0.12396644,0.5064213614615959,0.9205,0.896,52.94117647058824,29.411764705882355,11.76470588235294
193,17,0.3782958529999999,0.6964229780257939,0.6384,0.872,11.76470588235294,52.94117647058824,5.88235294117647
194,17,0.50537929,0.8905106137838183,0.6348,0.85,17.647058823529413,29.411764705882355,17.647058823529413
195,18,0.038606708,0.7801895963614052,0.9348,0.851,0.0,77.77777777777779,11.11111111111111
196,18,0.565662145,0.766163380799719,0.3348,0.8475,11.11111111111111,33.33333333333333,16.666666666666664
197,18,0.1291064165,0.816914713496479,0.7665,0.9225000000000001,0.0,72.22222222222221,22.22222222222222
198,17,0.6769530840000001,0.463218701416635,0.7112,0.925,11.76470588235294,11.76470588235294,29.411764705882355
199,18,-0.12637388249999995,0.9034914778185703,0.8681,0.962,0.0,94.44444444444444,0.0
200,19,0.215710953,0.7749180017699507,0.6513,0.943,5.263157894736842,84.21052631578947,5.263157894736842
201,14,0.08232759299999995,0.7726678777032511,0.7129,0.943,35.714285714285715,42.857142857142854,0.0
202,20,-0.13045210200000001,0.7370841969006828,0.9343,0.943,5.0,90.0,0.0
203,19,-0.192357437,0.7457256742984303,0.8298,0.937,26.31578947368421,68.42105263157895,0.0
204,16,0.03358980549999995,0.6725212385623612,0.9879,0.937,31.25,56.25,6.25
205,16,-0.29984286000000004,0.616615248694523,0.9998,0.94,43.75,56.25,0.0
206,17,-0.165832148,0.5281102958102573,0.9473,0.986,52.94117647058824,29.411764705882355,0.0
207,18,-0.0048398684999999995,0.5656581844145857,0.9409000000000001,0.9804999999999999,55.55555555555556,33.33333333333333,5.555555555555555
208,16,0.1781811515,0.5265698148438069,0.9808,0.966,56.25,18.75,12.5
209,16,0.32252093849999997,0.5514583628664562,0.829,0.957,50.0,6.25,18.75
210,18,0.126054897,0.26709268643982526,0.9821,0.968,72.22222222222221,5.555555555555555,0.0
211,16,1.351115026,0.37536773015559977,0.93735,0.949,18.75,0.0,62.5
212,20,0.09967495300000001,0.5322701929866555,0.434,0.92,35.0,40.0,10.0
213,19,0.660676513,0.6097796412932688,0.8864,0.737,21.052631578947366,21.052631578947366,31.57894736842105
214,15,3.134115102,0.7567284973888769,0.5071,0.8835,0.0,0.0,86.66666666666667
215,17,1.794105495,0.6946413700059084,0.7633,0.837,11.76470588235294,11.76470588235294,70.58823529411765
216,14,1.5929230159999999,0.48381396774205854,0.40735,0.943,28.57142857142857,7.142857142857142,57.14285714285714
217,17,1.358774656,0.512377020452629,0.827,0.933,17.647058823529413,0.0,52.94117647058824
218,20,1.45300051,0.7913962717912154,0.2579,0.943,10.0,5.0,65.0
219,18,1.4884506764999998,0.8824487794520031,0.178,0.86,0.0,11.11111111111111,77.77777777777779
220,19,0.148229769,0.340282520789843,0.9341,0.9245,57.89473684210527,0.0,21.052631578947366
221,17,1.126950127,0.599751135014281,0.8619,0.8334999999999999,11.76470588235294,11.76470588235294,52.94117647058824
222,19,0.009961393,0.2422502866266003,0.7492,0.826,78.94736842105263,5.263157894736842,10.526315789473683
223,17,-0.078559352,0.306166647793018,0.9902,0.816,82.35294117647058,11.76470588235294,5.88235294117647
225,20,-0.1155481565,0.7205956274981419,0.9931,0.933,25.0,70.0,0.0
226,19,0.091979863,0.46691397923274,0.8223,0.948,52.63157894736842,26.31578947368421,0.0
227,18,-0.092135351,0.3602409036860079,0.9966,0.95,66.66666666666666,22.22222222222222,5.555555555555555
228,16,-0.2416925055,0.9554127438687043,0.9673,0.9704999999999999,6.25,87.5,6.25
229,17,-0.129533715,0.516499357978575,0.9954,0.975,47.05882352941176,47.05882352941176,0.0
230,18,0.2959169145,0.627744857442029,0.8126,0.946,27.77777777777778,33.33333333333333,16.666666666666664
231,17,-0.072993973,0.5540227273561479,0.9919,0.939,41.17647058823529,41.17647058823529,0.0
232,17,0.170265395,0.6313358796454038,0.4903,0.9435,35.294117647058826,29.411764705882355,17.647058823529413
233,20,0.025194930499999997,0.2285094003459572,0.972,0.9175,65.0,20.0,5.0
234,17,-0.040160882,0.312770437093227,0.983,0.9484999999999999,58.82352941176471,11.76470588235294,17.647058823529413
235,15,0.699975639,0.3978499586307079,0.9764,0.985,40.0,0.0,33.33333333333333
236,16,-0.062171804,0.35317657481560166,0.9871,0.969,93.75,0.0,0.0
237,16,0.438042866,0.7536074903657419,0.4772,0.946,18.75,37.5,6.25
238,19,0.847886886,0.4808537659533495,0.8563,0.924,26.31578947368421,10.526315789473683,36.84210526315789
239,18,1.20605314,0.852320274881548,0.1456,0.846,0.0,11.11111111111111,72.22222222222221
240,17,1.101938843,0.72026395546314,0.4946,0.859,5.88235294117647,11.76470588235294,52.94117647058824
241,20,0.126987069,0.405279601738457,0.7949,0.9395,65.0,5.0,15.0
242,18,0.3602172835,0.4642894743959237,0.49135,0.906,50.0,5.555555555555555,5.555555555555555
243,14,0.7947188034999999,0.8019961751466894,0.424,0.955,0.0,35.714285714285715,35.714285714285715
244,14,0.4210644065,0.5429238477590725,0.4186,0.955,35.714285714285715,21.428571428571427,14.285714285714285
245,18,1.018516474,0.8585365730246447,0.2197,0.905,5.555555555555555,11.11111111111111,44.44444444444444
246,18,0.236144057,0.5594549521084347,0.4962,0.689,44.44444444444444,33.33333333333333,11.11111111111111
247,17,0.8346142520000001,0.6572639190004299,0.2001,0.859,11.76470588235294,11.76470588235294,29.411764705882355
248,16,0.6720366925,0.8625315939558925,0.18569999999999998,0.917,0.0,25.0,31.25
249,17,0.374695224,0.139903991250272,0.8774,0.917,52.94117647058824,0.0,23.52941176470588
250,16,1.5010016474999999,0.5873369789715737,0.588,0.944,6.25,6.25,62.5
251,15,0.330686007,0.253567404068768,0.9813,0.944,40.0,13.333333333333334,40.0
252,20,0.35124838049999996,0.31331431249257163,0.9043,0.9564999999999999,55.00000000000001,5.0,25.0
253,19,0.08706561,0.16835518395440222,0.9629,0.946,73.68421052631578,5.263157894736842,5.263157894736842
254,16,0.0153314605,0.8100652830851356,0.9507,0.946,31.25,68.75,0.0
255,17,-0.08770385,0.578453798313605,0.5745,0.983,47.05882352941176,35.294117647058826,0.0
256,17,-0.1430672409999999,0.6950869940331915,0.9973,0.952,23.52941176470588,70.58823529411765,5.88235294117647
257,16,0.1297164495,0.16630939318651816,0.9695,0.9855,68.75,0.0,6.25
258,12,-0.0803896555,0.370493159907756,0.9847,0.9484999999999999,41.66666666666667,25.0,16.666666666666664
259,17,0.104025891,0.8011739763482061,0.701,0.923,0.0,70.58823529411765,0.0
260,19,0.197250552,0.320432783393735,0.9926,0.955,73.68421052631578,5.263157894736842,5.263157894736842
261,17,0.0572201159999999,0.167503011308118,0.9888,0.977,82.35294117647058,5.88235294117647,0.0
262,16,0.930664044,0.949694961346359,0.60115,0.689,0.0,12.5,31.25
263,20,0.8423821535,1.0155118338633844,0.0823,0.842,5.0,15.0,30.0
264,17,0.899173268,0.4030130790843262,0.6072,0.914,17.647058823529413,11.76470588235294,23.52941176470588
265,18,0.5404129955,0.663531001623336,0.5052,0.866,27.77777777777778,22.22222222222222,11.11111111111111
266,14,0.760229697,0.2974025932662129,0.9425,0.778,35.714285714285715,7.142857142857142,42.857142857142854
267,16,0.9833920745,0.625962157113623,0.3325,0.944,6.25,12.5,37.5
268,18,1.0242073299999999,0.8524162456665278,0.31179999999999997,0.914,11.11111111111111,5.555555555555555,44.44444444444444
269,19,0.683085218,0.45599303395686697,0.9575,0.692,36.84210526315789,5.263157894736842,21.052631578947366
270,18,0.886812425,0.5916586252807678,0.4631,0.8714999999999999,22.22222222222222,5.555555555555555,50.0
271,19,0.6831693120000001,0.4806283061389143,0.5291,0.876,36.84210526315789,0.0,26.31578947368421
272,18,0.667562887,0.8048076909673263,0.2984,0.828,5.555555555555555,27.77777777777778,22.22222222222222
273,17,0.752648242,0.6592588165571059,0.8423,0.983,23.52941176470588,17.647058823529413,29.411764705882355
274,16,-0.0314951195,0.038316448276852,0.9967,0.983,100.0,0.0,0.0
275,17,1.217600946,0.8757036544925959,0.3196,0.929,0.0,11.76470588235294,52.94117647058824
276,18,0.9918865895,0.9599586655579803,0.1309,0.901,5.555555555555555,22.22222222222222,38.88888888888889
277,18,0.2513287735,0.595604516848242,0.7284,0.957,33.33333333333333,33.33333333333333,5.555555555555555
278,17,0.230862982,0.11427934339258379,0.9762,0.959,64.70588235294117,0.0,11.76470588235294
279,18,1.581376455,0.9378073787459307,0.2162,0.696,11.11111111111111,0.0,83.33333333333334
280,20,0.8556746305,0.9402212776008193,0.082,0.89,0.0,20.0,25.0
281,20,0.740128511,0.4460379375840725,0.5019,0.914,40.0,0.0,20.0
282,17,1.38349865,0.7814897259119359,0.1267,0.932,5.88235294117647,11.76470588235294,64.70588235294117
283,17,0.654727872,0.7590881162920945,0.3659,0.951,11.76470588235294,29.411764705882355,23.52941176470588
284,18,1.0823052285,0.7494541394747135,0.2787,0.944,5.555555555555555,5.555555555555555,50.0
285,18,0.8489796275,0.5874938695919587,0.6416,0.934,22.22222222222222,16.666666666666664,33.33333333333333
286,17,1.350988649,0.9831347729473456,0.3061,0.924,5.88235294117647,11.76470588235294,58.82352941176471
287,17,0.271447101,0.9248555787568342,0.8843,0.986,5.88235294117647,52.94117647058824,29.411764705882355
288,18,1.351530394,0.9199780765176171,0.5549,0.801,0.0,11.11111111111111,66.66666666666666
289,17,0.303570399,0.4779792308953626,0.9361,0.981,41.17647058823529,29.411764705882355,5.88235294117647
290,17,-0.028585662,0.6667261134615761,0.9965,0.985,11.76470588235294,82.35294117647058,0.0
291,18,0.2224737485,0.21001958492881012,0.9954000000000001,0.985,55.55555555555556,11.11111111111111,0.0
292,18,0.8578113620000001,0.6077674806355392,0.6808,0.942,11.11111111111111,0.0,22.22222222222222
293,20,-0.0052054485,0.3564282290663433,0.556,0.744,60.0,15.0,5.0
294,18,-0.0878250095,0.6024448354016252,0.8707,0.904,33.33333333333333,55.55555555555556,5.555555555555555
295,18,-0.094170746,0.9290139437878793,0.9863,0.904,5.555555555555555,88.88888888888889,0.0
296,18,0.8507288705,0.978319663720864,0.8631,0.904,0.0,33.33333333333333,38.88888888888889
297,17,0.423989279,0.7544087929930132,0.9718,0.887,5.88235294117647,58.82352941176471,11.76470588235294
298,18,0.46986283549999996,0.4903356739020702,0.9215,0.97,22.22222222222222,27.77777777777778,27.77777777777778
299,18,0.02889141,0.03150734651788864,0.995,0.967,77.77777777777779,0.0,5.555555555555555
300,18,0.207297809,-0.032574647558403294,0.9905,0.973,72.22222222222221,5.555555555555555,16.666666666666664
301,19,0.872816244,0.4627701561630277,0.7079,0.954,26.31578947368421,5.263157894736842,31.57894736842105
302,19,0.547319381,0.021947036025817213,0.6585,0.947,36.84210526315789,10.526315789473683,31.57894736842105
303,17,0.112439347,0.082520342674924,0.9963,0.8305,94.11764705882352,0.0,0.0
304,19,0.620837639,0.7726233164117695,0.5966,0.792,0.0,31.57894736842105,21.052631578947366
305,20,0.9560751624999999,0.2116465630801578,0.5088,0.792,25.0,0.0,45.0
306,18,0.3269499535,0.20204920451711564,0.9374,0.793,50.0,16.666666666666664,11.11111111111111
307,19,0.951963283,0.686710555563845,0.5641,0.566,21.052631578947366,5.263157894736842,36.84210526315789
308,16,0.904635347,0.4837741734700892,0.36560000000000004,0.566,18.75,0.0,18.75
309,19,0.481053484,0.2042724656274948,0.9505,0.651,47.368421052631575,5.263157894736842,21.052631578947366
310,20,0.792681185,0.5822101963988215,0.4066,0.6845000000000001,20.0,15.0,35.0
311,17,1.294650152,0.5494254734950864,0.2668,0.6785,23.52941176470588,11.76470588235294,52.94117647058824
312,18,1.316464047,0.8200468073906817,0.49749999999999994,0.654,11.11111111111111,0.0,72.22222222222221
313,16,0.9684666055,0.716035312510489,0.36885,0.742,6.25,6.25,25.0
314,19,1.028540374,0.759300500802048,0.6851,0.803,10.526315789473683,10.526315789473683,47.368421052631575
315,18,0.7336510625,0.2586270738010527,0.9557,0.948,38.88888888888889,5.555555555555555,22.22222222222222
316,19,1.027521457,0.39922362547206003,0.9886,0.922,10.526315789473683,5.263157894736842,47.368421052631575
317,19,1.294402875,0.8291364953281495,0.1791,0.919,0.0,15.789473684210526,68.42105263157895
318,17,1.267112218,0.696933299495913,0.7883,0.6739999999999999,5.88235294117647,17.647058823529413,58.82352941176471
319,18,1.166498225,0.8310436903336045,0.19795000000000001,0.911,0.0,11.11111111111111,61.111111111111114
320,17,1.357038777,0.8616468539510296,0.1759,0.531,0.0,5.88235294117647,58.82352941176471
321,18,1.1531606565,0.9171228472581178,0.2184,0.59,5.555555555555555,5.555555555555555,50.0
322,18,1.2190111424999999,0.7570781931999209,0.208,0.531,5.555555555555555,0.0,55.55555555555556
323,18,1.114716408,0.8662796625401484,0.1422,0.662,11.11111111111111,11.11111111111111,55.55555555555556
324,19,0.289630267,0.23077346196278167,0.9775,0.896,52.63157894736842,0.0,10.526315789473683
325,17,1.07263541,0.9581661165097278,0.2497,0.642,0.0,5.88235294117647,47.05882352941176
326,17,1.15354298,0.8785528667064542,0.1395,0.6575,0.0,5.88235294117647,52.94117647058824
327,17,1.154072892,0.9681706322181851,0.3256,0.7055,0.0,11.76470588235294,52.94117647058824
328,18,1.059931844,0.716038634775173,0.6398,0.6625000000000001,0.0,22.22222222222222,44.44444444444444
329,17,1.502226041,0.6672267336456251,0.1667,0.675,5.88235294117647,0.0,58.82352941176471
330,19,0.6952409820000001,0.3678384208001291,0.992,0.8065,42.10526315789473,0.0,26.31578947368421
331,18,0.575295841,0.9995013713560894,0.5957,0.856,11.11111111111111,27.77777777777778,33.33333333333333
332,17,0.226143771,0.9178623062921366,0.8581,0.856,0.0,76.47058823529412,17.647058823529413
333,17,1.145506485,0.81048247602487,0.6504,0.758,11.76470588235294,11.76470588235294,52.94117647058824
334,18,0.9377055320000001,0.5883953466272587,0.923,0.9015,5.555555555555555,33.33333333333333,44.44444444444444
335,20,0.568033494,0.33511748344157266,0.926,0.911,40.0,5.0,40.0
336,20,0.39399080299999995,0.8564345850909701,0.6991,0.911,10.0,60.0,10.0
337,18,1.1218982450000001,0.7697398595735405,0.3787,0.911,5.555555555555555,11.11111111111111,55.55555555555556
338,19,0.361966631,0.19088995252323968,0.6016,0.97,57.89473684210527,0.0,21.052631578947366
339,18,0.3265367465,0.38727166706409033,0.9574,0.7270000000000001,50.0,11.11111111111111,5.555555555555555
340,20,0.9326402035000001,0.7608364889844125,0.1717,0.94,5.0,10.0,25.0
341,17,0.873567622,0.5072318779793186,0.8155,0.662,17.647058823529413,0.0,29.411764705882355
342,15,0.7433857970000001,0.809480101531798,0.1194,0.896,0.0,13.333333333333334,20.0
343,18,0.736479047,0.5895918740387138,0.21545,0.65,16.666666666666664,16.666666666666664,16.666666666666664
344,16,0.5424104875,0.5094240759332569,0.4369,0.688,37.5,6.25,12.5
345,16,0.9211522105,0.9185983548113585,0.4215,0.651,0.0,18.75,37.5
346,18,1.0200208270000002,0.719140400332232,0.4616,0.914,0.0,5.555555555555555,44.44444444444444
347,18,1.1754040365,0.8885003442844592,0.2692,0.6795,0.0,5.555555555555555,55.55555555555556
348,20,0.5763883285,0.5214737033854168,0.5388,0.678,25.0,0.0,25.0
349,17,0.805187381,0.8932039203295159,0.3802,0.6775,0.0,17.647058823529413,11.76470588235294
350,16,0.7912442934999999,0.44673828667403315,0.266,0.926,18.75,6.25,25.0
351,20,0.904212483,0.5340458030278855,0.9042,0.909,20.0,5.0,25.0
352,19,0.346327568,0.2630937897574742,0.9557,0.827,57.89473684210527,10.526315789473683,5.263157894736842
353,19,0.8217704,0.7371771789317858,0.1034,0.589,10.526315789473683,5.263157894736842,26.31578947368421
354,16,1.035696453,0.8012822294067508,0.1308,0.751,0.0,6.25,37.5
355,17,0.5533784420000001,0.35267357182557457,0.7312,0.856,47.05882352941176,0.0,17.647058823529413
356,16,0.5678304169999999,0.5134982690672716,0.7041,0.856,25.0,6.25,18.75
357,19,0.504406514,0.7287474173803106,0.8729,0.94,5.263157894736842,42.10526315789473,10.526315789473683
358,16,0.8010138809999999,0.7205094814861812,0.1941,0.785,6.25,31.25,25.0
359,17,0.804153036,0.5072456133092013,0.6021,0.653,11.76470588235294,0.0,11.76470588235294
360,20,1.036114485,0.7779360070534316,0.1618,0.8155,0.0,15.0,45.0
361,17,1.009907757,0.8595292939430565,0.0904,0.789,0.0,11.76470588235294,35.294117647058826
362,15,0.964508091,0.7085551766109597,0.1086,0.937,6.666666666666667,0.0,26.666666666666668
363,17,0.38876146,-0.025280147793851904,0.973,0.802,52.94117647058824,0.0,11.76470588235294
364,20,0.7503661645,0.4792611525247393,0.743,0.932,20.0,0.0,10.0
365,17,0.814493247,0.5545763808891855,0.3773,0.786,11.76470588235294,0.0,35.294117647058826
366,20,0.7930732795,0.745614157642511,0.3824,0.831,5.0,5.0,25.0
367,19,0.574962041,0.199166799420816,0.6847,0.915,47.368421052631575,0.0,10.526315789473683
368,16,0.795713815,0.7581036935260984,0.52755,0.924,6.25,12.5,18.75
369,17,0.919728353,0.7333722382019101,0.1875,0.787,11.76470588235294,5.88235294117647,35.294117647058826
370,17,0.2720691189999999,0.21919789559929567,0.355,0.908,64.70588235294117,5.88235294117647,11.76470588235294
371,20,0.28279143650000005,0.15951051212912454,0.8954,0.772,55.00000000000001,10.0,15.0
372,16,0.7606377470000001,0.773693981647809,0.3533,0.688,6.25,18.75,37.5
373,20,0.8435868525,0.7938868974636893,0.1212,0.901,10.0,15.0,20.0
374,20,0.2882127605,0.20396139965390453,0.8796,0.928,70.0,0.0,15.0
375,18,0.2809353925,0.6849885570230221,0.4806,0.928,11.11111111111111,50.0,5.555555555555555
376,17,0.955206016,0.8251620307588473,0.2251,0.988,5.88235294117647,5.88235294117647,29.411764705882355
377,17,-0.034909375,-0.147146140783705,0.9959,0.988,94.11764705882352,0.0,0.0
378,17,0.158816536,0.5658170955180795,0.9122,0.988,52.94117647058824,29.411764705882355,0.0
379,17,0.235188282,0.34969576860754753,0.9169,0.922,52.94117647058824,29.411764705882355,0.0
380,20,1.101406314,0.9584900503543505,0.3742,0.925,5.0,5.0,50.0
381,20,0.2686256585,0.2838050810035395,0.8613,0.889,40.0,25.0,15.0
382,20,-0.0005319340000000498,0.5737900774394907,0.7744,0.831,50.0,15.0,10.0
383,19,0.111351696,0.12918116262228732,0.5632,0.865,84.21052631578947,0.0,5.263157894736842
384,17,0.095990505,0.3047732892797889,0.575,0.8625,64.70588235294117,11.76470588235294,5.88235294117647
385,17,-0.058104552,0.527929512099742,0.8988,0.804,76.47058823529412,23.52941176470588,0.0
386,19,0.4220960239999999,0.3348676472738847,0.8368,0.814,47.368421052631575,10.526315789473683,26.31578947368421
387,17,0.086641925,0.0272337692852829,0.6817,0.871,70.58823529411765,5.88235294117647,0.0
388,17,0.083911846,0.2956931359535422,0.5829,0.908,82.35294117647058,5.88235294117647,0.0
389,20,0.0814013785,0.12612004581833564,0.8255,0.91,70.0,0.0,20.0
390,19,0.148936015,0.22324884000387746,0.8439,0.956,63.1578947368421,5.263157894736842,10.526315789473683
391,15,0.989847837,0.814399104622245,0.324,0.878,6.666666666666667,6.666666666666667,13.333333333333334
392,17,0.617913397,0.4714639847323527,0.7117,0.8825000000000001,17.647058823529413,5.88235294117647,29.411764705882355
393,18,0.5605293115000001,0.2299230641767633,0.942,0.9195,50.0,0.0,27.77777777777778
394,17,0.648470297,0.5399975308891889,0.5424,0.801,23.52941176470588,5.88235294117647,23.52941176470588
395,18,0.8704892805,0.69915897980497,0.2084,0.801,0.0,11.11111111111111,38.88888888888889
396,20,1.001887016,0.8690902751727396,0.1412,0.697,10.0,0.0,45.0
397,16,0.6750355995,0.5574760772754497,0.6561,0.886,31.25,0.0,6.25
398,20,0.9321855915,0.7094295339345851,0.1013,0.7355,5.0,15.0,20.0
399,18,0.9349412284999999,0.8573319351667125,0.16995,0.442,11.11111111111111,5.555555555555555,27.77777777777778
400,16,0.9241582559999999,0.8217628780580308,0.1575,0.948,6.25,6.25,31.25
401,20,0.903099962,0.8585962142449315,0.09809999999999999,0.425,0.0,5.0,30.0
402,19,1.04718597,0.8953777485704906,0.6384,0.556,0.0,10.526315789473683,42.10526315789473
403,17,0.954857516,0.8543002636232395,0.1747,0.72,0.0,5.88235294117647,41.17647058823529
404,20,0.506322863,0.45528640382389085,0.802,0.736,45.0,5.0,5.0
405,17,1.477167034,0.7626603230716782,0.7464,0.952,11.76470588235294,0.0,76.47058823529412
406,20,0.05444589949999995,0.06692787919096875,0.8709,0.952,80.0,5.0,5.0
407,18,0.1983710795,0.39116375936012304,0.976,0.946,66.66666666666666,5.555555555555555,5.555555555555555
408,20,0.1399627265,0.4169348579413734,0.7909,0.981,65.0,0.0,0.0
409,16,0.10968382499999996,0.7497693762174145,0.99035,0.9059999999999999,18.75,62.5,6.25
410,17,-0.117524426,0.41194502632938174,0.9979,0.903,64.70588235294117,29.411764705882355,0.0
411,19,0.089014594,0.9378604316644273,0.6853,0.942,0.0,73.68421052631578,5.263157894736842
412,18,0.228742545,0.6082886435578171,0.8958,0.965,38.88888888888889,33.33333333333333,5.555555555555555
413,17,-0.000893945,0.38415801770145824,0.9813,0.9655,82.35294117647058,5.88235294117647,0.0
414,18,1.107944936,0.5042070329664564,0.9576,0.894,11.11111111111111,0.0,50.0
415,19,0.539802899,0.8467150841240608,0.6164,0.865,10.526315789473683,26.31578947368421,15.789473684210526
416,19,0.485752266,0.6902452209338173,0.9935,0.931,31.57894736842105,21.052631578947366,21.052631578947366
417,18,1.0721006169999998,0.7918232999640773,0.8617,0.931,5.555555555555555,5.555555555555555,50.0
418,20,1.0479699070000001,0.788412055054844,0.0887,0.969,0.0,15.0,40.0
419,18,0.07916128999999994,0.08525326982650375,0.9953,0.962,83.33333333333334,0.0,0.0
420,19,0.560429032,0.6962064727498424,0.5736,0.67,26.31578947368421,21.052631578947366,21.052631578947366
421,18,0.9432076920000001,0.8363475476717259,0.2526,0.737,5.555555555555555,0.0,38.88888888888889
422,16,1.1396150675,0.8117722536567687,0.52125,0.76,0.0,12.5,56.25
423,19,0.308813036,0.12429665785433072,0.9681,0.76,52.63157894736842,10.526315789473683,21.052631578947366
424,20,0.7383866705,0.7066720309918475,0.5703,0.857,0.0,30.0,15.0
425,16,0.9293707120000001,0.5262878030447217,0.1287,0.845,18.75,0.0,31.25
426,19,0.8366878609999999,0.946722045803263,0.1054,0.604,10.526315789473683,5.263157894736842,26.31578947368421
427,19,0.293627164,0.2786877162497527,0.5379,0.809,47.368421052631575,15.789473684210526,21.052631578947366
428,17,0.930869735,0.948337214596064,0.2165,0.938,0.0,11.76470588235294,35.294117647058826
429,17,1.026148383,0.9851605008011713,0.1517,0.772,0.0,5.88235294117647,35.294117647058826
430,18,0.38743489200000003,0.28215009360703214,0.9248000000000001,0.419,61.111111111111114,0.0,5.555555555555555
431,17,0.8631442229999999,0.5197633177232863,0.185,0.953,23.52941176470588,0.0,35.294117647058826
432,18,0.8729154035,0.7920364891465262,0.29769999999999996,0.8055,16.666666666666664,5.555555555555555,16.666666666666664
433,19,1.034741958,0.9036401238472035,0.0845,0.894,0.0,10.526315789473683,47.368421052631575
434,20,0.634368074,0.38145750165047615,0.5726,0.546,30.0,0.0,10.0
435,17,0.980770125,0.7798248768255005,0.2095,0.728,5.88235294117647,5.88235294117647,29.411764705882355
436,19,0.249780608,0.13456699321559465,0.9024,0.821,52.63157894736842,5.263157894736842,15.789473684210526
437,15,1.082105222,0.9464575939995448,0.1687,0.863,13.333333333333334,0.0,46.666666666666664
438,18,0.31707577649999996,0.28193890360205626,0.9926,0.853,83.33333333333334,0.0,0.0
439,19,0.714140738,0.7154740555659459,0.3565,0.794,5.263157894736842,15.789473684210526,21.052631578947366
440,17,1.311867479,0.7433064131386294,0.2741,0.8374999999999999,5.88235294117647,5.88235294117647,64.70588235294117
441,20,0.5922592710000001,0.6370292870777229,0.6425,0.877,10.0,35.0,30.0
442,18,1.671751559,0.8189888331307758,0.34625,0.887,5.555555555555555,5.555555555555555,83.33333333333334
443,18,0.600822528,0.39942523527096996,0.6932,0.95,27.77777777777778,11.11111111111111,33.33333333333333
444,17,0.223744206,0.7920768898279817,0.9528,0.963,0.0,76.47058823529412,0.0
445,20,-0.28673086950000004,1.1153873301095125,0.8011,0.953,0.0,95.0,0.0
446,17,0.503619986,1.04954484795965,0.8485,0.938,0.0,47.05882352941176,29.411764705882355
447,17,0.595357665,1.0051003211134892,0.8016,0.8385,0.0,41.17647058823529,29.411764705882355
448,18,-0.152958555,0.8131958723601808,0.9948,0.948,0.0,94.44444444444444,0.0
449,17,-0.123055453,0.8146381581919151,0.7907,0.909,0.0,88.23529411764706,0.0
450,17,-0.140422609,0.9216736335854204,0.9377,0.909,0.0,100.0,0.0
451,19,-0.061359053,0.835312129959268,0.9575,0.826,0.0,84.21052631578947,5.263157894736842
452,19,0.7441927540000001,0.727803811168353,0.8411,0.708,0.0,47.368421052631575,36.84210526315789
453,20,0.20371798200000002,0.9525258518672555,0.3624,0.825,5.0,70.0,20.0
454,17,0.561735664,0.768724214714546,0.9087,0.903,0.0,47.05882352941176,23.52941176470588
455,19,1.890335685,0.7945131265165077,0.5598,0.878,0.0,10.526315789473683,89.47368421052632
456,12,2.777449774,0.8312212109074468,0.4363,0.794,0.0,8.333333333333332,91.66666666666666
457,18,0.9538948755,0.9698828058861365,0.3381,0.832,0.0,16.666666666666664,38.88888888888889
458,18,1.316155641,0.6339753556809702,0.6277,0.792,0.0,5.555555555555555,66.66666666666666
459,18,2.2549772205,0.7935982711319705,0.3323,0.763,5.555555555555555,11.11111111111111,72.22222222222221
460,15,2.431498413,0.9162267640266774,0.2609,0.5795,0.0,0.0,86.66666666666667
461,18,1.2136826250000001,0.9802906790676916,0.1554,0.562,5.555555555555555,11.11111111111111,61.111111111111114
462,20,1.16506284,0.9041268902823889,0.158,0.437,0.0,0.0,70.0
463,18,1.1761374999999998,1.0188542109329888,0.0963,0.401,0.0,0.0,66.66666666666666
464,18,0.899092109,0.7180475408818876,0.12079999999999999,0.398,0.0,5.555555555555555,16.666666666666664
465,15,1.127212136,0.699323212266512,0.1295,0.36450000000000005,0.0,13.333333333333334,53.333333333333336
