gene,protein,mechanism,revel_score,am_score,am_class,am_source_note,am_fetched,pos,plddt,plddt_cat,pos_mean_am
ABCC8,p.Val86Ala,GoF,0.794,0.4241,ambiguous,Cheng et al. Science 2023; UniProt Q09428 pos 86 Val>Ala,True,86,94.0,H,0.706988888888889
ABCC8,p.Val86Gly,GoF,0.97,0.3959,ambiguous,Cheng et al. Science 2023; UniProt Q09428 pos 86 Val>Gly,True,86,94.0,H,0.7085555555555556
ABCC8,p.Phe132Leu,GoF,0.89,0.9882,pathogenic,Cheng et al. Science 2023; UniProt Q09428 pos 132 Phe>Leu,True,132,85.81,M,0.9119166666666668
ABCC8,p.Phe132Val,GoF,0.808,0.8448,pathogenic,Cheng et al. Science 2023; UniProt Q09428 pos 132 Phe>Val,True,132,85.81,M,0.9198833333333334
ABCC8,p.Glu208Lys,GoF,0.669,0.4002,ambiguous,Cheng et al. Science 2023; UniProt Q09428 pos 208 Glu>Lys,True,208,84.88,M,0.6698
ABCC8,p.Asp209Glu,GoF,0.739,0.9827,pathogenic,Cheng et al. Science 2023; UniProt Q09428 pos 209 Asp>Glu,True,209,80.94,M,0.9920277777777778
ABCC8,p.Gln211Lys,GoF,0.617,0.4415,ambiguous,Cheng et al. Science 2023; UniProt Q09428 pos 211 Gln>Lys,True,211,78.94,M,0.8272055555555556
ABCC8,p.Leu213Arg,GoF,0.72,0.7097,pathogenic,Cheng et al. Science 2023; UniProt Q09428 pos 213 Leu>Arg,True,213,71.62,M,0.8227833333333333
ABCC8,p.Leu225Pro,GoF,0.769,0.6569,pathogenic,Cheng et al. Science 2023; UniProt Q09428 pos 225 Leu>Pro,True,225,92.31,H,0.7602166666666667
ABCC8,p.Thr229Ile,GoF,0.894,0.9431,pathogenic,Cheng et al. Science 2023; UniProt Q09428 pos 229 Thr>Ile,True,229,93.56,H,0.8836944444444444
ABCC8,p.Val324Met,GoF,0.895,0.7948,pathogenic,Cheng et al. Science 2023; UniProt Q09428 pos 324 Val>Met,True,324,91.44,H,0.8863222222222222
ABCC8,p.Leu451Pro,GoF,0.936,0.9941,pathogenic,Cheng et al. Science 2023; UniProt Q09428 pos 451 Leu>Pro,True,451,93.38,H,0.8532277777777778
ABCC8,p.Leu582Val,GoF,0.839,0.6427,pathogenic,Cheng et al. Science 2023; UniProt Q09428 pos 582 Leu>Val,True,582,92.69,H,0.9451777777777776
ABCC8,p.Arg826Trp,GoF,0.855,0.832,likely_pathogenic,Cheng et al. Science 2023; UniProt Q09428 pos 826 Arg>Trp,True,826,58.25,L,0.845
ABCC8,p.His1024Tyr,GoF,0.687,0.582,likely_pathogenic,Cheng et al. Science 2023; UniProt Q09428 pos 1024 His>Tyr,True,1024,96.12,H,0.8623277777777778
ABCC8,p.Asn1123Asp,GoF,0.896,0.767,likely_pathogenic,Cheng et al. Science 2023; UniProt Q09428 pos 1123 Asn>Asp,True,1123,88.12,M,0.7494388888888888
ABCC8,p.Arg1183Trp,GoF,0.885,0.891,likely_pathogenic,Cheng et al. Science 2023; UniProt Q09428 pos 1183 Arg>Trp,True,1183,88.12,M,0.8252333333333333
ABCC8,p.Arg1183Gln,GoF,0.767,0.743,likely_pathogenic,Cheng et al. Science 2023; UniProt Q09428 pos 1183 Arg>Gln,True,1183,88.12,M,0.8394166666666666
ABCC8,p.Arg1314His,GoF,0.933,0.854,likely_pathogenic,Cheng et al. Science 2023; UniProt Q09428 pos 1314 Arg>His,True,1314,90.62,H,0.8068611111111111
ABCC8,p.Arg1380Cys,GoF,0.953,0.923,likely_pathogenic,Cheng et al. Science 2023; UniProt Q09428 pos 1380 Arg>Cys,True,1380,68.62,L,0.9242388888888888
ABCC8,p.Arg1380His,GoF,0.964,0.891,likely_pathogenic,Cheng et al. Science 2023; UniProt Q09428 pos 1380 Arg>His,True,1380,68.62,L,0.9314888888888888
ABCC8,p.Arg1380Leu,GoF,0.959,0.906,likely_pathogenic,Cheng et al. Science 2023; UniProt Q09428 pos 1380 Arg>Leu,True,1380,68.62,L,0.9192277777777778
ABCC8,p.Ile1425Val,GoF,0.772,0.498,ambiguous,Cheng et al. Science 2023; UniProt Q09428 pos 1425 Ile>Val,True,1425,85.56,M,0.9768833333333332
ABCC8,p.Gly7Arg,LoF,0.954,0.9425,pathogenic,Cheng et al. Science 2023; UniProt Q09428 pos 7 Gly>Arg,True,7,78.69,M,0.9454222222222224
ABCC8,p.Val21Asp,LoF,0.863,0.9106,pathogenic,Cheng et al. Science 2023; UniProt Q09428 pos 21 Val>Asp,True,21,88.12,M,0.7084888888888888
ABCC8,p.Asn24Lys,LoF,0.858,0.9894,pathogenic,Cheng et al. Science 2023; UniProt Q09428 pos 24 Asn>Lys,True,24,86.31,M,0.9286777777777778
ABCC8,p.Arg74Trp,LoF,0.976,0.9705,pathogenic,Cheng et al. Science 2023; UniProt Q09428 pos 74 Arg>Trp,True,74,93.94,H,0.9857833333333332
ABCC8,p.Gly111Trp,LoF,0.636,0.542,ambiguous,Cheng et al. Science 2023; UniProt Q09428 pos 111 Gly>Trp,True,111,94.06,H,0.5144333333333333
ABCC8,p.His125Gln,LoF,0.888,0.9269,pathogenic,Cheng et al. Science 2023; UniProt Q09428 pos 125 His>Gln,True,125,90.31,H,0.9364833333333332
ABCC8,p.Val187Asp,LoF,0.815,0.8866,pathogenic,Cheng et al. Science 2023; UniProt Q09428 pos 187 Val>Asp,True,187,92.19,H,0.5037055555555556
ABCC8,p.Gly228Asp,LoF,0.614,0.9575,pathogenic,Cheng et al. Science 2023; UniProt Q09428 pos 228 Gly>Asp,True,228,91.38,H,0.6764722222222223
ABCC8,p.Asp310Asn,LoF,0.833,0.9557,pathogenic,Cheng et al. Science 2023; UniProt Q09428 pos 310 Asp>Asn,True,310,93.0,H,0.9921
ABCC8,p.Arg370Gly,LoF,0.644,0.9126,pathogenic,Cheng et al. Science 2023; UniProt Q09428 pos 370 Arg>Gly,True,370,93.69,H,0.9215166666666668
ABCC8,p.Arg370Ser,LoF,0.559,0.9781,pathogenic,Cheng et al. Science 2023; UniProt Q09428 pos 370 Arg>Ser,True,370,93.69,H,0.9178777777777776
ABCC8,p.Arg495Gln,LoF,0.872,0.9378,pathogenic,Cheng et al. Science 2023; UniProt Q09428 pos 495 Arg>Gln,True,495,94.31,H,0.9813555555555556
ABCC8,p.Arg1215Trp,LoF,0.964,0.944,likely_pathogenic,Cheng et al. Science 2023; UniProt Q09428 pos 1215 Arg>Trp,True,1215,89.38,M,0.9832333333333336
ABCC8,p.Arg1353His,LoF,0.934,0.876,likely_pathogenic,Cheng et al. Science 2023; UniProt Q09428 pos 1353 Arg>His,True,1353,74.38,M,0.8483611111111111
ABCC8,p.Lys1374Arg,LoF,0.868,0.812,likely_pathogenic,Cheng et al. Science 2023; UniProt Q09428 pos 1374 Lys>Arg,True,1374,91.69,H,0.9532722222222222
ABCC8,p.Ser1386Pro,LoF,0.979,0.9965,pathogenic,Cheng et al. Science 2023; UniProt Q09428 pos 1386 Ser>Pro,True,1386,85.94,M,0.95075
ABCC8,p.Gly1478Val,LoF,0.88,0.9973,pathogenic,Cheng et al. Science 2023; UniProt Q09428 pos 1478 Gly>Val,True,1478,76.44,M,0.995288888888889
ABCC8,p.Gly1479Arg,LoF,0.939,0.934,likely_pathogenic,Cheng et al. Science 2023; UniProt Q09428 pos 1479 Gly>Arg,True,1479,74.88,M,0.99525
ABCC8,p.Arg1494Trp,LoF,0.93,0.948,likely_pathogenic,Cheng et al. Science 2023; UniProt Q09428 pos 1494 Arg>Trp,True,1494,86.88,M,0.9941666666666666
ABCC8,p.Arg1494Gln,LoF,0.979,0.912,likely_pathogenic,Cheng et al. Science 2023; UniProt Q09428 pos 1494 Arg>Gln,True,1494,86.88,M,0.9948722222222224
ABCC8,p.Glu1507Lys,LoF,0.963,0.931,likely_pathogenic,Cheng et al. Science 2023; UniProt Q09428 pos 1507 Glu>Lys,True,1507,79.31,M,0.99945
ABCC8,p.Ile1512Thr,LoF,0.927,0.878,likely_pathogenic,Cheng et al. Science 2023; UniProt Q09428 pos 1512 Ile>Thr,True,1512,72.81,M,0.89285
ABCC8,p.Arg1539Gln,LoF,0.877,0.843,likely_pathogenic,Cheng et al. Science 2023; UniProt Q09428 pos 1539 Arg>Gln,True,1539,75.38,M,0.9745777777777778
ABCC8,p.Leu1544Pro,LoF,0.915,0.903,likely_pathogenic,Cheng et al. Science 2023; UniProt Q09428 pos 1544 Leu>Pro,True,1544,81.56,M,0.6290666666666667
GCK,p.Ser64Tyr,GoF,0.984,0.3823,ambiguous,Cheng et al. Science 2023; UniProt P35557 pos 64 Ser>Tyr,True,64,79.25,M,0.4678277777777777
GCK,p.Thr65Ile,GoF,0.82,0.325,benign,Cheng et al. Science 2023; UniProt P35557 pos 65 Thr>Ile,True,65,77.88,M,0.5571944444444444
GCK,p.Gly68Val,GoF,0.993,0.9341,pathogenic,Cheng et al. Science 2023; UniProt P35557 pos 68 Gly>Val,True,68,75.81,M,0.9126444444444444
GCK,p.Trp99Arg,GoF,0.753,0.616,pathogenic,Cheng et al. Science 2023; UniProt P35557 pos 99 Trp>Arg,True,99,73.19,M,0.5331666666666668
GCK,p.Tyr214Cys,GoF,0.706,0.26,benign,Cheng et al. Science 2023; UniProt P35557 pos 214 Tyr>Cys,True,214,90.44,H,0.66585
GCK,p.Val452Leu,GoF,0.601,0.6364,pathogenic,Cheng et al. Science 2023; UniProt P35557 pos 452 Val>Leu,True,452,91.06,H,0.89515
GCK,p.Val455Met,GoF,0.853,0.5295,ambiguous,Cheng et al. Science 2023; UniProt P35557 pos 455 Val>Met,True,455,87.44,M,0.7439611111111111
GCK,p.Ala456Val,GoF,0.883,0.3825,ambiguous,Cheng et al. Science 2023; UniProt P35557 pos 456 Ala>Val,True,456,88.06,M,0.7258166666666667
GCK,p.Gly44Ser,LoF,0.962,0.962,pathogenic,Cheng et al. Science 2023; UniProt P35557 pos 44 Gly>Ser,True,44,98.25,H,0.98955
GCK,p.Gly44Asp,LoF,0.995,0.9952,pathogenic,Cheng et al. Science 2023; UniProt P35557 pos 44 Gly>Asp,True,44,98.25,H,0.9877055555555556
GCK,p.Tyr108His,LoF,0.949,0.8465,pathogenic,Cheng et al. Science 2023; UniProt P35557 pos 108 Tyr>His,True,108,96.25,H,0.8950111111111112
GCK,p.Cys129Tyr,LoF,0.97,0.9482,pathogenic,Cheng et al. Science 2023; UniProt P35557 pos 129 Cys>Tyr,True,129,97.44,H,0.9275333333333332
GCK,p.Phe150Ser,LoF,0.983,0.9954,pathogenic,Cheng et al. Science 2023; UniProt P35557 pos 150 Phe>Ser,True,150,95.06,H,0.984711111111111
GCK,p.Asp160Asn,LoF,0.712,0.3644,ambiguous,Cheng et al. Science 2023; UniProt P35557 pos 160 Asp>Asn,True,160,93.31,H,0.8697555555555555
GCK,p.Asn180Lys,LoF,0.751,0.9733,pathogenic,Cheng et al. Science 2023; UniProt P35557 pos 180 Asn>Lys,True,180,97.19,H,0.7910722222222222
GCK,p.Val182Met,LoF,0.937,0.8774,pathogenic,Cheng et al. Science 2023; UniProt P35557 pos 182 Val>Met,True,182,96.69,H,0.8282333333333334
GCK,p.Ala188Thr,LoF,0.933,0.8523,pathogenic,Cheng et al. Science 2023; UniProt P35557 pos 188 Ala>Thr,True,188,97.56,H,0.9026055555555555
GCK,p.Arg191Trp,LoF,0.936,0.8326,pathogenic,Cheng et al. Science 2023; UniProt P35557 pos 191 Arg>Trp,True,191,97.38,H,0.8458944444444446
GCK,p.Ala201Ser,LoF,0.929,0.3531,ambiguous,Cheng et al. Science 2023; UniProt P35557 pos 201 Ala>Ser,True,201,94.19,H,0.9192777777777776
GCK,p.Val203Ala,LoF,0.946,0.8324,pathogenic,Cheng et al. Science 2023; UniProt P35557 pos 203 Val>Ala,True,203,94.69,H,0.8832111111111112
GCK,p.Gly223Ser,LoF,0.943,0.9203,pathogenic,Cheng et al. Science 2023; UniProt P35557 pos 223 Gly>Ser,True,223,97.56,H,0.9812444444444444
GCK,p.Gly261Arg,LoF,0.914,0.99,pathogenic,Cheng et al. Science 2023; UniProt P35557 pos 261 Gly>Arg,True,261,98.0,H,0.9877444444444444
GCK,p.Glu265Lys,LoF,0.728,0.7229,pathogenic,Cheng et al. Science 2023; UniProt P35557 pos 265 Glu>Lys,True,265,98.19,H,0.6548666666666667
GCK,p.Asp278Glu,LoF,0.896,0.9639,pathogenic,Cheng et al. Science 2023; UniProt P35557 pos 278 Asp>Glu,True,278,97.06,H,0.9515055555555556
GCK,p.Ser340Ile,LoF,0.792,0.4489,ambiguous,Cheng et al. Science 2023; UniProt P35557 pos 340 Ser>Ile,True,340,95.12,H,0.4432611111111111
GCK,p.Met381Thr,LoF,0.93,0.8388,pathogenic,Cheng et al. Science 2023; UniProt P35557 pos 381 Met>Thr,True,381,98.75,H,0.8180888888888889
GCK,p.Arg392Cys,LoF,0.911,0.4084,ambiguous,Cheng et al. Science 2023; UniProt P35557 pos 392 Arg>Cys,True,392,97.25,H,0.6612666666666667
GCK,p.Arg397Leu,LoF,0.925,0.5348,ambiguous,Cheng et al. Science 2023; UniProt P35557 pos 397 Arg>Leu,True,397,94.81,H,0.6065444444444444
KCNJ11,p.Ser3Cys,GoF,0.658,0.3454,ambiguous,Cheng et al. Science 2023; UniProt Q14654 pos 3 Ser>Cys,True,3,45.44,D,0.4558777777777777
KCNJ11,p.His46Tyr,GoF,0.845,0.6795,pathogenic,Cheng et al. Science 2023; UniProt Q14654 pos 46 His>Tyr,True,46,87.31,M,0.898411111111111
KCNJ11,p.Arg50Gln,GoF,0.831,0.1631,benign,Cheng et al. Science 2023; UniProt Q14654 pos 50 Arg>Gln,True,50,84.38,M,0.6837777777777778
KCNJ11,p.Arg50Pro,GoF,0.887,0.8243,pathogenic,Cheng et al. Science 2023; UniProt Q14654 pos 50 Arg>Pro,True,50,84.38,M,0.6470444444444444
KCNJ11,p.Glu51Ala,GoF,0.907,0.7501,pathogenic,Cheng et al. Science 2023; UniProt Q14654 pos 51 Glu>Ala,True,51,82.0,M,0.8804555555555557
KCNJ11,p.Gln52Arg,GoF,0.811,0.3033,benign,Cheng et al. Science 2023; UniProt Q14654 pos 52 Gln>Arg,True,52,78.38,M,0.6711611111111111
KCNJ11,p.Gly53Ser,GoF,0.794,0.4657,ambiguous,Cheng et al. Science 2023; UniProt Q14654 pos 53 Gly>Ser,True,53,81.0,M,0.8464722222222222
KCNJ11,p.Gly53Arg,GoF,0.817,0.8636,pathogenic,Cheng et al. Science 2023; UniProt Q14654 pos 53 Gly>Arg,True,53,81.0,M,0.8243666666666667
KCNJ11,p.Gly53Asp,GoF,0.841,0.8569,pathogenic,Cheng et al. Science 2023; UniProt Q14654 pos 53 Gly>Asp,True,53,81.0,M,0.8247388888888889
KCNJ11,p.Val59Met,GoF,0.766,0.3397,benign,Cheng et al. Science 2023; UniProt Q14654 pos 59 Val>Met,True,59,89.06,M,0.7727277777777777
KCNJ11,p.Val59Gly,GoF,0.939,0.7625,pathogenic,Cheng et al. Science 2023; UniProt Q14654 pos 59 Val>Gly,True,59,89.06,M,0.7492388888888889
KCNJ11,p.Leu164Pro,GoF,0.973,0.9815,pathogenic,Cheng et al. Science 2023; UniProt Q14654 pos 164 Leu>Pro,True,164,94.38,H,0.8999777777777778
KCNJ11,p.Cys166Tyr,GoF,0.954,0.9402,pathogenic,Cheng et al. Science 2023; UniProt Q14654 pos 166 Cys>Tyr,True,166,93.38,H,0.8656277777777777
KCNJ11,p.Cys166Phe,GoF,0.944,0.6399,pathogenic,Cheng et al. Science 2023; UniProt Q14654 pos 166 Cys>Phe,True,166,93.38,H,0.882311111111111
KCNJ11,p.Ile167Leu,GoF,0.828,0.3338,benign,Cheng et al. Science 2023; UniProt Q14654 pos 167 Ile>Leu,True,167,93.25,H,0.8783388888888888
KCNJ11,p.Lys170Thr,GoF,0.99,0.9893,pathogenic,Cheng et al. Science 2023; UniProt Q14654 pos 170 Lys>Thr,True,170,93.38,H,0.9736055555555556
KCNJ11,p.Lys170Arg,GoF,0.946,0.632,pathogenic,Cheng et al. Science 2023; UniProt Q14654 pos 170 Lys>Arg,True,170,93.38,H,0.9934555555555554
KCNJ11,p.Lys170Asn,GoF,0.886,0.9972,pathogenic,Cheng et al. Science 2023; UniProt Q14654 pos 170 Lys>Asn,True,170,93.38,H,0.9731666666666666
KCNJ11,p.Glu179Ala,GoF,0.945,0.4982,ambiguous,Cheng et al. Science 2023; UniProt Q14654 pos 179 Glu>Ala,True,179,90.88,H,0.8074444444444444
KCNJ11,p.Ile182Val,GoF,0.786,0.2485,benign,Cheng et al. Science 2023; UniProt Q14654 pos 182 Ile>Val,True,182,95.56,H,0.8985833333333333
KCNJ11,p.Arg201Ser,GoF,0.969,0.9973,pathogenic,Cheng et al. Science 2023; UniProt Q14654 pos 201 Arg>Ser,True,201,97.0,H,0.9765388888888888
KCNJ11,p.Arg201Cys,GoF,0.977,0.9208,pathogenic,Cheng et al. Science 2023; UniProt Q14654 pos 201 Arg>Cys,True,201,97.0,H,0.9807888888888888
KCNJ11,p.Arg201His,GoF,0.982,0.9545,pathogenic,Cheng et al. Science 2023; UniProt Q14654 pos 201 Arg>His,True,201,97.0,H,0.9789166666666668
KCNJ11,p.Arg201Leu,GoF,0.986,0.9725,pathogenic,Cheng et al. Science 2023; UniProt Q14654 pos 201 Arg>Leu,True,201,97.0,H,0.9779166666666668
KCNJ11,p.Glu227Lys,GoF,0.972,0.678,pathogenic,Cheng et al. Science 2023; UniProt Q14654 pos 227 Glu>Lys,True,227,94.56,H,0.7064888888888888
KCNJ11,p.Glu229Lys,GoF,0.981,0.8254,pathogenic,Cheng et al. Science 2023; UniProt Q14654 pos 229 Glu>Lys,True,229,94.0,H,0.8788333333333334
KCNJ11,p.Leu233Phe,GoF,0.752,0.5916,pathogenic,Cheng et al. Science 2023; UniProt Q14654 pos 233 Leu>Phe,True,233,89.75,M,0.8253777777777778
KCNJ11,p.Val252Met,GoF,0.918,0.6863,pathogenic,Cheng et al. Science 2023; UniProt Q14654 pos 252 Val>Met,True,252,92.88,H,0.8394277777777778
KCNJ11,p.Val252Gly,GoF,0.97,0.7622,pathogenic,Cheng et al. Science 2023; UniProt Q14654 pos 252 Val>Gly,True,252,92.88,H,0.8352111111111111
KCNJ11,p.Thr293Asn,GoF,0.832,0.5499,ambiguous,Cheng et al. Science 2023; UniProt Q14654 pos 293 Thr>Asn,True,293,91.62,H,0.7624277777777778
KCNJ11,p.Ile296Leu,GoF,0.834,0.4935,ambiguous,Cheng et al. Science 2023; UniProt Q14654 pos 296 Ile>Leu,True,296,93.69,H,0.8835666666666667
KCNJ11,p.Glu322Lys,GoF,0.911,0.5191,ambiguous,Cheng et al. Science 2023; UniProt Q14654 pos 322 Glu>Lys,True,322,92.06,H,0.6936055555555556
KCNJ11,p.Tyr330Ser,GoF,0.981,0.9726,pathogenic,Cheng et al. Science 2023; UniProt Q14654 pos 330 Tyr>Ser,True,330,93.62,H,0.94565
KCNJ11,p.Gly334Asp,GoF,0.787,0.9579,pathogenic,Cheng et al. Science 2023; UniProt Q14654 pos 334 Gly>Asp,True,334,92.44,H,0.9099888888888888
KCNJ11,p.Arg34His,LoF,0.965,0.8781,pathogenic,Cheng et al. Science 2023; UniProt Q14654 pos 34 Arg>His,True,34,88.88,M,0.97665
KCNJ11,p.Gly40Asp,LoF,0.988,0.9917,pathogenic,Cheng et al. Science 2023; UniProt Q14654 pos 40 Gly>Asp,True,40,90.88,H,0.9944833333333332
KCNJ11,p.Phe55Leu,LoF,0.924,0.9941,pathogenic,Cheng et al. Science 2023; UniProt Q14654 pos 55 Phe>Leu,True,55,78.12,M,0.9468333333333332
KCNJ11,p.Thr62Met,LoF,0.952,0.8933,pathogenic,Cheng et al. Science 2023; UniProt Q14654 pos 62 Thr>Met,True,62,91.44,H,0.9582666666666666
KCNJ11,p.Lys67Asn,LoF,0.815,0.5152,ambiguous,Cheng et al. Science 2023; UniProt Q14654 pos 67 Lys>Asn,True,67,93.88,H,0.5326888888888889
KCNJ11,p.Trp91Arg,LoF,0.953,0.9863,pathogenic,Cheng et al. Science 2023; UniProt Q14654 pos 91 Trp>Arg,True,91,95.12,H,0.8424444444444446
KCNJ11,p.Ala101Asp,LoF,0.467,0.0637,benign,Cheng et al. Science 2023; UniProt Q14654 pos 101 Ala>Asp,True,101,82.69,M,0.1190611111111111
KCNJ11,p.Ser116Pro,LoF,0.93,0.9766,pathogenic,Cheng et al. Science 2023; UniProt Q14654 pos 116 Ser>Pro,True,116,92.19,H,0.7268388888888889
KCNJ11,p.Gly134Ala,LoF,0.976,0.9035,pathogenic,Cheng et al. Science 2023; UniProt Q14654 pos 134 Gly>Ala,True,134,89.44,M,0.9791666666666666
KCNJ11,p.Arg136Leu,LoF,0.984,0.9408,pathogenic,Cheng et al. Science 2023; UniProt Q14654 pos 136 Arg>Leu,True,136,92.5,H,0.9123611111111112
KCNJ11,p.Gly156Arg,LoF,0.99,0.9923,pathogenic,Cheng et al. Science 2023; UniProt Q14654 pos 156 Gly>Arg,True,156,95.94,H,0.9034833333333332
KCNJ11,p.Asp204Glu,LoF,0.948,0.9957,pathogenic,Cheng et al. Science 2023; UniProt Q14654 pos 204 Asp>Glu,True,204,95.12,H,0.9894
KCNJ11,p.Ala213Thr,LoF,0.954,0.5882,pathogenic,Cheng et al. Science 2023; UniProt Q14654 pos 213 Ala>Thr,True,213,95.31,H,0.9115333333333332
KCNJ11,p.Pro254Leu,LoF,0.971,0.9939,pathogenic,Cheng et al. Science 2023; UniProt Q14654 pos 254 Pro>Leu,True,254,95.88,H,0.99715
KCNJ11,p.His259Arg,LoF,0.993,0.9812,pathogenic,Cheng et al. Science 2023; UniProt Q14654 pos 259 His>Arg,True,259,95.06,H,0.9864277777777776
KCNJ11,p.Pro266Leu,LoF,0.979,0.6864,pathogenic,Cheng et al. Science 2023; UniProt Q14654 pos 266 Pro>Leu,True,266,90.31,H,0.9042888888888888
KCNJ11,p.Glu282Lys,LoF,0.961,0.996,pathogenic,Cheng et al. Science 2023; UniProt Q14654 pos 282 Glu>Lys,True,282,94.5,H,0.995477777777778
KCNJ11,p.Thr294Met,LoF,0.958,0.8558,pathogenic,Cheng et al. Science 2023; UniProt Q14654 pos 294 Thr>Met,True,294,91.31,H,0.96095
KCNJ11,p.Arg301Gly,LoF,0.946,0.9903,pathogenic,Cheng et al. Science 2023; UniProt Q14654 pos 301 Arg>Gly,True,301,96.0,H,0.9371555555555556
KCNJ11,p.Arg301Cys,LoF,0.94,0.843,pathogenic,Cheng et al. Science 2023; UniProt Q14654 pos 301 Arg>Cys,True,301,96.0,H,0.945338888888889
KCNJ11,p.Arg301His,LoF,0.972,0.8366,pathogenic,Cheng et al. Science 2023; UniProt Q14654 pos 301 Arg>His,True,301,96.0,H,0.9456944444444444
KCNJ11,p.Arg301Pro,LoF,0.984,0.9978,pathogenic,Cheng et al. Science 2023; UniProt Q14654 pos 301 Arg>Pro,True,301,96.0,H,0.9367388888888888
