gene,protein,mechanism,revel_score,am_score,am_class,am_source_note,am_fetched,revel_supporting,revel_moderate,revel_strong,am_supporting,am_moderate,am_strong
ABCC8,p.Val86Ala,GoF,0.794,0.4241,ambiguous,Cheng et al. Science 2023; UniProt Q09428 pos 86 Val>Ala,True,True,True,False,False,False,False
ABCC8,p.Val86Gly,GoF,0.97,0.3959,ambiguous,Cheng et al. Science 2023; UniProt Q09428 pos 86 Val>Gly,True,True,True,True,False,False,False
ABCC8,p.Phe132Leu,GoF,0.89,0.9882,pathogenic,Cheng et al. Science 2023; UniProt Q09428 pos 132 Phe>Leu,True,True,True,False,True,True,True
ABCC8,p.Phe132Val,GoF,0.808,0.8448,pathogenic,Cheng et al. Science 2023; UniProt Q09428 pos 132 Phe>Val,True,True,True,False,True,True,False
ABCC8,p.Glu208Lys,GoF,0.669,0.4002,ambiguous,Cheng et al. Science 2023; UniProt Q09428 pos 208 Glu>Lys,True,True,False,False,False,False,False
ABCC8,p.Asp209Glu,GoF,0.739,0.9827,pathogenic,Cheng et al. Science 2023; UniProt Q09428 pos 209 Asp>Glu,True,True,False,False,True,True,True
ABCC8,p.Gln211Lys,GoF,0.617,0.4415,ambiguous,Cheng et al. Science 2023; UniProt Q09428 pos 211 Gln>Lys,True,False,False,False,False,False,False
ABCC8,p.Leu213Arg,GoF,0.72,0.7097,pathogenic,Cheng et al. Science 2023; UniProt Q09428 pos 213 Leu>Arg,True,True,False,False,True,False,False
ABCC8,p.Leu225Pro,GoF,0.769,0.6569,pathogenic,Cheng et al. Science 2023; UniProt Q09428 pos 225 Leu>Pro,True,True,False,False,True,False,False
ABCC8,p.Thr229Ile,GoF,0.894,0.9431,pathogenic,Cheng et al. Science 2023; UniProt Q09428 pos 229 Thr>Ile,True,True,True,False,True,True,True
ABCC8,p.Val324Met,GoF,0.895,0.7948,pathogenic,Cheng et al. Science 2023; UniProt Q09428 pos 324 Val>Met,True,True,True,False,True,True,False
ABCC8,p.Leu451Pro,GoF,0.936,0.9941,pathogenic,Cheng et al. Science 2023; UniProt Q09428 pos 451 Leu>Pro,True,True,True,True,True,True,True
ABCC8,p.Leu582Val,GoF,0.839,0.6427,pathogenic,Cheng et al. Science 2023; UniProt Q09428 pos 582 Leu>Val,True,True,True,False,True,False,False
ABCC8,p.Arg826Trp,GoF,0.855,0.832,likely_pathogenic,Cheng et al. Science 2023; UniProt Q09428 pos 826 Arg>Trp,True,True,True,False,True,True,False
ABCC8,p.His1024Tyr,GoF,0.687,0.582,likely_pathogenic,Cheng et al. Science 2023; UniProt Q09428 pos 1024 His>Tyr,True,True,False,False,True,False,False
ABCC8,p.Asn1123Asp,GoF,0.896,0.767,likely_pathogenic,Cheng et al. Science 2023; UniProt Q09428 pos 1123 Asn>Asp,True,True,True,False,True,True,False
ABCC8,p.Arg1183Trp,GoF,0.885,0.891,likely_pathogenic,Cheng et al. Science 2023; UniProt Q09428 pos 1183 Arg>Trp,True,True,True,False,True,True,True
ABCC8,p.Arg1183Gln,GoF,0.767,0.743,likely_pathogenic,Cheng et al. Science 2023; UniProt Q09428 pos 1183 Arg>Gln,True,True,False,False,True,True,False
ABCC8,p.Arg1314His,GoF,0.933,0.854,likely_pathogenic,Cheng et al. Science 2023; UniProt Q09428 pos 1314 Arg>His,True,True,True,True,True,True,False
ABCC8,p.Arg1380Cys,GoF,0.953,0.923,likely_pathogenic,Cheng et al. Science 2023; UniProt Q09428 pos 1380 Arg>Cys,True,True,True,True,True,True,True
ABCC8,p.Arg1380His,GoF,0.964,0.891,likely_pathogenic,Cheng et al. Science 2023; UniProt Q09428 pos 1380 Arg>His,True,True,True,True,True,True,True
ABCC8,p.Arg1380Leu,GoF,0.959,0.906,likely_pathogenic,Cheng et al. Science 2023; UniProt Q09428 pos 1380 Arg>Leu,True,True,True,True,True,True,True
ABCC8,p.Ile1425Val,GoF,0.772,0.498,ambiguous,Cheng et al. Science 2023; UniProt Q09428 pos 1425 Ile>Val,True,True,False,False,False,False,False
ABCC8,p.Gly7Arg,LoF,0.954,0.9425,pathogenic,Cheng et al. Science 2023; UniProt Q09428 pos 7 Gly>Arg,True,True,True,True,True,True,True
ABCC8,p.Val21Asp,LoF,0.863,0.9106,pathogenic,Cheng et al. Science 2023; UniProt Q09428 pos 21 Val>Asp,True,True,True,False,True,True,True
ABCC8,p.Asn24Lys,LoF,0.858,0.9894,pathogenic,Cheng et al. Science 2023; UniProt Q09428 pos 24 Asn>Lys,True,True,True,False,True,True,True
ABCC8,p.Arg74Trp,LoF,0.976,0.9705,pathogenic,Cheng et al. Science 2023; UniProt Q09428 pos 74 Arg>Trp,True,True,True,True,True,True,True
ABCC8,p.Gly111Trp,LoF,0.636,0.542,ambiguous,Cheng et al. Science 2023; UniProt Q09428 pos 111 Gly>Trp,True,False,False,False,False,False,False
ABCC8,p.His125Gln,LoF,0.888,0.9269,pathogenic,Cheng et al. Science 2023; UniProt Q09428 pos 125 His>Gln,True,True,True,False,True,True,True
ABCC8,p.Val187Asp,LoF,0.815,0.8866,pathogenic,Cheng et al. Science 2023; UniProt Q09428 pos 187 Val>Asp,True,True,True,False,True,True,False
ABCC8,p.Gly228Asp,LoF,0.614,0.9575,pathogenic,Cheng et al. Science 2023; UniProt Q09428 pos 228 Gly>Asp,True,False,False,False,True,True,True
ABCC8,p.Asp310Asn,LoF,0.833,0.9557,pathogenic,Cheng et al. Science 2023; UniProt Q09428 pos 310 Asp>Asn,True,True,True,False,True,True,True
ABCC8,p.Arg370Gly,LoF,0.644,0.9126,pathogenic,Cheng et al. Science 2023; UniProt Q09428 pos 370 Arg>Gly,True,True,False,False,True,True,True
ABCC8,p.Arg370Ser,LoF,0.559,0.9781,pathogenic,Cheng et al. Science 2023; UniProt Q09428 pos 370 Arg>Ser,True,False,False,False,True,True,True
ABCC8,p.Arg495Gln,LoF,0.872,0.9378,pathogenic,Cheng et al. Science 2023; UniProt Q09428 pos 495 Arg>Gln,True,True,True,False,True,True,True
ABCC8,p.Arg1215Trp,LoF,0.964,0.944,likely_pathogenic,Cheng et al. Science 2023; UniProt Q09428 pos 1215 Arg>Trp,True,True,True,True,True,True,True
ABCC8,p.Arg1353His,LoF,0.934,0.876,likely_pathogenic,Cheng et al. Science 2023; UniProt Q09428 pos 1353 Arg>His,True,True,True,True,True,True,False
ABCC8,p.Lys1374Arg,LoF,0.868,0.812,likely_pathogenic,Cheng et al. Science 2023; UniProt Q09428 pos 1374 Lys>Arg,True,True,True,False,True,True,False
ABCC8,p.Ser1386Pro,LoF,0.979,0.9965,pathogenic,Cheng et al. Science 2023; UniProt Q09428 pos 1386 Ser>Pro,True,True,True,True,True,True,True
ABCC8,p.Gly1478Val,LoF,0.88,0.9973,pathogenic,Cheng et al. Science 2023; UniProt Q09428 pos 1478 Gly>Val,True,True,True,False,True,True,True
ABCC8,p.Gly1479Arg,LoF,0.939,0.934,likely_pathogenic,Cheng et al. Science 2023; UniProt Q09428 pos 1479 Gly>Arg,True,True,True,True,True,True,True
ABCC8,p.Arg1494Trp,LoF,0.93,0.948,likely_pathogenic,Cheng et al. Science 2023; UniProt Q09428 pos 1494 Arg>Trp,True,True,True,False,True,True,True
ABCC8,p.Arg1494Gln,LoF,0.979,0.912,likely_pathogenic,Cheng et al. Science 2023; UniProt Q09428 pos 1494 Arg>Gln,True,True,True,True,True,True,True
ABCC8,p.Glu1507Lys,LoF,0.963,0.931,likely_pathogenic,Cheng et al. Science 2023; UniProt Q09428 pos 1507 Glu>Lys,True,True,True,True,True,True,True
ABCC8,p.Ile1512Thr,LoF,0.927,0.878,likely_pathogenic,Cheng et al. Science 2023; UniProt Q09428 pos 1512 Ile>Thr,True,True,True,False,True,True,False
ABCC8,p.Arg1539Gln,LoF,0.877,0.843,likely_pathogenic,Cheng et al. Science 2023; UniProt Q09428 pos 1539 Arg>Gln,True,True,True,False,True,True,False
ABCC8,p.Leu1544Pro,LoF,0.915,0.903,likely_pathogenic,Cheng et al. Science 2023; UniProt Q09428 pos 1544 Leu>Pro,True,True,True,False,True,True,True
GCK,p.Ser64Tyr,GoF,0.984,0.3823,ambiguous,Cheng et al. Science 2023; UniProt P35557 pos 64 Ser>Tyr,True,True,True,True,False,False,False
GCK,p.Thr65Ile,GoF,0.82,0.325,benign,Cheng et al. Science 2023; UniProt P35557 pos 65 Thr>Ile,True,True,True,False,False,False,False
GCK,p.Gly68Val,GoF,0.993,0.9341,pathogenic,Cheng et al. Science 2023; UniProt P35557 pos 68 Gly>Val,True,True,True,True,True,True,True
GCK,p.Trp99Arg,GoF,0.753,0.616,pathogenic,Cheng et al. Science 2023; UniProt P35557 pos 99 Trp>Arg,True,True,False,False,True,False,False
GCK,p.Tyr214Cys,GoF,0.706,0.26,benign,Cheng et al. Science 2023; UniProt P35557 pos 214 Tyr>Cys,True,True,False,False,False,False,False
GCK,p.Val452Leu,GoF,0.601,0.6364,pathogenic,Cheng et al. Science 2023; UniProt P35557 pos 452 Val>Leu,True,False,False,False,True,False,False
GCK,p.Val455Met,GoF,0.853,0.5295,ambiguous,Cheng et al. Science 2023; UniProt P35557 pos 455 Val>Met,True,True,True,False,False,False,False
GCK,p.Ala456Val,GoF,0.883,0.3825,ambiguous,Cheng et al. Science 2023; UniProt P35557 pos 456 Ala>Val,True,True,True,False,False,False,False
GCK,p.Gly44Ser,LoF,0.962,0.962,pathogenic,Cheng et al. Science 2023; UniProt P35557 pos 44 Gly>Ser,True,True,True,True,True,True,True
GCK,p.Gly44Asp,LoF,0.995,0.9952,pathogenic,Cheng et al. Science 2023; UniProt P35557 pos 44 Gly>Asp,True,True,True,True,True,True,True
GCK,p.Tyr108His,LoF,0.949,0.8465,pathogenic,Cheng et al. Science 2023; UniProt P35557 pos 108 Tyr>His,True,True,True,True,True,True,False
GCK,p.Cys129Tyr,LoF,0.97,0.9482,pathogenic,Cheng et al. Science 2023; UniProt P35557 pos 129 Cys>Tyr,True,True,True,True,True,True,True
GCK,p.Phe150Ser,LoF,0.983,0.9954,pathogenic,Cheng et al. Science 2023; UniProt P35557 pos 150 Phe>Ser,True,True,True,True,True,True,True
GCK,p.Asp160Asn,LoF,0.712,0.3644,ambiguous,Cheng et al. Science 2023; UniProt P35557 pos 160 Asp>Asn,True,True,False,False,False,False,False
GCK,p.Asn180Lys,LoF,0.751,0.9733,pathogenic,Cheng et al. Science 2023; UniProt P35557 pos 180 Asn>Lys,True,True,False,False,True,True,True
GCK,p.Val182Met,LoF,0.937,0.8774,pathogenic,Cheng et al. Science 2023; UniProt P35557 pos 182 Val>Met,True,True,True,True,True,True,False
GCK,p.Ala188Thr,LoF,0.933,0.8523,pathogenic,Cheng et al. Science 2023; UniProt P35557 pos 188 Ala>Thr,True,True,True,True,True,True,False
GCK,p.Arg191Trp,LoF,0.936,0.8326,pathogenic,Cheng et al. Science 2023; UniProt P35557 pos 191 Arg>Trp,True,True,True,True,True,True,False
GCK,p.Ala201Ser,LoF,0.929,0.3531,ambiguous,Cheng et al. Science 2023; UniProt P35557 pos 201 Ala>Ser,True,True,True,False,False,False,False
GCK,p.Val203Ala,LoF,0.946,0.8324,pathogenic,Cheng et al. Science 2023; UniProt P35557 pos 203 Val>Ala,True,True,True,True,True,True,False
GCK,p.Gly223Ser,LoF,0.943,0.9203,pathogenic,Cheng et al. Science 2023; UniProt P35557 pos 223 Gly>Ser,True,True,True,True,True,True,True
GCK,p.Gly261Arg,LoF,0.914,0.99,pathogenic,Cheng et al. Science 2023; UniProt P35557 pos 261 Gly>Arg,True,True,True,False,True,True,True
GCK,p.Glu265Lys,LoF,0.728,0.7229,pathogenic,Cheng et al. Science 2023; UniProt P35557 pos 265 Glu>Lys,True,True,False,False,True,False,False
GCK,p.Asp278Glu,LoF,0.896,0.9639,pathogenic,Cheng et al. Science 2023; UniProt P35557 pos 278 Asp>Glu,True,True,True,False,True,True,True
GCK,p.Ser340Ile,LoF,0.792,0.4489,ambiguous,Cheng et al. Science 2023; UniProt P35557 pos 340 Ser>Ile,True,True,True,False,False,False,False
GCK,p.Met381Thr,LoF,0.93,0.8388,pathogenic,Cheng et al. Science 2023; UniProt P35557 pos 381 Met>Thr,True,True,True,False,True,True,False
GCK,p.Arg392Cys,LoF,0.911,0.4084,ambiguous,Cheng et al. Science 2023; UniProt P35557 pos 392 Arg>Cys,True,True,True,False,False,False,False
GCK,p.Arg397Leu,LoF,0.925,0.5348,ambiguous,Cheng et al. Science 2023; UniProt P35557 pos 397 Arg>Leu,True,True,True,False,False,False,False
KCNJ11,p.Ser3Cys,GoF,0.658,0.3454,ambiguous,Cheng et al. Science 2023; UniProt Q14654 pos 3 Ser>Cys,True,True,False,False,False,False,False
KCNJ11,p.His46Tyr,GoF,0.845,0.6795,pathogenic,Cheng et al. Science 2023; UniProt Q14654 pos 46 His>Tyr,True,True,True,False,True,False,False
KCNJ11,p.Arg50Gln,GoF,0.831,0.1631,benign,Cheng et al. Science 2023; UniProt Q14654 pos 50 Arg>Gln,True,True,True,False,False,False,False
KCNJ11,p.Arg50Pro,GoF,0.887,0.8243,pathogenic,Cheng et al. Science 2023; UniProt Q14654 pos 50 Arg>Pro,True,True,True,False,True,True,False
KCNJ11,p.Glu51Ala,GoF,0.907,0.7501,pathogenic,Cheng et al. Science 2023; UniProt Q14654 pos 51 Glu>Ala,True,True,True,False,True,True,False
KCNJ11,p.Gln52Arg,GoF,0.811,0.3033,benign,Cheng et al. Science 2023; UniProt Q14654 pos 52 Gln>Arg,True,True,True,False,False,False,False
KCNJ11,p.Gly53Ser,GoF,0.794,0.4657,ambiguous,Cheng et al. Science 2023; UniProt Q14654 pos 53 Gly>Ser,True,True,True,False,False,False,False
KCNJ11,p.Gly53Arg,GoF,0.817,0.8636,pathogenic,Cheng et al. Science 2023; UniProt Q14654 pos 53 Gly>Arg,True,True,True,False,True,True,False
KCNJ11,p.Gly53Asp,GoF,0.841,0.8569,pathogenic,Cheng et al. Science 2023; UniProt Q14654 pos 53 Gly>Asp,True,True,True,False,True,True,False
KCNJ11,p.Val59Met,GoF,0.766,0.3397,benign,Cheng et al. Science 2023; UniProt Q14654 pos 59 Val>Met,True,True,False,False,False,False,False
KCNJ11,p.Val59Gly,GoF,0.939,0.7625,pathogenic,Cheng et al. Science 2023; UniProt Q14654 pos 59 Val>Gly,True,True,True,True,True,True,False
KCNJ11,p.Leu164Pro,GoF,0.973,0.9815,pathogenic,Cheng et al. Science 2023; UniProt Q14654 pos 164 Leu>Pro,True,True,True,True,True,True,True
KCNJ11,p.Cys166Tyr,GoF,0.954,0.9402,pathogenic,Cheng et al. Science 2023; UniProt Q14654 pos 166 Cys>Tyr,True,True,True,True,True,True,True
KCNJ11,p.Cys166Phe,GoF,0.944,0.6399,pathogenic,Cheng et al. Science 2023; UniProt Q14654 pos 166 Cys>Phe,True,True,True,True,True,False,False
KCNJ11,p.Ile167Leu,GoF,0.828,0.3338,benign,Cheng et al. Science 2023; UniProt Q14654 pos 167 Ile>Leu,True,True,True,False,False,False,False
KCNJ11,p.Lys170Thr,GoF,0.99,0.9893,pathogenic,Cheng et al. Science 2023; UniProt Q14654 pos 170 Lys>Thr,True,True,True,True,True,True,True
KCNJ11,p.Lys170Arg,GoF,0.946,0.632,pathogenic,Cheng et al. Science 2023; UniProt Q14654 pos 170 Lys>Arg,True,True,True,True,True,False,False
KCNJ11,p.Lys170Asn,GoF,0.886,0.9972,pathogenic,Cheng et al. Science 2023; UniProt Q14654 pos 170 Lys>Asn,True,True,True,False,True,True,True
KCNJ11,p.Glu179Ala,GoF,0.945,0.4982,ambiguous,Cheng et al. Science 2023; UniProt Q14654 pos 179 Glu>Ala,True,True,True,True,False,False,False
KCNJ11,p.Ile182Val,GoF,0.786,0.2485,benign,Cheng et al. Science 2023; UniProt Q14654 pos 182 Ile>Val,True,True,True,False,False,False,False
KCNJ11,p.Arg201Ser,GoF,0.969,0.9973,pathogenic,Cheng et al. Science 2023; UniProt Q14654 pos 201 Arg>Ser,True,True,True,True,True,True,True
KCNJ11,p.Arg201Cys,GoF,0.977,0.9208,pathogenic,Cheng et al. Science 2023; UniProt Q14654 pos 201 Arg>Cys,True,True,True,True,True,True,True
KCNJ11,p.Arg201His,GoF,0.982,0.9545,pathogenic,Cheng et al. Science 2023; UniProt Q14654 pos 201 Arg>His,True,True,True,True,True,True,True
KCNJ11,p.Arg201Leu,GoF,0.986,0.9725,pathogenic,Cheng et al. Science 2023; UniProt Q14654 pos 201 Arg>Leu,True,True,True,True,True,True,True
KCNJ11,p.Glu227Lys,GoF,0.972,0.678,pathogenic,Cheng et al. Science 2023; UniProt Q14654 pos 227 Glu>Lys,True,True,True,True,True,False,False
KCNJ11,p.Glu229Lys,GoF,0.981,0.8254,pathogenic,Cheng et al. Science 2023; UniProt Q14654 pos 229 Glu>Lys,True,True,True,True,True,True,False
KCNJ11,p.Leu233Phe,GoF,0.752,0.5916,pathogenic,Cheng et al. Science 2023; UniProt Q14654 pos 233 Leu>Phe,True,True,False,False,True,False,False
KCNJ11,p.Val252Met,GoF,0.918,0.6863,pathogenic,Cheng et al. Science 2023; UniProt Q14654 pos 252 Val>Met,True,True,True,False,True,False,False
KCNJ11,p.Val252Gly,GoF,0.97,0.7622,pathogenic,Cheng et al. Science 2023; UniProt Q14654 pos 252 Val>Gly,True,True,True,True,True,True,False
KCNJ11,p.Thr293Asn,GoF,0.832,0.5499,ambiguous,Cheng et al. Science 2023; UniProt Q14654 pos 293 Thr>Asn,True,True,True,False,False,False,False
KCNJ11,p.Ile296Leu,GoF,0.834,0.4935,ambiguous,Cheng et al. Science 2023; UniProt Q14654 pos 296 Ile>Leu,True,True,True,False,False,False,False
KCNJ11,p.Glu322Lys,GoF,0.911,0.5191,ambiguous,Cheng et al. Science 2023; UniProt Q14654 pos 322 Glu>Lys,True,True,True,False,False,False,False
KCNJ11,p.Tyr330Ser,GoF,0.981,0.9726,pathogenic,Cheng et al. Science 2023; UniProt Q14654 pos 330 Tyr>Ser,True,True,True,True,True,True,True
KCNJ11,p.Gly334Asp,GoF,0.787,0.9579,pathogenic,Cheng et al. Science 2023; UniProt Q14654 pos 334 Gly>Asp,True,True,True,False,True,True,True
KCNJ11,p.Arg34His,LoF,0.965,0.8781,pathogenic,Cheng et al. Science 2023; UniProt Q14654 pos 34 Arg>His,True,True,True,True,True,True,False
KCNJ11,p.Gly40Asp,LoF,0.988,0.9917,pathogenic,Cheng et al. Science 2023; UniProt Q14654 pos 40 Gly>Asp,True,True,True,True,True,True,True
KCNJ11,p.Phe55Leu,LoF,0.924,0.9941,pathogenic,Cheng et al. Science 2023; UniProt Q14654 pos 55 Phe>Leu,True,True,True,False,True,True,True
KCNJ11,p.Thr62Met,LoF,0.952,0.8933,pathogenic,Cheng et al. Science 2023; UniProt Q14654 pos 62 Thr>Met,True,True,True,True,True,True,True
KCNJ11,p.Lys67Asn,LoF,0.815,0.5152,ambiguous,Cheng et al. Science 2023; UniProt Q14654 pos 67 Lys>Asn,True,True,True,False,False,False,False
KCNJ11,p.Trp91Arg,LoF,0.953,0.9863,pathogenic,Cheng et al. Science 2023; UniProt Q14654 pos 91 Trp>Arg,True,True,True,True,True,True,True
KCNJ11,p.Ala101Asp,LoF,0.467,0.0637,benign,Cheng et al. Science 2023; UniProt Q14654 pos 101 Ala>Asp,True,False,False,False,False,False,False
KCNJ11,p.Ser116Pro,LoF,0.93,0.9766,pathogenic,Cheng et al. Science 2023; UniProt Q14654 pos 116 Ser>Pro,True,True,True,False,True,True,True
KCNJ11,p.Gly134Ala,LoF,0.976,0.9035,pathogenic,Cheng et al. Science 2023; UniProt Q14654 pos 134 Gly>Ala,True,True,True,True,True,True,True
KCNJ11,p.Arg136Leu,LoF,0.984,0.9408,pathogenic,Cheng et al. Science 2023; UniProt Q14654 pos 136 Arg>Leu,True,True,True,True,True,True,True
KCNJ11,p.Gly156Arg,LoF,0.99,0.9923,pathogenic,Cheng et al. Science 2023; UniProt Q14654 pos 156 Gly>Arg,True,True,True,True,True,True,True
KCNJ11,p.Asp204Glu,LoF,0.948,0.9957,pathogenic,Cheng et al. Science 2023; UniProt Q14654 pos 204 Asp>Glu,True,True,True,True,True,True,True
KCNJ11,p.Ala213Thr,LoF,0.954,0.5882,pathogenic,Cheng et al. Science 2023; UniProt Q14654 pos 213 Ala>Thr,True,True,True,True,True,False,False
KCNJ11,p.Pro254Leu,LoF,0.971,0.9939,pathogenic,Cheng et al. Science 2023; UniProt Q14654 pos 254 Pro>Leu,True,True,True,True,True,True,True
KCNJ11,p.His259Arg,LoF,0.993,0.9812,pathogenic,Cheng et al. Science 2023; UniProt Q14654 pos 259 His>Arg,True,True,True,True,True,True,True
KCNJ11,p.Pro266Leu,LoF,0.979,0.6864,pathogenic,Cheng et al. Science 2023; UniProt Q14654 pos 266 Pro>Leu,True,True,True,True,True,False,False
KCNJ11,p.Glu282Lys,LoF,0.961,0.996,pathogenic,Cheng et al. Science 2023; UniProt Q14654 pos 282 Glu>Lys,True,True,True,True,True,True,True
KCNJ11,p.Thr294Met,LoF,0.958,0.8558,pathogenic,Cheng et al. Science 2023; UniProt Q14654 pos 294 Thr>Met,True,True,True,True,True,True,False
KCNJ11,p.Arg301Gly,LoF,0.946,0.9903,pathogenic,Cheng et al. Science 2023; UniProt Q14654 pos 301 Arg>Gly,True,True,True,True,True,True,True
KCNJ11,p.Arg301Cys,LoF,0.94,0.843,pathogenic,Cheng et al. Science 2023; UniProt Q14654 pos 301 Arg>Cys,True,True,True,True,True,True,False
KCNJ11,p.Arg301His,LoF,0.972,0.8366,pathogenic,Cheng et al. Science 2023; UniProt Q14654 pos 301 Arg>His,True,True,True,True,True,True,False
KCNJ11,p.Arg301Pro,LoF,0.984,0.9978,pathogenic,Cheng et al. Science 2023; UniProt Q14654 pos 301 Arg>Pro,True,True,True,True,True,True,True
