dataset,gene,short,mechanism,PROVEAN,SIFT4G,LRT,PrimateAI,MPC,REVEL,VEST4,MetaRNN,ClinPred,AlphaMissense
Hopkins,ABCC8,V86A,GoF,0.50337,0.59732,0.62929,0.81871,0.52673,0.93227,0.78451,0.78338,0.7694,0.60884
Hopkins,ABCC8,V86G,GoF,0.75935,0.76473,0.62929,0.6683,0.68876,0.99647,0.64393,0.96168,0.90938,0.61321
Hopkins,ABCC8,F132L,GoF,0.42191,0.27235,0.62929,0.8969,0.7401,0.96836,0.93018,0.94369,0.64666,0.95337
Hopkins,ABCC8,F132V,GoF,0.45042,0.32355,0.62929,0.85709,0.76318,0.93777,0.93723,0.93752,0.64497,0.88927
Hopkins,ABCC8,E208K,GoF,0.34198,0.3904,0.8433,0.89506,0.51056,0.87722,0.89131,0.88242,0.64681,0.61368
Hopkins,ABCC8,D209E,GoF,0.53258,0.50809,0.62929,0.84774,0.68183,0.91069,0.86941,0.84824,0.62901,0.91705
Hopkins,ABCC8,Q211K,GoF,0.13418,0.11933,0.8433,0.93167,0.3635,0.85091,0.85238,0.83979,0.37255,0.74965
Hopkins,ABCC8,L213R,GoF,0.31981,0.09588,0.62929,0.96264,0.76581,0.90101,0.93018,0.88118,0.61098,0.79153
Hopkins,ABCC8,L225P,GoF,0.48523,0.2886,0.4496,0.97943,0.80021,0.92212,0.9926,0.94702,0.59379,0.91511
Hopkins,ABCC8,T229I,GoF,0.6678,0.34359,0.8433,0.96498,0.71174,0.96985,0.99181,0.94884,0.70111,0.86205
Hopkins,ABCC8,V324M,GoF,0.47514,0.83351,0.62929,0.65614,0.42244,0.97022,0.97207,0.9632,0.70254,0.77043
Hopkins,ABCC8,L451P,GoF,0.88224,0.92824,0.8433,0.95063,0.80121,0.99189,0.99863,0.98628,0.94478,0.98383
Hopkins,ABCC8,L582V,GoF,0.48184,0.79402,0.8433,0.75548,0.65928,0.94952,0.74098,0.95359,0.61621,0.70625
Hopkins,ABCC8,R826W,GoF,0.89871,0.92824,0.8433,0.93433,0.72127,0.95544,0.95956,0.98687,0.97079,0.75183
Hopkins,ABCC8,H1024Y,GoF,0.65397,0.1856,0.8433,0.85546,0.71392,0.88585,0.9455,0.93933,0.73229,0.73971
Hopkins,ABCC8,N1123D,GoF,0.77717,0.72224,0.8433,0.91658,0.90566,0.9706,0.99899,0.98493,0.91964,0.83526
Hopkins,ABCC8,R1183W,GoF,0.71639,0.60337,0.8433,0.85116,0.86766,0.96651,0.9967,0.97213,0.96125,0.73934
Hopkins,ABCC8,R1183Q,GoF,0.43524,0.44702,0.8433,0.69222,0.70456,0.92129,0.97207,0.96087,0.72479,0.62023
Hopkins,ABCC8,R1314H,GoF,0.74742,0.79402,0.8433,0.87237,0.92269,0.98452,0.99481,0.92895,0.76662,0.56311
Hopkins,ABCC8,R1380C,GoF,0.94843,0.92824,0.8433,0.97501,0.94376,0.99157,0.98368,0.9953,0.96056,0.80631
Hopkins,ABCC8,R1380H,GoF,0.78636,0.83351,0.8433,0.9528,0.93493,0.9949,0.98466,0.99474,0.74465,0.75465
Hopkins,ABCC8,R1380L,GoF,0.91609,0.83351,0.8433,0.95314,0.93511,0.99346,0.98563,0.99723,0.9311,0.87959
Hopkins,ABCC8,I1425V,GoF,0.24676,0.53788,0.8433,0.80301,0.88639,0.92336,0.80767,0.93672,0.58794,0.66722
Hopkins,ABCC8,G7R,LoF,0.8283,0.92824,0.62929,0.96056,0.74768,0.99189,0.99929,0.97655,0.90756,0.90137
Hopkins,ABCC8,V21D,LoF,0.62518,0.92824,0.46924,0.97515,0.77044,0.95839,0.99863,0.86473,0.43065,0.84333
Hopkins,ABCC8,N24K,LoF,0.67941,0.92824,0.62929,0.98331,0.7402,0.95655,0.9967,0.96737,0.75704,0.95479
Hopkins,ABCC8,R74W,LoF,0.88224,0.92824,0.8433,0.95389,0.72127,0.99783,0.97426,0.91364,0.9431,0.90907
Hopkins,ABCC8,G111W,LoF,0.32185,0.48855,0.49741,0.56158,0.68262,0.80901,0.67564,0.71365,0.55638,0.71456
Hopkins,ABCC8,H125Q,LoF,0.81675,0.79402,0.52346,0.85888,0.71431,0.96762,0.93487,0.90961,0.83939,0.87839
Hopkins,ABCC8,V187D,LoF,0.7271,0.64786,0.19407,0.41575,0.50559,0.94046,0.90138,0.0349,0.22704,0.81877
Hopkins,ABCC8,G228D,LoF,0.3854,0.58613,0.62929,0.95073,0.41208,0.84932,0.88246,0.68818,0.54111,0.88707
Hopkins,ABCC8,D310N,LoF,0.71042,0.70582,0.8433,0.78939,0.66644,0.94728,0.98929,0.95314,0.8703,0.87543
Hopkins,ABCC8,R370G,LoF,0.60348,0.28575,0.8433,0.93836,0.6194,0.86485,0.93959,0.95062,0.7307,0.85237
Hopkins,ABCC8,R370S,LoF,0.42575,0.12993,0.8433,0.94258,0.33093,0.81888,0.9775,0.88243,0.4232,0.92305
Hopkins,ABCC8,R495Q,LoF,0.68532,0.83351,0.8433,0.83098,0.73986,0.9617,0.99611,0.97298,0.9609,0.85983
Hopkins,ABCC8,R1215W,LoF,0.94223,0.92824,0.8433,0.91203,0.91593,0.9949,0.99776,0.94464,0.89135,0.89226
Hopkins,ABCC8,R1353H,LoF,0.78388,0.83351,0.8433,0.75037,0.93462,0.98489,0.87917,0.9303,0.72409,0.69427
Hopkins,ABCC8,K1374R,LoF,0.54702,0.52389,0.8433,0.8193,0.76248,0.96022,0.94077,0.96068,0.70574,0.53261
Hopkins,ABCC8,S1386P,LoF,0.79229,0.83351,0.8433,0.82564,0.93649,0.9984,0.99954,0.99568,0.9671,0.98268
Hopkins,ABCC8,G1478V,LoF,0.96495,0.83351,0.52346,0.88646,0.93503,0.97662,0.98929,0.9966,0.96464,0.96865
Hopkins,ABCC8,G1479R,LoF,0.9381,0.92824,0.52346,0.94456,0.9303,0.98851,0.97095,0.99869,0.89462,0.97401
Hopkins,ABCC8,R1494W,LoF,0.93903,0.92824,0.49741,0.94431,0.91578,0.98341,0.89353,0.99529,0.90399,0.942
Hopkins,ABCC8,R1494Q,LoF,0.66665,0.60337,0.49741,0.8361,0.9263,0.9984,0.88246,0.99628,0.98831,0.90965
Hopkins,ABCC8,E1507K,LoF,0.68412,0.83351,0.8433,0.94026,0.92482,0.99463,0.99995,0.9977,0.99524,0.98051
Hopkins,ABCC8,I1512T,LoF,0.76655,0.83351,0.62929,0.94406,0.74766,0.98229,0.96072,0.98529,0.86109,0.80106
Hopkins,ABCC8,R1539Q,LoF,0.68532,0.79402,0.8433,0.90826,0.92732,0.96354,0.9941,0.99344,0.96056,0.80557
Hopkins,ABCC8,L1544P,LoF,0.85994,0.83351,0.62929,0.94928,0.95547,0.97776,0.99181,0.94493,0.70349,0.91974
Hopkins,GCK,S64Y,GoF,0.74051,0.61642,0.62929,0.85384,0.97662,0.99918,0.96302,0.93444,0.87013,0.65337
Hopkins,GCK,T65I,GoF,0.55662,0.06836,0.62929,0.86869,0.96541,0.94238,0.74189,0.85191,0.79851,0.59039
Hopkins,GCK,G68V,GoF,0.97265,0.83351,0.8433,0.83218,0.97521,0.9999,0.94786,0.99873,0.96429,0.86303
Hopkins,GCK,W99R,GoF,0.00728,0.17585,0.62929,0.66544,0.98981,0.91541,0.87373,0.90862,0.71239,0.73301
Hopkins,GCK,Y214C,GoF,0.96317,0.76473,0.8433,0.81562,0.97514,0.97474,0.96416,0.98634,0.98984,0.65412
Hopkins,GCK,V452L,GoF,0.46842,0.69154,0.29573,0.34543,0.76413,0.84237,0.71676,0.83278,0.35514,0.73313
Hopkins,GCK,V455M,GoF,0.60507,0.83351,0.8433,0.63857,0.8416,0.9547,0.77507,0.98924,0.81785,0.74616
Hopkins,GCK,A456V,GoF,0.67359,0.79402,0.8433,0.61179,0.85829,0.96576,0.84194,0.98328,0.84717,0.66687
Hopkins,GCK,G44S,LoF,0.86758,0.92824,0.8433,0.65316,0.95965,0.99434,0.91968,0.99024,0.94283,0.89873
Hopkins,GCK,G44D,LoF,0.92086,0.92824,0.8433,0.76824,0.97734,0.99995,0.99725,0.99905,0.91791,0.96466
Hopkins,GCK,Y108H,LoF,0.78721,0.92824,0.8433,0.89496,0.97426,0.99024,0.94196,0.97896,0.93999,0.84199
Hopkins,GCK,C129Y,LoF,0.98844,0.92824,0.8433,0.981,0.98922,0.99647,0.98065,0.99952,0.98208,0.89329
Hopkins,GCK,F150S,LoF,0.96426,0.92824,0.8433,0.98408,0.99078,0.99904,0.99548,0.99957,0.99629,0.97238
Hopkins,GCK,D160N,LoF,0.79143,0.3571,0.8433,0.95927,0.93918,0.89741,0.9059,0.91027,0.85913,0.67348
Hopkins,GCK,N180K,LoF,0.5342,0.79402,0.8433,0.88145,0.96994,0.91456,0.91736,0.98741,0.64023,0.9209
Hopkins,GCK,V182M,LoF,0.59059,0.83351,0.8433,0.87086,0.96033,0.98599,0.96644,0.92059,0.97632,0.85325
Hopkins,GCK,A188T,LoF,0.72932,0.62352,0.8433,0.85396,0.95737,0.98452,0.92901,0.99248,0.85881,0.85485
Hopkins,GCK,R191W,LoF,0.94843,0.92824,0.8433,0.96226,0.96273,0.98563,0.94196,0.94395,0.85769,0.80614
Hopkins,GCK,A201S,LoF,0.62151,0.76473,0.8433,0.80973,0.95289,0.98304,0.922,0.9934,0.84907,0.66216
Hopkins,GCK,V203A,LoF,0.73267,0.79402,0.8433,0.91805,0.96415,0.98921,0.94904,0.97423,0.78569,0.82987
Hopkins,GCK,G223S,LoF,0.89401,0.92824,0.8433,0.79596,0.95965,0.98816,0.94432,0.9956,0.98882,0.84223
Hopkins,GCK,G261R,LoF,0.96085,0.66756,0.8433,0.86156,0.97228,0.97738,0.98466,0.99902,0.96022,0.936
Hopkins,GCK,E265K,LoF,0.08653,0.07592,0.8433,0.66278,0.96223,0.90457,0.77507,0.84984,0.6826,0.73909
Hopkins,GCK,D278E,LoF,0.7224,0.83351,0.8433,0.55101,0.94361,0.9706,0.9775,0.99794,0.91101,0.9012
Hopkins,GCK,S340I,LoF,0.77637,0.6789,0.48594,0.82559,0.8964,0.93148,0.88137,0.97318,0.72334,0.66493
Hopkins,GCK,M381T,LoF,0.65283,0.92824,0.8433,0.89825,0.96577,0.98341,0.84298,0.99588,0.82061,0.79179
Hopkins,GCK,R392C,LoF,0.85027,0.92824,0.55875,0.79296,0.97788,0.97624,0.91276,0.99174,0.83127,0.60041
Hopkins,GCK,R397L,LoF,0.88224,0.57587,0.62929,0.69485,0.97448,0.98154,0.7141,0.98861,0.95503,0.67744
Hopkins,KCNJ11,S3C,GoF,0.3698,0.62352,0.62929,0.74188,0.8433,0.87184,0.42737,0.53059,0.634,0.56271
Hopkins,KCNJ11,H46Y,GoF,0.69118,0.2567,0.8433,0.95385,0.90819,0.95175,0.89242,0.95309,0.76007,0.7212
Hopkins,KCNJ11,R50Q,GoF,0.43524,0.1657,0.8433,0.93458,0.87806,0.94653,0.8902,0.94955,0.63286,0.36012
Hopkins,KCNJ11,R50P,GoF,0.73378,0.28032,0.8433,0.97557,0.93023,0.96725,0.92317,0.9778,0.72814,0.78447
Hopkins,KCNJ11,E51A,GoF,0.77717,0.46862,0.8433,0.89412,0.89821,0.97474,0.92784,0.85659,0.80604,0.75059
Hopkins,KCNJ11,Q52R,GoF,0.25332,0.04194,0.8433,0.94529,0.89891,0.93892,0.91852,0.86661,0.55335,0.53245
Hopkins,KCNJ11,G53S,GoF,0.26422,0.13252,0.8433,0.98695,0.89018,0.93227,0.81063,0.92821,0.63572,0.62975
Hopkins,KCNJ11,G53R,GoF,0.45769,0.16231,0.8433,0.9967,0.91251,0.94123,0.96302,0.96534,0.66649,0.80511
Hopkins,KCNJ11,G53D,GoF,0.50992,0.26145,0.8433,0.99693,0.9223,0.95026,0.96072,0.97469,0.73869,0.80139
Hopkins,KCNJ11,V59M,GoF,0.29525,0.31326,0.8433,0.93315,0.89119,0.92087,0.6895,0.93439,0.57219,0.55889
Hopkins,KCNJ11,V59G,GoF,0.85994,0.83351,0.8433,0.81968,0.92245,0.98672,0.86618,0.98961,0.90052,0.75596
Hopkins,KCNJ11,L164P,GoF,0.9053,0.83351,0.62929,0.96334,0.94445,0.99718,0.99776,0.98447,0.9747,0.94457
Hopkins,KCNJ11,C166Y,GoF,0.98132,0.83351,0.8433,0.82121,0.94871,0.99189,0.98268,0.99504,0.96605,0.8736
Hopkins,KCNJ11,C166F,GoF,0.98093,0.58089,0.8433,0.70003,0.93938,0.98851,0.96871,0.9926,0.94592,0.70511
Hopkins,KCNJ11,I167L,GoF,0.2446,0.53072,0.8433,0.78918,0.75414,0.94541,0.79599,0.93846,0.55608,0.65024
Hopkins,KCNJ11,K170T,GoF,0.88839,0.92824,0.8433,0.88812,0.91229,0.99976,0.96758,0.99697,0.97632,0.93386
Hopkins,KCNJ11,K170R,GoF,0.61435,0.92824,0.8433,0.82804,0.86409,0.98921,0.91968,0.98894,0.91055,0.7019
Hopkins,KCNJ11,K170N,GoF,0.81514,0.92824,0.8433,0.90309,0.91029,0.96688,0.94432,0.99124,0.97117,0.96796
Hopkins,KCNJ11,E179A,GoF,0.7906,0.39645,0.8433,0.89543,0.8984,0.98886,0.92317,0.95189,0.88464,0.67428
Hopkins,KCNJ11,I182V,GoF,0.12847,0.08839,0.8433,0.85084,0.86566,0.92908,0.52829,0.85628,0.67724,0.57597
Hopkins,KCNJ11,R201S,GoF,0.88699,0.83351,0.8433,0.89197,0.90581,0.99622,0.99822,0.99538,0.97717,0.97238
Hopkins,KCNJ11,R201C,GoF,0.96032,0.92824,0.8433,0.946,0.92711,0.99803,0.97317,0.99803,0.99036,0.84904
Hopkins,KCNJ11,R201H,GoF,0.81514,0.83351,0.8433,0.90392,0.91699,0.9989,0.99337,0.99742,0.99036,0.87405
Hopkins,KCNJ11,R201L,GoF,0.93175,0.83351,0.8433,0.91025,0.91721,0.99942,0.97207,0.99811,0.96225,0.89905
Hopkins,KCNJ11,E227K,GoF,0.71397,0.79402,0.8433,0.55783,0.90501,0.99695,0.78927,0.98828,0.92772,0.72058
Hopkins,KCNJ11,E229K,GoF,0.71639,0.60972,0.8433,0.62588,0.90501,0.99874,0.96302,0.99143,0.88365,0.79473
Hopkins,KCNJ11,L233F,GoF,0.63669,0.29249,0.42129,0.56782,0.84685,0.91498,0.5194,0.85941,0.6323,0.68987
Hopkins,KCNJ11,V252M,GoF,0.55025,0.79402,0.8433,0.72959,0.89119,0.9789,0.74644,0.91475,0.9348,0.73214
Hopkins,KCNJ11,V252G,GoF,0.9053,0.92824,0.8433,0.56759,0.92245,0.99647,0.93252,0.95865,0.91913,0.75583
Hopkins,KCNJ11,T293N,GoF,0.6471,0.63918,0.8433,0.94645,0.90673,0.94691,0.95491,0.96802,0.70859,0.74047
Hopkins,KCNJ11,I296L,GoF,0.09627,0.50514,0.8433,0.88853,0.88886,0.94765,0.89577,0.88493,0.50176,0.70901
Hopkins,KCNJ11,E322K,GoF,0.66549,0.29249,0.8433,0.62522,0.90455,0.97624,0.6869,0.93254,0.70837,0.68044
Hopkins,KCNJ11,Y330S,GoF,0.96824,0.70582,0.8433,0.71005,0.9318,0.99874,0.87049,0.99654,0.99255,0.89824
Hopkins,KCNJ11,G334D,GoF,0.45949,0.09022,0.8433,0.76731,0.9223,0.92948,0.87481,0.85595,0.69834,0.88599
Hopkins,KCNJ11,R34H,LoF,0.65972,0.83351,0.8433,0.74516,0.91603,0.99518,0.93252,0.92177,0.9001,0.81356
Hopkins,KCNJ11,G40D,LoF,0.89648,0.92824,0.8433,0.95356,0.92217,0.99961,0.92433,0.99683,0.96605,0.94165
Hopkins,KCNJ11,F55L,LoF,0.72932,0.76473,0.8433,0.96036,0.90897,0.98599,0.94904,0.98767,0.86412,0.9511
Hopkins,KCNJ11,T62M,LoF,0.82896,0.92824,0.8433,0.94143,0.89572,0.99124,0.98466,0.98894,0.98882,0.82304
Hopkins,KCNJ11,K67N,LoF,0.67014,0.40586,0.8433,0.91872,0.90999,0.94046,0.92433,0.96209,0.8305,0.65265
Hopkins,KCNJ11,W91R,LoF,0.99509,0.92824,0.62929,0.79724,0.94855,0.99157,0.96187,0.99811,0.9878,0.92555
Hopkins,KCNJ11,A101D,LoF,0.00192,0.07342,0.086,0.47005,0.71582,0.76222,0.10769,0.48575,0.013,0.02173
Hopkins,KCNJ11,S116P,LoF,0.58569,0.59732,0.8433,0.79613,0.91275,0.98341,0.97317,0.96989,0.7766,0.90501
Hopkins,KCNJ11,G134A,LoF,0.86372,0.76473,0.62929,0.84231,0.89969,0.99783,0.98065,0.9954,0.94887,0.86555
Hopkins,KCNJ11,R136L,LoF,0.91609,0.79402,0.8433,0.78334,0.91679,0.99918,0.98466,0.99535,0.82399,0.86474
Hopkins,KCNJ11,G156R,LoF,0.96005,0.83351,0.8433,0.94754,0.91251,0.99976,0.99611,0.99755,0.98254,0.9529
Hopkins,KCNJ11,D204E,LoF,0.69118,0.79402,0.8433,0.7857,0.88177,0.9899,0.97095,0.98193,0.87749,0.9594
Hopkins,KCNJ11,A213T,LoF,0.73151,0.6789,0.8433,0.90215,0.88677,0.99189,0.95725,0.96043,0.90533,0.82022
Hopkins,KCNJ11,P254L,LoF,0.97968,0.92824,0.8433,0.79965,0.89359,0.99671,0.98268,0.99712,0.96745,0.95886
Hopkins,KCNJ11,H259R,LoF,0.94145,0.92824,0.8433,0.75384,0.915,0.9999,0.99776,0.99648,0.719,0.93037
Hopkins,KCNJ11,P266L,LoF,0.98037,0.92824,0.8433,0.62172,0.89359,0.9984,0.95139,0.99951,0.99732,0.78586
Hopkins,KCNJ11,E282K,LoF,0.71997,0.92824,0.8433,0.82176,0.90533,0.99405,0.9875,0.94661,0.91406,0.96051
Hopkins,KCNJ11,T294M,LoF,0.87611,0.92824,0.8433,0.93964,0.89552,0.99315,0.98563,0.94301,0.79774,0.86867
Hopkins,KCNJ11,R301G,LoF,0.91226,0.83351,0.8433,0.89842,0.92076,0.98921,0.98268,0.98982,0.94887,0.94772
Hopkins,KCNJ11,R301C,LoF,0.94594,0.92824,0.8433,0.95276,0.92696,0.98708,0.93252,0.95455,0.95438,0.84199
Hopkins,KCNJ11,R301H,LoF,0.7906,0.83351,0.8433,0.91969,0.91689,0.99695,0.98563,0.99465,0.96394,0.83381
Hopkins,KCNJ11,R301P,LoF,0.91311,0.83351,0.8433,0.92987,0.93342,0.99918,0.97856,0.98997,0.9751,0.98383
De Franco (novel),KCNJ11,L2P,GoF,0.36189,0.83351,0.55875,0.93321,0.94418,0.95949,0.88137,0.88249,0.84556,0.55208
De Franco (novel),KCNJ11,R4C,GoF,0.63438,0.72224,0.62929,0.95081,0.92663,0.92501,0.51761,0.62979,0.62661,0.74185
De Franco (novel),KCNJ11,L17P,GoF,0.28084,0.38305,0.29768,0.83786,0.92363,0.86736,0.62442,0.72716,0.62514,0.63811
De Franco (novel),KCNJ11,R27C,LoF,0.56301,0.50514,0.13671,0.2322,0.68024,0.78036,0.31702,0.53793,0.41567,0.32945
De Franco (novel),KCNJ11,R27H,GoF,0.25332,0.46862,0.13671,0.15977,0.64604,0.39571,0.6593,0.68165,0.0463,0.11027
De Franco (novel),KCNJ11,A28V,LoF,0.21429,0.13872,0.26474,0.47335,0.56125,0.54074,0.13626,0.35447,0.14726,0.15564
De Franco (novel),KCNJ11,R34C,LoF,0.81835,0.92824,0.8433,0.81598,0.92676,0.98744,0.93487,0.98156,0.9525,0.82265
De Franco (novel),KCNJ11,F35V,GoF,0.78222,0.23845,0.8433,0.87792,0.71684,0.9484,0.91505,0.95204,0.73531,0.84862
De Franco (novel),KCNJ11,F35L,GoF,0.7522,0.29153,0.8433,0.91282,0.62293,0.95839,0.77039,0.92585,0.80339,0.91618
De Franco (novel),KCNJ11,K38E,LoF,0.65972,0.83351,0.8433,0.7824,0.69533,0.98526,0.76573,0.97491,0.8191,0.89824
De Franco (novel),KCNJ11,K39R,GoF,0.17417,0.56192,0.51296,0.37404,0.49844,0.72099,0.06854,0.55596,0.45808,0.04041
De Franco (novel),KCNJ11,G40S,LoF,0.83489,0.92824,0.8433,0.88485,0.88704,0.99986,0.90138,0.9929,0.98208,0.90412
De Franco (novel),KCNJ11,G40A,LoF,0.83695,0.92824,0.8433,0.88683,0.88718,0.99253,0.71587,0.98877,0.93215,0.89856
De Franco (novel),KCNJ11,C42R,GoF,0.98844,0.53788,0.8433,0.97457,0.7725,0.96502,0.98167,0.98911,0.96675,0.89526
De Franco (novel),KCNJ11,H46R,GoF,0.83092,0.38742,0.8433,0.9547,0.91441,0.98229,0.97207,0.88283,0.79102,0.7906
De Franco (novel),KCNJ11,H46L,GoF,0.94073,0.23433,0.8433,0.93342,0.91631,0.96317,0.85343,0.95038,0.79427,0.73776
De Franco (novel),KCNJ11,N48D,GoF,0.75297,0.72224,0.8433,0.94962,0.9044,0.97474,0.91505,0.98306,0.88617,0.80591
De Franco (novel),KCNJ11,N48I,GoF,0.94352,0.70582,0.8433,0.92702,0.91732,0.99221,0.91852,0.95824,0.98532,0.88095
De Franco (novel),KCNJ11,I49F,GoF,0.62151,0.70582,0.8433,0.92269,0.92565,0.97398,0.72299,0.89533,0.82201,0.80216
De Franco (novel),KCNJ11,I49N,LoF,0.78135,0.46182,0.8433,0.96426,0.93503,0.99091,0.96416,0.94899,0.95567,0.87326
De Franco (novel),KCNJ11,R50G,GoF,0.63554,0.19304,0.8433,0.96037,0.90807,0.95544,0.86941,0.96132,0.68962,0.69099
De Franco (novel),KCNJ11,E51G,GoF,0.81269,0.45744,0.8433,0.86371,0.91011,0.96651,0.79022,0.83572,0.92746,0.72626
De Franco (novel),KCNJ11,Q52L,GoF,0.56144,0.18789,0.8433,0.92047,0.88749,0.95728,0.89577,0.82094,0.67685,0.74367
De Franco (novel),KCNJ11,G53V,GoF,0.52289,0.11479,0.8433,0.98843,0.91805,0.93892,0.88577,0.9692,0.75691,0.75352
De Franco (novel),KCNJ11,R54C,LoF,0.92648,0.92824,0.8433,0.98361,0.92696,0.98378,0.90363,0.95575,0.92238,0.73276
De Franco (novel),KCNJ11,R54H,LoF,0.73477,0.83351,0.8433,0.96734,0.91663,0.99405,0.85238,0.93577,0.85594,0.64279
De Franco (novel),KCNJ11,V59A,GoF,0.62151,0.72224,0.8433,0.9246,0.91292,0.98489,0.92433,0.98172,0.72479,0.67635
De Franco (novel),KCNJ11,F60Y,GoF,0.54702,0.55759,0.8433,0.98088,0.90581,0.95912,0.86511,0.97413,0.71584,0.78611
De Franco (novel),KCNJ11,V64M,GoF,0.55025,0.83351,0.8433,0.85527,0.89136,0.99091,0.84817,0.94152,0.8653,0.85237
De Franco (novel),KCNJ11,V64G,LoF,0.88431,0.92824,0.8433,0.6929,0.92256,0.9984,0.65587,0.96735,0.97079,0.82775
De Franco (novel),KCNJ11,W68R,GoF,0.99558,0.92824,0.8433,0.95655,0.95269,0.99253,0.97961,0.99893,0.99577,0.95383
De Franco (novel),KCNJ11,W68G,GoF,0.99365,0.92824,0.8433,0.90846,0.95256,0.99952,0.93605,0.99886,0.99524,0.78898
De Franco (novel),KCNJ11,W68L,GoF,0.99374,0.79402,0.8433,0.93463,0.95256,0.99858,0.98268,0.9989,0.99471,0.76497
De Franco (novel),KCNJ11,W68C,GoF,0.99382,0.92824,0.8433,0.93337,0.94242,0.99986,0.98268,0.99961,0.99918,0.95023
De Franco (novel),KCNJ11,T71I,LoF,0.58569,0.37037,0.53742,0.90058,0.88168,0.96502,0.79118,0.89601,0.60341,0.63162
De Franco (novel),KCNJ11,A96T,LoF,0.3117,0.14961,0.62929,0.62259,0.8144,0.86636,0.60325,0.71725,0.37937,0.28145
De Franco (novel),KCNJ11,G98S,LoF,0.85323,0.79402,0.8433,0.76362,0.89002,0.9989,0.9059,0.97251,0.95158,0.57853
De Franco (novel),KCNJ11,D99N,LoF,0.7698,0.7415,0.62929,0.61419,0.88742,0.96502,0.88027,0.98765,0.96394,0.84445
De Franco (novel),KCNJ11,D99Y,LoF,0.95542,0.92824,0.62929,0.61919,0.9161,0.99874,0.97317,0.99454,0.98254,0.85099
De Franco (novel),KCNJ11,E126K,LoF,0.68412,0.79402,0.8433,0.9747,0.90548,0.99961,0.94668,0.9784,0.90849,0.94496
De Franco (novel),KCNJ11,V129M,GoF,0.34992,0.62352,0.8433,0.89558,0.89119,0.9484,0.7676,0.87806,0.6804,0.76714
De Franco (novel),KCNJ11,G132D,LoF,0.91522,0.92824,0.8433,0.97943,0.9223,0.99874,0.99337,0.99699,0.97717,0.97084
De Franco (novel),KCNJ11,R136C,LoF,0.94843,0.92824,0.8433,0.84371,0.92696,0.99931,0.91391,0.99386,0.97802,0.83726
De Franco (novel),KCNJ11,R136S,LoF,0.86372,0.83351,0.8433,0.76456,0.90558,0.99874,0.92433,0.98283,0.97042,0.9413
De Franco (novel),KCNJ11,R136H,LoF,0.79316,0.83351,0.8433,0.77888,0.91671,0.99918,0.96644,0.99383,0.96535,0.75273
De Franco (novel),KCNJ11,V138E,LoF,0.82511,0.65728,0.50451,0.70814,0.89324,0.98041,0.7565,0.89781,0.90376,0.87899
De Franco (novel),KCNJ11,L147P,LoF,0.66206,0.69154,0.37317,0.69553,0.92418,0.96428,0.94077,0.92202,0.60859,0.67272
De Franco (novel),KCNJ11,L157F,LoF,0.43149,0.4553,0.8433,0.84196,0.90108,0.93504,0.91047,0.8853,0.58301,0.81343
De Franco (novel),KCNJ11,A161T,GoF,0.69593,0.3584,0.8433,0.88753,0.88625,0.9878,0.91505,0.91542,0.85531,0.7517
De Franco (novel),KCNJ11,A161V,LoF,0.71882,0.79402,0.8433,0.90334,0.88922,0.97624,0.96644,0.93199,0.92138,0.85584
De Franco (novel),KCNJ11,L164F,LoF,0.58569,0.79402,0.62929,0.89629,0.90108,0.95876,0.79503,0.84306,0.85377,0.88246
De Franco (novel),KCNJ11,C166W,GoF,0.9827,0.83351,0.8433,0.75448,0.9263,0.96688,0.83066,0.96323,0.9878,0.90412
De Franco (novel),KCNJ11,I167F,GoF,0.5971,0.23914,0.8433,0.81657,0.93407,0.9984,0.97317,0.92217,0.73133,0.80734
De Franco (novel),KCNJ11,M169T,GoF,0.54059,0.27591,0.8433,0.91602,0.90698,0.96243,0.89242,0.89387,0.66309,0.82959
De Franco (novel),KCNJ11,A172V,LoF,0.67477,0.36901,0.62929,0.71209,0.8018,0.94653,0.80669,0.97712,0.76429,0.73008
De Franco (novel),KCNJ11,A174G,GoF,0.44657,0.53426,0.8433,0.82262,0.89143,0.95876,0.90818,0.97288,0.65409,0.6171
De Franco (novel),KCNJ11,A174V,LoF,0.47008,0.79402,0.8433,0.85176,0.89021,0.95655,0.93252,0.95655,0.75593,0.76672
De Franco (novel),KCNJ11,R176H,LoF,0.69236,0.54159,0.8433,0.87351,0.91689,0.95433,0.69825,0.9152,0.71355,0.38516
De Franco (novel),KCNJ11,R177W,LoF,0.96243,0.92824,0.8433,0.87741,0.89572,0.9989,0.898,0.99121,0.9839,0.8904
De Franco (novel),KCNJ11,E179K,GoF,0.64478,0.64786,0.8433,0.95686,0.90501,0.97587,0.85238,0.87456,0.71612,0.73351
De Franco (novel),KCNJ11,I182T,GoF,0.68178,0.57587,0.8433,0.97667,0.91868,0.95212,0.92667,0.90962,0.86718,0.87839
De Franco (novel),KCNJ11,K185Q,GoF,0.25986,0.30339,0.8433,0.90974,0.89023,0.90939,0.86085,0.76453,0.53639,0.52639
De Franco (novel),KCNJ11,K185T,GoF,0.4066,0.283,0.8433,0.94023,0.90627,0.92746,0.78072,0.79731,0.64751,0.68892
De Franco (novel),KCNJ11,H186D,GoF,0.85103,0.41573,0.8433,0.9534,0.8416,0.95026,0.86085,0.88966,0.83501,0.63305
De Franco (novel),KCNJ11,A187V,LoF,0.7271,0.83351,0.8433,0.83859,0.89002,0.98415,0.94668,0.99623,0.97042,0.82734
De Franco (novel),KCNJ11,R192H,GoF,0.82063,0.4939,0.8433,0.6739,0.91689,0.98851,0.4618,0.97199,0.82213,0.47912
De Franco (novel),KCNJ11,R201G,GoF,0.93135,0.76473,0.8433,0.87988,0.92089,0.99671,0.9926,0.99714,0.97004,0.95832
De Franco (novel),KCNJ11,R201P,LoF,0.93135,0.79402,0.8433,0.91585,0.93342,0.99942,0.99863,0.9959,0.95503,0.9653
De Franco (novel),KCNJ11,R206C,LoF,0.96058,0.92824,0.8433,0.95603,0.92696,0.99874,0.84194,0.99378,0.94856,0.89449
De Franco (novel),KCNJ11,R206L,LoF,0.93175,0.83351,0.8433,0.93062,0.91694,0.99762,0.97643,0.99296,0.90138,0.94691
De Franco (novel),KCNJ11,R206H,LoF,0.81514,0.83351,0.8433,0.92717,0.91689,0.99874,0.91736,0.99179,0.97802,0.88969
De Franco (novel),KCNJ11,S208T,LoF,0.61435,0.79402,0.8433,0.80434,0.87551,0.97097,0.77319,0.9775,0.81819,0.69714
De Franco (novel),KCNJ11,M209I,LoF,0.47514,0.38305,0.8433,0.83893,0.90115,0.99718,0.94668,0.92996,0.6964,0.90465
De Franco (novel),KCNJ11,R221H,LoF,0.7212,0.76473,0.62929,0.45184,0.89203,0.90369,0.3237,0.70295,0.74395,0.24767
De Franco (novel),KCNJ11,T223P,GoF,0.52776,0.5206,0.8433,0.5486,0.91782,0.96391,0.81957,0.81895,0.71598,0.77315
De Franco (novel),KCNJ11,G228A,GoF,0.87223,0.72224,0.8433,0.59873,0.90016,0.99952,0.77695,0.99251,0.9525,0.70418
De Franco (novel),KCNJ11,Q235E,LoF,0.59389,0.41742,0.8433,0.42581,0.89783,0.98744,0.94077,0.93118,0.77006,0.60656
De Franco (novel),KCNJ11,V252L,GoF,0.53736,0.59159,0.8433,0.69182,0.8847,0.95249,0.72835,0.92086,0.74817,0.7214
De Franco (novel),KCNJ11,V252A,GoF,0.68764,0.83351,0.8433,0.71163,0.91292,0.99189,0.91852,0.97848,0.83739,0.73625
De Franco (novel),KCNJ11,A253D,LoF,0.43717,0.39645,0.8433,0.65293,0.84169,0.92336,0.75927,0.83173,0.5754,0.89744
De Franco (novel),KCNJ11,P254Q,GoF,0.94145,0.92824,0.8433,0.72702,0.88126,0.99405,0.89912,0.99447,0.99471,0.98631
De Franco (novel),KCNJ11,H259Q,LoF,0.94196,0.92824,0.8433,0.71843,0.89152,0.97738,0.99548,0.99907,0.96819,0.93631
De Franco (novel),KCNJ11,L270M,LoF,0.14782,0.07105,0.42383,0.37451,0.56572,0.73445,0.16168,0.35656,0.27851,0.20313
De Franco (novel),KCNJ11,V285I,GoF,0.24676,0.41573,0.51296,0.51737,0.50776,0.81946,0.38027,0.39064,0.22316,0.32874
De Franco (novel),KCNJ11,E288K,LoF,0.71997,0.76473,0.8433,0.87126,0.90533,0.98672,0.84505,0.93733,0.96225,0.86205
De Franco (novel),KCNJ11,V290M,LoF,0.05405,0.04877,0.8433,0.84565,0.89136,0.89741,0.74098,0.7161,0.36659,0.6984
De Franco (novel),KCNJ11,E292K,LoF,0.71997,0.79402,0.8433,0.94696,0.90501,0.99718,0.96302,0.99045,0.93561,0.9578
De Franco (novel),KCNJ11,E292G,GoF,0.92391,0.79402,0.8433,0.8449,0.91029,0.99762,0.98167,0.99669,0.9525,0.90222
De Franco (novel),KCNJ11,G295S,LoF,0.8135,0.46632,0.8433,0.9117,0.89018,0.9617,0.79986,0.93158,0.92618,0.8562
De Franco (novel),KCNJ11,Q299R,LoF,0.69835,0.61642,0.8433,0.83912,0.89877,0.99942,0.91968,0.98573,0.9311,0.89082
De Franco (novel),KCNJ11,Q299H,LoF,0.78807,0.66756,0.8433,0.84028,0.88282,0.98117,0.84298,0.9775,0.88404,0.9406
De Franco (novel),KCNJ11,G312C,LoF,0.96854,0.92824,0.8433,0.68978,0.8987,0.99997,0.98466,0.99944,0.99309,0.9007
De Franco (novel),KCNJ11,F315I,LoF,0.85247,0.65728,0.8433,0.80768,0.92959,0.9989,0.96984,0.9898,0.9759,0.95479
De Franco (novel),KCNJ11,E322A,GoF,0.82575,0.38742,0.8433,0.51451,0.89821,0.98003,0.62442,0.69525,0.8032,0.64713
De Franco (novel),KCNJ11,G324R,GoF,0.89093,0.65728,0.8433,0.67231,0.90077,0.97587,0.89353,0.9296,0.94168,0.75166
De Franco (novel),KCNJ11,V328M,GoF,0.58085,0.83351,0.8433,0.677,0.89119,0.98563,0.85766,0.97301,0.90421,0.84862
De Franco (novel),KCNJ11,Y330N,GoF,0.96824,0.39954,0.8433,0.77598,0.94555,0.98304,0.97535,0.99111,0.97194,0.90239
De Franco (novel),KCNJ11,Y330H,GoF,0.78302,0.44106,0.8433,0.78392,0.92161,0.98192,0.93605,0.9793,0.91644,0.936
De Franco (novel),KCNJ11,Y330C,GoF,0.96854,0.79402,0.8433,0.777,0.91795,0.99874,0.95139,0.99708,0.96856,0.84207
De Franco (novel),KCNJ11,S331P,GoF,0.73378,0.66756,0.8433,0.67305,0.91791,0.99024,0.82761,0.90433,0.93375,0.93792
De Franco (novel),KCNJ11,F333I,GoF,0.85844,0.76473,0.8433,0.78569,0.92959,0.99783,0.98065,0.99754,0.9731,0.92607
De Franco (novel),KCNJ11,F333S,LoF,0.94511,0.92824,0.8433,0.78392,0.95278,0.99783,0.99954,0.98407,0.98932,0.98268
De Franco (novel),KCNJ11,F333L,GoF,0.85844,0.51737,0.8433,0.80972,0.90943,0.9949,0.98466,0.99617,0.9157,0.98157
De Franco (novel),KCNJ11,G334S,GoF,0.39119,0.29056,0.8433,0.67858,0.89018,0.88679,0.80278,0.85166,0.66335,0.67602
De Franco (novel),KCNJ11,G334R,GoF,0.46673,0.46862,0.8433,0.76552,0.91251,0.95507,0.86297,0.87853,0.84541,0.91726
De Franco (novel),KCNJ11,G334C,GoF,0.74193,0.60972,0.8433,0.7158,0.8987,0.99315,0.98167,0.91825,0.93561,0.79411
De Franco (novel),KCNJ11,G334V,GoF,0.74051,0.64786,0.8433,0.67916,0.91805,0.99718,0.9884,0.92981,0.91171,0.92981
De Franco (novel),KCNJ11,V339G,LoF,0.87988,0.92824,0.8433,0.42525,0.91961,0.99597,0.93252,0.95865,0.77786,0.63816
De Franco (novel),KCNJ11,P340H,LoF,0.78472,0.36365,0.39379,0.58221,0.8763,0.86485,0.38027,0.61984,0.72579,0.41341
De Franco (novel),KCNJ11,D352H,GoF,0.17624,0.33894,0.37183,0.5455,0.747,0.81946,0.78072,0.6454,0.33412,0.40032
De Franco (novel),KCNJ11,R365C,LoF,0.46337,0.5206,0.10394,0.4458,0.8895,0.7791,0.68863,0.5654,0.32563,0.38906
De Franco (novel),ABCC8,A4V,LoF,0.35792,0.69154,0.62929,0.91187,0.4027,0.89514,0.83576,0.71026,0.62866,0.7424
De Franco (novel),ABCC8,C6G,LoF,0.92782,0.92824,0.8433,0.90624,0.75255,0.98341,0.9941,0.94085,0.92414,0.91639
De Franco (novel),ABCC8,G7C,LoF,0.78046,0.92824,0.62929,0.94866,0.72612,0.9721,0.99481,0.90837,0.95158,0.93065
De Franco (novel),ABCC8,R16P,LoF,0.20791,0.38305,0.33669,0.85958,0.40736,0.78413,0.66873,0.62948,0.40971,0.72983
De Franco (novel),ABCC8,V17A,LoF,0.34795,0.7415,0.44317,0.95722,0.47441,0.79583,0.69213,0.70239,0.57232,0.73231
De Franco (novel),ABCC8,C26W,LoF,0.94872,0.92824,0.48115,0.90443,0.76905,0.96428,0.92667,0.97206,0.52799,0.9716
De Franco (novel),ABCC8,F27S,LoF,0.76576,0.92824,0.46274,0.95718,0.81644,0.99346,0.99929,0.97282,0.88579,0.92256
De Franco (novel),ABCC8,D29G,LoF,0.76414,0.92824,0.62929,0.96272,0.74761,0.97286,0.99337,0.88566,0.83488,0.9413
De Franco (novel),ABCC8,A30T,LoF,0.42001,0.92824,0.44119,0.92753,0.70688,0.85615,0.99725,0.72114,0.71087,0.76076
De Franco (novel),ABCC8,A30V,GoF,0.42001,0.92824,0.44119,0.9454,0.71232,0.8743,0.99181,0.75406,0.75818,0.77452
De Franco (novel),ABCC8,L31P,LoF,0.73378,0.92824,0.4659,0.99378,0.79924,0.97928,0.9967,0.90303,0.86564,0.9653
De Franco (novel),ABCC8,N32K,LoF,0.62151,0.76473,0.62929,0.96581,0.68974,0.87035,0.82358,0.72818,0.72938,0.88533
De Franco (novel),ABCC8,H36Y,LoF,0.65858,0.92824,0.62929,0.96425,0.74017,0.91198,0.93018,0.77397,0.85769,0.88599
De Franco (novel),ABCC8,H36R,LoF,0.7092,0.92824,0.62929,0.96652,0.7498,0.95618,0.98268,0.90236,0.75121,0.95337
De Franco (novel),ABCC8,L40R,LoF,0.63207,0.83351,0.4913,0.97789,0.72817,0.98955,0.99481,0.9312,0.83659,0.93209
De Franco (novel),ABCC8,P45L,GoF,0.49519,0.92824,0.55875,0.97561,0.71733,0.9439,0.98929,0.9364,0.66011,0.90154
De Franco (novel),ABCC8,I46T,LoF,0.55501,0.92824,0.45977,0.94913,0.75603,0.93227,0.98268,0.80752,0.7657,0.90965
De Franco (novel),ABCC8,I49F,GoF,0.48354,0.92824,0.47286,0.85409,0.78263,0.93854,0.87049,0.87115,0.72339,0.74435
De Franco (novel),ABCC8,H59P,LoF,0.54059,0.58089,0.8433,0.70168,0.5565,0.90721,0.68516,0.73763,0.72019,0.73471
De Franco (novel),ABCC8,I60N,LoF,0.61722,0.83351,0.8433,0.9556,0.81688,0.98452,0.88137,0.88325,0.84981,0.8927
De Franco (novel),ABCC8,G70R,LoF,0.83092,0.49942,0.8433,0.94646,0.74737,0.96651,0.96416,0.90494,0.95127,0.90926
De Franco (novel),ABCC8,G70E,LoF,0.84246,0.79402,0.8433,0.9357,0.7622,0.98267,0.94196,0.97082,0.94478,0.92454
De Franco (novel),ABCC8,N72S,GoF,0.40082,0.3584,0.62929,0.6102,0.26238,0.84613,0.78546,0.74765,0.60938,0.41663
De Franco (novel),ABCC8,N72K,LoF,0.54864,0.63918,0.62929,0.78521,0.60632,0.86181,0.76203,0.75337,0.76918,0.82201
De Franco (novel),ABCC8,R74Q,LoF,0.59545,0.76473,0.8433,0.85065,0.73986,0.97323,0.81658,0.89401,0.83726,0.87237
De Franco (novel),ABCC8,R74L,LoF,0.82511,0.83351,0.8433,0.91963,0.75417,0.98672,0.91736,0.93701,0.95407,0.9186
De Franco (novel),ABCC8,M80R,LoF,0.51478,0.70582,0.45977,0.68716,0.40405,0.82003,0.64903,0.63823,0.37769,0.8482
De Franco (novel),ABCC8,V84I,GoF,0.15178,0.15939,0.4913,0.60915,0.32958,0.81135,0.12484,0.48019,0.29665,0.20702
De Franco (novel),ABCC8,I89M,LoF,0.3854,0.76473,0.8433,0.71335,0.54465,0.89786,0.9455,0.90046,0.70456,0.33133
De Franco (novel),ABCC8,A90V,GoF,0.53736,0.7415,0.43581,0.74906,0.65245,0.94353,0.85979,0.95215,0.71034,0.6962
De Franco (novel),ABCC8,G92S,LoF,0.75297,0.49942,0.8433,0.77949,0.71303,0.96725,0.82358,0.89865,0.90421,0.87911
De Franco (novel),ABCC8,G92D,LoF,0.82063,0.83351,0.8433,0.8843,0.76301,0.99858,0.97317,0.97637,0.93295,0.96107
De Franco (novel),ABCC8,I93T,GoF,0.64246,0.7415,0.36929,0.74316,0.35199,0.87771,0.65587,0.85685,0.79417,0.69103
De Franco (novel),ABCC8,H105P,LoF,0.80425,0.79402,0.8433,0.65073,0.78479,0.96985,0.96871,0.87701,0.7986,0.83961
De Franco (novel),ABCC8,G111R,LoF,0.23808,0.39799,0.49741,0.59856,0.58201,0.86986,0.89131,0.96061,0.54095,0.87935
De Franco (novel),ABCC8,A113V,LoF,0.45769,0.72224,0.8433,0.60894,0.47694,0.91242,0.86725,0.87606,0.58429,0.82382
De Franco (novel),ABCC8,M115V,LoF,0.08033,0.07105,0.35069,0.32929,0.2873,0.89468,0.69913,0.03971,0.00659,0.19114
De Franco (novel),ABCC8,A116P,LoF,0.54546,0.65728,0.8433,0.64157,0.76196,0.97135,0.96758,0.97086,0.70968,0.95479
De Franco (novel),ABCC8,E128K,LoF,0.59226,0.79402,0.51296,0.89688,0.73541,0.96836,0.93841,0.94853,0.85516,0.94812
De Franco (novel),ABCC8,N131T,LoF,0.67941,0.83351,0.8433,0.59152,0.71688,0.97965,0.75466,0.86656,0.83332,0.85494
De Franco (novel),ABCC8,N131K,GoF,0.59873,0.79402,0.8433,0.70802,0.73992,0.85821,0.89689,0.76935,0.81842,0.9529
De Franco (novel),ABCC8,P133R,LoF,0.78472,0.92824,0.62929,0.83871,0.72486,0.91413,0.80473,0.8797,0.71785,0.8951
De Franco (novel),ABCC8,L135V,LoF,0.36787,0.7415,0.62929,0.69536,0.71416,0.88679,0.88356,0.70818,0.32637,0.75771
De Franco (novel),ABCC8,L135P,GoF,0.75297,0.79402,0.62929,0.85706,0.80121,0.99647,0.94077,0.98008,0.93751,0.9511
De Franco (novel),ABCC8,I148T,LoF,0.45949,0.48336,0.36537,0.66537,0.34627,0.90501,0.50958,0.81752,0.39197,0.51041
De Franco (novel),ABCC8,R168C,LoF,0.85541,0.83351,0.62929,0.90223,0.73316,0.99376,0.92901,0.89214,0.93006,0.81076
De Franco (novel),ABCC8,F169V,GoF,0.72594,0.69154,0.38731,0.84243,0.42465,0.88632,0.6895,0.73254,0.71442,0.71197
De Franco (novel),ABCC8,L171F,LoF,0.45042,0.6789,0.47681,0.82753,0.61516,0.78288,0.50688,0.61192,0.54291,0.68293
De Franco (novel),ABCC8,L171P,LoF,0.7498,0.83351,0.47681,0.93078,0.7685,0.97323,0.87699,0.93138,0.83527,0.9253
De Franco (novel),ABCC8,G173R,LoF,0.56787,0.24987,0.3427,0.92491,0.53036,0.88773,0.95139,0.96147,0.61995,0.87935
De Franco (novel),ABCC8,L175Q,LoF,0.57275,0.49663,0.26256,0.75196,0.69205,0.9192,0.93135,0.83081,0.69744,0.76705
De Franco (novel),ABCC8,Y179C,LoF,0.79998,0.76473,0.8433,0.84409,0.75339,0.98154,0.97317,0.88063,0.89523,0.73776
De Franco (novel),ABCC8,N188S,LoF,0.53898,0.33894,0.52346,0.66274,0.28586,0.80367,0.94432,0.80005,0.5619,0.39442
De Franco (novel),ABCC8,I196N,GoF,0.42575,0.72224,0.35868,0.53303,0.49747,0.77012,0.7079,0.65501,0.39747,0.68408
De Franco (novel),ABCC8,P206L,GoF,0.71882,0.33894,0.8433,0.82886,0.37014,0.8849,0.77601,0.77047,0.58439,0.81567
De Franco (novel),ABCC8,P207S,GoF,0.7747,0.7415,0.8433,0.71996,0.68437,0.89786,0.90476,0.94227,0.7895,0.85814
De Franco (novel),ABCC8,D209N,GoF,0.6263,0.45318,0.62929,0.8709,0.70596,0.89559,0.91968,0.88627,0.77342,0.8844
De Franco (novel),ABCC8,D212N,GoF,0.43149,0.40586,0.8433,0.9475,0.677,0.88348,0.86725,0.88143,0.56551,0.84453
De Franco (novel),ABCC8,D212Y,GoF,0.77554,0.7415,0.8433,0.94883,0.74476,0.95876,0.81758,0.8963,0.80191,0.86323
De Franco (novel),ABCC8,D212G,GoF,0.64019,0.55759,0.8433,0.9189,0.72777,0.97022,0.7676,0.87439,0.75885,0.91161
De Franco (novel),ABCC8,D212E,GoF,0.37375,0.60972,0.8433,0.93338,0.36438,0.87234,0.693,0.72918,0.52174,0.8976
De Franco (novel),ABCC8,L213P,GoF,0.44094,0.22494,0.62929,0.97209,0.7892,0.87381,0.92084,0.78509,0.65214,0.90447
De Franco (novel),ABCC8,V215I,GoF,0.10656,0.47581,0.8433,0.8394,0.51518,0.87674,0.59816,0.83844,0.62966,0.53166
De Franco (novel),ABCC8,R216C,GoF,0.69477,0.60972,0.8433,0.99706,0.76462,0.9246,0.84922,0.84585,0.66546,0.75243
De Franco (novel),ABCC8,V222M,GoF,0.3854,0.7415,0.8433,0.97895,0.71074,0.96873,0.77507,0.86601,0.44697,0.87863
De Franco (novel),ABCC8,T229N,GoF,0.68056,0.72224,0.8433,0.94119,0.73825,0.92827,0.95374,0.90187,0.8247,0.84812
De Franco (novel),ABCC8,Y230C,LoF,0.90648,0.79402,0.8433,0.994,0.75367,0.99671,0.93605,0.92878,0.39369,0.8468
De Franco (novel),ABCC8,W231R,LoF,0.98008,0.72224,0.8433,0.95807,0.79838,0.9899,0.95374,0.99153,0.8631,0.90627
De Franco (novel),ABCC8,W232G,LoF,0.98864,0.7415,0.8433,0.90489,0.81644,0.99961,0.91968,0.9694,0.94563,0.907
De Franco (novel),ABCC8,M233R,LoF,0.76414,0.76473,0.8433,0.87209,0.71362,0.98744,0.99337,0.97886,0.85817,0.92685
De Franco (novel),ABCC8,A235V,GoF,0.20791,0.24694,0.50451,0.48857,0.28955,0.69273,0.4361,0.66792,0.47976,0.32804
De Franco (novel),ABCC8,P254S,GoF,0.88065,0.5206,0.8433,0.75495,0.35994,0.97587,0.90932,0.84901,0.75555,0.91996
De Franco (novel),ABCC8,P254L,LoF,0.95102,0.83351,0.8433,0.81849,0.43471,0.95286,0.8759,0.87529,0.9386,0.9529
De Franco (novel),ABCC8,Y263D,GoF,0.81675,0.83351,0.8433,0.7336,0.63045,0.98452,0.97426,0.97725,0.48155,0.87554
De Franco (novel),ABCC8,G296R,GoF,0.8191,0.79402,0.8433,0.64986,0.39216,0.96799,0.9875,0.91303,0.86243,0.73646
De Franco (novel),ABCC8,R298C,LoF,0.5342,0.70582,0.62929,0.50221,0.62848,0.95175,0.84713,0.68365,0.26689,0.45248
De Franco (novel),ABCC8,R306H,GoF,0.63207,0.79402,0.8433,0.73967,0.74887,0.98636,0.97643,0.97005,0.9442,0.8107
De Franco (novel),ABCC8,D310V,LoF,0.92605,0.83351,0.8433,0.72211,0.74496,0.99822,0.95956,0.96651,0.71474,0.92817
De Franco (novel),ABCC8,G316R,LoF,0.81514,0.79402,0.8433,0.92153,0.48891,0.96539,0.99337,0.9547,0.7694,0.94308
De Franco (novel),ABCC8,E350G,GoF,0.79571,0.60337,0.8433,0.72492,0.51294,0.84932,0.55193,0.80367,0.81251,0.61842
De Franco (novel),ABCC8,E350D,GoF,0.3854,0.7415,0.8433,0.76424,0.51439,0.7835,0.7565,0.73136,0.56238,0.57411
De Franco (novel),ABCC8,Y356C,GoF,0.80595,0.7415,0.8433,0.89662,0.74143,0.9789,0.99337,0.93617,0.51397,0.46378
De Franco (novel),ABCC8,V360A,GoF,0.38151,0.47097,0.55875,0.86783,0.36226,0.87771,0.74918,0.72263,0.51103,0.52977
De Franco (novel),ABCC8,L366F,LoF,0.48687,0.3731,0.8433,0.84818,0.7054,0.89284,0.64563,0.85299,0.56958,0.78138
De Franco (novel),ABCC8,T371I,LoF,0.49352,0.18018,0.8433,0.91242,0.3265,0.84932,0.89465,0.81665,0.29177,0.80517
De Franco (novel),ABCC8,E382K,GoF,0.39887,0.18617,0.8433,0.98785,0.39342,0.84237,0.84922,0.91956,0.49793,0.79184
De Franco (novel),ABCC8,E382V,GoF,0.43334,0.29843,0.8433,0.95494,0.40396,0.95802,0.96531,0.79348,0.4644,0.8587
De Franco (novel),ABCC8,G389R,LoF,0.65742,0.64786,0.8433,0.9726,0.55437,0.94503,0.91736,0.86485,0.7352,0.93727
De Franco (novel),ABCC8,Q392H,LoF,0.55501,0.54159,0.8433,0.83765,0.43833,0.96391,0.91505,0.88464,0.66121,0.86175
De Franco (novel),ABCC8,N406D,LoF,0.51319,0.43531,0.62929,0.67777,0.37909,0.85511,0.59223,0.86539,0.62279,0.62557
De Franco (novel),ABCC8,S408P,LoF,0.69236,0.76473,0.62929,0.87068,0.67761,0.98415,0.90818,0.89619,0.84746,0.82877
De Franco (novel),ABCC8,D424V,GoF,0.91268,0.83351,0.8433,0.95353,0.77962,0.99999,0.96758,0.98604,0.93295,0.93992
De Franco (novel),ABCC8,C435R,GoF,0.83557,0.41239,0.62929,0.97827,0.55232,0.98267,0.99725,0.992,0.81338,0.94026
De Franco (novel),ABCC8,L438F,GoF,0.60982,0.39645,0.42799,0.87504,0.39314,0.94952,0.93841,0.96993,0.68362,0.71419
De Franco (novel),ABCC8,Q444R,LoF,0.55339,0.51421,0.8433,0.85528,0.69889,0.97549,0.91852,0.94227,0.80005,0.88803
De Franco (novel),ABCC8,Q444H,LoF,0.70674,0.79402,0.8433,0.84942,0.70141,0.98851,0.97426,0.98461,0.9609,0.93209
De Franco (novel),ABCC8,S459R,GoF,0.65972,0.76473,0.8433,0.82273,0.73361,0.9899,0.96871,0.9414,0.86061,0.95528
De Franco (novel),ABCC8,Q474R,LoF,0.63901,0.79402,0.8433,0.90772,0.72083,0.96207,0.96644,0.98763,0.67839,0.89905
De Franco (novel),ABCC8,A478D,LoF,0.77554,0.76473,0.8433,0.96537,0.75546,0.95655,0.98466,0.97226,0.96429,0.96865
De Franco (novel),ABCC8,Q485R,GoF,0.61284,0.6789,0.55875,0.89094,0.32054,0.93266,0.94432,0.86148,0.61613,0.80489
De Franco (novel),ABCC8,Q485H,GoF,0.71042,0.7415,0.55875,0.88784,0.68579,0.92948,0.96871,0.89632,0.85688,0.91996
De Franco (novel),ABCC8,T488I,GoF,0.43149,0.31629,0.62929,0.9,0.32164,0.74306,0.85343,0.66786,0.57914,0.75556
De Franco (novel),ABCC8,N493K,LoF,0.45042,0.57587,0.8433,0.67322,0.44561,0.66676,0.70088,0.51054,0.38532,0.76085
De Franco (novel),ABCC8,E501K,LoF,0.68532,0.42614,0.8433,0.95193,0.73665,0.99024,0.99899,0.92876,0.89338,0.88466
De Franco (novel),ABCC8,L503P,LoF,0.90023,0.92824,0.8433,0.97919,0.80097,0.9949,0.99776,0.9977,0.95344,0.97084
De Franco (novel),ABCC8,G505R,LoF,0.9302,0.83351,0.8433,0.98239,0.74737,0.98378,0.99822,0.94086,0.98068,0.95244
De Franco (novel),ABCC8,L508P,LoF,0.88904,0.92824,0.8433,0.98231,0.80097,0.98921,0.99929,0.97112,0.97004,0.97401
De Franco (novel),ABCC8,K510N,LoF,0.77391,0.92824,0.8433,0.88698,0.74413,0.99124,0.9926,0.95408,0.94856,0.97319
De Franco (novel),ABCC8,L511M,LoF,0.41809,0.39492,0.62929,0.85152,0.67014,0.93816,0.75559,0.89707,0.58605,0.70621
De Franco (novel),ABCC8,L511P,LoF,0.90294,0.92824,0.62929,0.93998,0.80121,0.98708,0.98065,0.95622,0.9789,0.97401
De Franco (novel),ABCC8,R521P,LoF,0.40274,0.26969,0.55875,0.30924,0.59483,0.82799,0.88798,0.76307,0.611,0.79344
De Franco (novel),ABCC8,R526C,LoF,0.92903,0.83351,0.8433,0.68413,0.77122,0.94008,0.98563,0.96444,0.94253,0.87767
De Franco (novel),ABCC8,S532G,GoF,0.51157,0.53072,0.8433,0.48479,0.6132,0.84237,0.94786,0.70807,0.64676,0.49177
De Franco (novel),ABCC8,L533P,LoF,0.8191,0.83351,0.8433,0.75427,0.80097,0.9984,0.99954,0.93598,0.97079,0.9716
De Franco (novel),ABCC8,F536S,GoF,0.7747,0.31833,0.8433,0.74285,0.56315,0.85975,0.96531,0.72919,0.63297,0.90395
De Franco (novel),ABCC8,F536L,GoF,0.60665,0.4553,0.8433,0.77497,0.39532,0.94503,0.97535,0.7089,0.58826,0.95577
De Franco (novel),ABCC8,I544T,GoF,0.42001,0.1501,0.8433,0.68545,0.36081,0.95138,0.68169,0.73988,0.42918,0.89096
De Franco (novel),ABCC8,P551R,LoF,0.91868,0.83351,0.8433,0.81108,0.72486,0.99189,0.99481,0.99724,0.93917,0.96595
De Franco (novel),ABCC8,F577L,GoF,0.85844,0.92824,0.8433,0.7886,0.74256,0.99221,0.94668,0.96405,0.92564,0.98051
De Franco (novel),ABCC8,L580F,LoF,0.70067,0.79402,0.55875,0.76724,0.72854,0.98154,0.54059,0.89484,0.83698,0.84161
De Franco (novel),ABCC8,I585T,GoF,0.47175,0.31125,0.8433,0.94614,0.68143,0.96022,0.98929,0.88446,0.70022,0.89696
De Franco (novel),ABCC8,V587D,GoF,0.7674,0.79402,0.8433,0.79151,0.61253,0.98041,0.86404,0.89654,0.83967,0.93695
De Franco (novel),ABCC8,V587G,GoF,0.78388,0.92824,0.8433,0.65204,0.5484,0.96502,0.86941,0.87321,0.82666,0.80517
De Franco (novel),ABCC8,T588I,GoF,0.41239,0.07037,0.62929,0.92523,0.41144,0.84506,0.86941,0.70067,0.43332,0.77094
De Franco (novel),ABCC8,F591L,LoF,0.74661,0.38891,0.8433,0.95804,0.35705,0.96207,0.75283,0.89312,0.74983,0.94382
De Franco (novel),ABCC8,L593P,LoF,0.89796,0.83351,0.62929,0.94407,0.79651,0.99783,0.98167,0.95789,0.90894,0.95832
De Franco (novel),ABCC8,S594P,LoF,0.00985,0.01155,0.8433,0.83987,0.3488,0.84019,0.91276,0.7678,0.5301,0.81549
De Franco (novel),ABCC8,R598Q,GoF,0.42763,0.25061,0.8433,0.72592,0.58907,0.90324,0.79214,0.83079,0.82763,0.63736
De Franco (novel),ABCC8,V601I,LoF,0.21644,0.30631,0.8433,0.70374,0.27159,0.84398,0.58202,0.79283,0.58474,0.49393
De Franco (novel),ABCC8,S606T,LoF,0.5663,0.72224,0.8433,0.90513,0.66415,0.98744,0.93135,0.93735,0.77891,0.77094
De Franco (novel),ABCC8,S606N,LoF,0.57599,0.79402,0.8433,0.93591,0.67085,0.9706,0.99015,0.85373,0.82317,0.90256
De Franco (novel),ABCC8,V607M,GoF,0.38345,0.3731,0.8433,0.91213,0.29633,0.92583,0.54671,0.84209,0.57135,0.58779
De Franco (novel),ABCC8,L610R,LoF,0.85027,0.92824,0.62929,0.85027,0.78043,0.99571,0.99863,0.93135,0.92037,0.92256
De Franco (novel),ABCC8,E612D,LoF,0.37178,0.28032,0.8433,0.84489,0.31071,0.77206,0.77132,0.59973,0.55664,0.61203
De Franco (novel),ABCC8,A640V,LoF,0.3014,0.12704,0.51296,0.29709,0.2825,0.89786,0.35727,0.4007,0.10673,0.23986
De Franco (novel),ABCC8,R657Q,LoF,0.13611,0.17425,0.23883,0.00733,0.32054,0.4034,0.24135,0.15024,0.15089,0.04159
De Franco (novel),ABCC8,G684D,LoF,0.88904,0.55759,0.8433,0.79288,0.75819,0.9721,0.99481,0.87818,0.83501,0.93151
De Franco (novel),ABCC8,F686S,LoF,0.91786,0.55341,0.8433,0.70237,0.81247,0.99671,0.99548,0.99529,0.9143,0.9653
De Franco (novel),ABCC8,W688R,GoF,0.99527,0.63918,0.8433,0.77764,0.81664,0.98851,0.97643,0.98076,0.9878,0.98765
De Franco (novel),ABCC8,L696P,LoF,0.873,0.83351,0.62929,0.66819,0.80121,0.9989,0.99481,0.99555,0.90159,0.97009
De Franco (novel),ABCC8,G713R,LoF,0.93475,0.92824,0.8433,0.93037,0.74768,0.9984,0.99899,0.99615,0.98483,0.98268
De Franco (novel),ABCC8,V715M,LoF,0.54702,0.79402,0.8433,0.68753,0.71108,0.96133,0.86511,0.89828,0.72359,0.90377
De Franco (novel),ABCC8,V715A,LoF,0.6678,0.64786,0.8433,0.66384,0.73947,0.98886,0.98065,0.93256,0.77079,0.89212
De Franco (novel),ABCC8,V715G,LoF,0.89684,0.83351,0.8433,0.5065,0.76148,0.99346,0.87481,0.94747,0.89114,0.85557
De Franco (novel),ABCC8,G716C,LoF,0.96085,0.83351,0.8433,0.72733,0.72612,0.99995,0.99973,0.99941,0.98831,0.93065
De Franco (novel),ABCC8,G716S,LoF,0.827,0.76473,0.8433,0.66016,0.71269,0.99931,0.99548,0.99824,0.92539,0.87203
De Franco (novel),ABCC8,G716D,LoF,0.8991,0.48855,0.8433,0.79373,0.76074,0.99931,0.99995,0.99866,0.93033,0.97238
De Franco (novel),ABCC8,G716V,LoF,0.96166,0.83351,0.8433,0.67999,0.75617,0.9999,0.99863,0.99946,0.98346,0.94165
De Franco (novel),ABCC8,K719T,LoF,0.8383,0.92824,0.8433,0.69156,0.74733,0.99961,0.9884,0.99845,0.95957,0.95886
De Franco (novel),ABCC8,S720F,LoF,0.83357,0.92824,0.8433,0.61807,0.73137,0.99918,0.9775,0.97714,0.98729,0.98383
De Franco (novel),ABCC8,L724P,LoF,0.91868,0.92824,0.62929,0.89696,0.80121,0.98921,0.97961,0.98833,0.94917,0.99219
De Franco (novel),ABCC8,L727R,LoF,0.827,0.92824,0.62929,0.67663,0.7846,0.99995,0.99929,0.97432,0.95158,0.8872
De Franco (novel),ABCC8,I788N,LoF,0.91868,0.92824,0.8433,0.85524,0.81712,0.99622,0.99181,0.97309,0.96022,0.96728
De Franco (novel),ABCC8,R798W,LoF,0.93879,0.92824,0.8433,0.8697,0.71536,0.95802,0.93841,0.88193,0.87363,0.79091
De Franco (novel),ABCC8,C806Y,LoF,0.98968,0.76473,0.8433,0.94961,0.80859,0.98816,0.95491,0.94109,0.99471,0.97949
De Franco (novel),ABCC8,Q809K,GoF,0.58896,0.4553,0.8433,0.8481,0.35952,0.84291,0.83066,0.54798,0.17873,0.55264
De Franco (novel),ABCC8,D811V,GoF,0.97186,0.83351,0.8433,0.86001,0.77962,0.98886,0.96984,0.98439,0.96929,0.96661
De Franco (novel),ABCC8,D813N,LoF,0.75297,0.49942,0.8433,0.89743,0.3764,0.84074,0.75466,0.55499,0.35282,0.66273
De Franco (novel),ABCC8,H817R,GoF,0.39119,0.17268,0.8433,0.75411,0.43218,0.59619,0.53708,0.44996,0.15405,0.48261
De Franco (novel),ABCC8,E825K,LoF,0.71157,0.79402,0.62929,0.88871,0.73665,0.98117,0.98167,0.98839,0.96158,0.91683
De Franco (novel),ABCC8,G832C,GoF,0.96707,0.83351,0.8433,0.88995,0.72612,0.99998,0.97961,0.99892,0.99524,0.97009
De Franco (novel),ABCC8,G833D,GoF,0.90852,0.83351,0.8433,0.92635,0.76329,0.99762,0.99337,0.99855,0.93322,0.98383
De Franco (novel),ABCC8,V840E,LoF,0.83763,0.83351,0.8433,0.84395,0.66318,0.96614,0.96302,0.95386,0.85025,0.95677
De Franco (novel),ABCC8,R842G,LoF,0.90852,0.83351,0.8433,0.64877,0.75184,0.97662,0.9967,0.9955,0.83791,0.95383
De Franco (novel),ABCC8,R842Q,LoF,0.69477,0.79402,0.8433,0.57957,0.73431,0.99718,0.98065,0.99283,0.85673,0.88082
De Franco (novel),ABCC8,R842P,LoF,0.90812,0.64786,0.8433,0.70528,0.77847,0.95912,0.9926,0.99696,0.95825,0.98383
De Franco (novel),ABCC8,A848T,LoF,0.00321,0.01155,0.62929,0.26128,0.27677,0.90235,0.73015,0.58455,0.19809,0.02733
De Franco (novel),ABCC8,D855E,LoF,0.71157,0.38016,0.8433,0.76785,0.70112,0.97097,0.96758,0.92233,0.81797,0.96404
De Franco (novel),ABCC8,D861H,LoF,0.91868,0.83351,0.8433,0.70838,0.74602,0.96576,0.991,0.99779,0.94253,0.98268
De Franco (novel),ABCC8,H863Y,GoF,0.86758,0.79402,0.8433,0.85091,0.72634,0.92787,0.90363,0.91309,0.85101,0.79035
De Franco (novel),ABCC8,T888P,LoF,0.84105,0.83351,0.8433,0.81529,0.76211,0.9984,0.97095,0.99324,0.9839,0.91282
De Franco (novel),ABCC8,K890T,LoF,0.72471,0.64786,0.8433,0.91892,0.63878,0.91962,0.95374,0.82202,0.44518,0.86303
De Franco (novel),ABCC8,L891P,LoF,0.90937,0.5664,0.62929,0.96498,0.79973,0.93969,0.99973,0.95591,0.91524,0.9389
De Franco (novel),ABCC8,D898V,LoF,0.9443,0.83351,0.8433,0.87366,0.77936,0.9949,0.99822,0.98344,0.96675,0.91344
De Franco (novel),ABCC8,I901F,LoF,0.70314,0.65728,0.8433,0.86434,0.60584,0.9366,0.84922,0.8604,0.73875,0.74299
De Franco (novel),ABCC8,I901T,LoF,0.77225,0.83351,0.8433,0.94086,0.74181,0.95286,0.89353,0.89715,0.84484,0.85694
De Franco (novel),ABCC8,G912R,LoF,0.94988,0.92824,0.8433,0.94613,0.74768,0.99091,0.93605,0.96509,0.9267,0.95995
De Franco (novel),ABCC8,S957F,LoF,0.34397,0.55759,0.36574,0.22572,0.33285,0.81427,0.69474,0.61096,0.44209,0.30076
De Franco (novel),ABCC8,E974G,LoF,0.64246,0.69154,0.8433,0.43345,0.33232,0.75415,0.54845,0.62316,0.66631,0.26138
De Franco (novel),ABCC8,R993C,GoF,0.8051,0.79402,0.8433,0.70742,0.66574,0.88867,0.70878,0.82555,0.82678,0.64247
De Franco (novel),ABCC8,H1024R,GoF,0.68764,0.32783,0.8433,0.85846,0.70195,0.93816,0.98268,0.90187,0.6797,0.87743
De Franco (novel),ABCC8,D1031N,LoF,0.33598,0.20422,0.8433,0.8517,0.72773,0.94276,0.98563,0.85573,0.6828,0.87083
De Franco (novel),ABCC8,H1098R,LoF,0.93217,0.76473,0.62929,0.68182,0.91829,0.96059,0.8759,0.97135,0.93644,0.86423
De Franco (novel),ABCC8,T1131P,LoF,0.56466,0.58613,0.8433,0.71533,0.87311,0.95839,0.8759,0.93305,0.80798,0.81379
De Franco (novel),ABCC8,Q1134R,LoF,0.64478,0.39799,0.8433,0.84064,0.66284,0.89238,0.88909,0.76042,0.49313,0.68507
De Franco (novel),ABCC8,Q1134H,LoF,0.74348,0.65728,0.8433,0.84156,0.6138,0.92948,0.88246,0.83892,0.76627,0.79932
De Franco (novel),ABCC8,E1141G,GoF,0.68412,0.31026,0.8433,0.70228,0.69364,0.91456,0.91276,0.7749,0.7172,0.81099
De Franco (novel),ABCC8,L1148R,LoF,0.73579,0.79402,0.62929,0.92582,0.90662,0.96391,0.9967,0.99027,0.76366,0.87947
De Franco (novel),ABCC8,A1153T,LoF,0.62343,0.63918,0.8433,0.86542,0.77617,0.94616,0.94196,0.86915,0.7968,0.74451
De Franco (novel),ABCC8,A1153V,LoF,0.62343,0.54934,0.8433,0.88926,0.86018,0.89741,0.64648,0.88174,0.69969,0.81362
De Franco (novel),ABCC8,A1153G,GoF,0.68178,0.92824,0.8433,0.84959,0.88377,0.90369,0.77226,0.85023,0.87292,0.67568
De Franco (novel),ABCC8,P1162R,LoF,0.90568,0.79402,0.8433,0.84157,0.91652,0.97135,0.95725,0.98394,0.88213,0.72392
De Franco (novel),ABCC8,F1164L,GoF,0.85103,0.56192,0.8433,0.9205,0.67809,0.96576,0.98563,0.78681,0.88464,0.91553
De Franco (novel),ABCC8,C1175F,LoF,0.00294,0.02447,0.8433,0.84475,0.76703,0.70764,0.64137,0.55275,0.47534,0.55909
De Franco (novel),ABCC8,Y1176C,GoF,0.88148,0.83351,0.8433,0.8834,0.71849,0.99284,0.99548,0.92335,0.85531,0.49567
De Franco (novel),ABCC8,F1177L,GoF,0.65972,0.22084,0.8433,0.86101,0.67764,0.91112,0.96416,0.87059,0.69826,0.80682
De Franco (novel),ABCC8,Q1179R,GoF,0.61129,0.72224,0.8433,0.82862,0.70969,0.92583,0.98657,0.93994,0.72954,0.78791
De Franco (novel),ABCC8,F1182S,GoF,0.92042,0.76473,0.8433,0.8825,0.83629,0.98708,0.96984,0.97898,0.84513,0.92607
De Franco (novel),ABCC8,F1182L,GoF,0.82341,0.53426,0.8433,0.91244,0.68766,0.96317,0.96531,0.90704,0.83089,0.96936
De Franco (novel),ABCC8,A1185E,LoF,0.56945,0.76473,0.8433,0.85357,0.72954,0.92948,0.99015,0.96259,0.74799,0.93209
De Franco (novel),ABCC8,A1185V,LoF,0.45042,0.70582,0.8433,0.81296,0.63091,0.97398,0.84401,0.78473,0.44663,0.70523
De Franco (novel),ABCC8,S1186A,LoF,0.47852,0.20486,0.8433,0.71088,0.57959,0.91753,0.72746,0.84671,0.58996,0.54419
De Franco (novel),ABCC8,R1187W,LoF,0.90976,0.92824,0.8433,0.88814,0.91578,0.94691,0.95374,0.98035,0.61098,0.63023
De Franco (novel),ABCC8,R1187G,LoF,0.85397,0.83351,0.8433,0.79998,0.93659,0.97474,0.89912,0.98985,0.91171,0.65524
De Franco (novel),ABCC8,D1194V,LoF,0.82141,0.70582,0.8433,0.74492,0.89032,0.98599,0.9059,0.78756,0.33513,0.75204
De Franco (novel),ABCC8,P1199S,GoF,0.94223,0.92824,0.8433,0.91259,0.91275,0.95655,0.79792,0.91988,0.91644,0.77075
De Franco (novel),ABCC8,P1199Q,GoF,0.94223,0.92824,0.8433,0.91206,0.90279,0.95876,0.84298,0.94488,0.95989,0.78536
De Franco (novel),ABCC8,P1199L,GoF,0.98093,0.92824,0.8433,0.94845,0.91395,0.97852,0.95491,0.93746,0.9414,0.71722
De Franco (novel),ABCC8,R1215Q,LoF,0.69357,0.79402,0.8433,0.79344,0.9246,0.99647,0.99548,0.92906,0.63115,0.84713
De Franco (novel),ABCC8,R1218K,LoF,0.45222,0.47828,0.8433,0.82988,0.67878,0.9366,0.90363,0.68116,0.51434,0.44796
De Franco (novel),ABCC8,N1245D,GoF,0.72932,0.58089,0.8433,0.82501,0.84485,0.95396,0.89131,0.88391,0.82423,0.8587
De Franco (novel),ABCC8,R1246G,LoF,0.90729,0.29249,0.8433,0.81296,0.93796,0.9691,0.8902,0.9467,0.87152,0.936
De Franco (novel),ABCC8,W1247R,LoF,0.99891,0.92824,0.8433,0.95031,0.96551,0.99647,0.98268,0.97761,0.99874,0.98765
De Franco (novel),ABCC8,V1250F,LoF,0.71519,0.79402,0.8433,0.57811,0.85574,0.97624,0.79986,0.90249,0.87693,0.80551
De Franco (novel),ABCC8,G1256S,GoF,0.86149,0.70582,0.8433,0.81487,0.89934,0.96243,0.81559,0.89668,0.9563,0.75391
De Franco (novel),ABCC8,A1263T,LoF,0.58085,0.7415,0.8433,0.75977,0.89074,0.93738,0.69649,0.81863,0.77566,0.66665
De Franco (novel),ABCC8,A1264E,GoF,0.58407,0.72224,0.8433,0.77502,0.928,0.99157,0.95956,0.93572,0.83844,0.96223
De Franco (novel),ABCC8,A1264V,GoF,0.64132,0.69154,0.8433,0.8275,0.89552,0.90324,0.81162,0.88803,0.64877,0.77532
De Franco (novel),ABCC8,S1267F,GoF,0.74193,0.76473,0.8433,0.70665,0.66381,0.96243,0.96871,0.90455,0.82236,0.79711
De Franco (novel),ABCC8,L1276P,LoF,0.62343,0.83351,0.8433,0.73432,0.82799,0.98489,0.95139,0.96428,0.7553,0.63504
De Franco (novel),ABCC8,M1290V,GoF,0.25986,0.38891,0.8433,0.95616,0.62658,0.83636,0.94432,0.93477,0.37347,0.58215
De Franco (novel),ABCC8,M1290I,LoF,0.3854,0.44702,0.8433,0.97475,0.66198,0.74306,0.86725,0.72382,0.44852,0.83396
De Franco (novel),ABCC8,L1295F,GoF,0.66665,0.64786,0.62929,0.93993,0.79003,0.95765,0.67736,0.84699,0.72635,0.62152
De Franco (novel),ABCC8,N1296K,LoF,0.78553,0.48594,0.8433,0.96737,0.68431,0.97474,0.99776,0.95398,0.77683,0.95199
De Franco (novel),ABCC8,E1324K,LoF,0.67589,0.69154,0.8433,0.81216,0.90904,0.95691,0.93605,0.86281,0.96328,0.83644
De Franco (novel),ABCC8,K1337N,LoF,0.34795,0.26145,0.38382,0.4259,0.67985,0.49076,0.0567,0.50554,0.35691,0.42491
De Franco (novel),ABCC8,W1339R,LoF,0.99796,0.92824,0.8433,0.82429,0.96441,0.97323,0.87699,0.90958,0.99681,0.98504
De Franco (novel),ABCC8,G1343E,LoF,0.94196,0.92824,0.8433,0.80724,0.93727,0.98229,0.9884,0.99708,0.95007,0.93759
De Franco (novel),ABCC8,I1347F,LoF,0.31981,0.14456,0.8433,0.82047,0.77725,0.78226,0.79792,0.58691,0.45965,0.64421
De Franco (novel),ABCC8,L1350Q,LoF,0.84525,0.92824,0.62929,0.81221,0.91364,0.99253,0.99015,0.99028,0.93917,0.94938
De Franco (novel),ABCC8,R1353P,LoF,0.90411,0.83351,0.8433,0.88656,0.94913,0.99718,0.9941,0.99391,0.97549,0.98051
De Franco (novel),ABCC8,Y1354N,LoF,0.96764,0.92824,0.8433,0.90864,0.95965,0.99762,0.99776,0.99212,0.99629,0.90239
De Franco (novel),ABCC8,P1360L,LoF,0.943,0.5206,0.8433,0.85792,0.6604,0.88252,0.97535,0.75769,0.41767,0.6717
De Franco (novel),ABCC8,V1361M,LoF,0.56466,0.83351,0.8433,0.85045,0.90431,0.96207,0.92433,0.98232,0.77596,0.83119
De Franco (novel),ABCC8,H1364Q,LoF,0.6158,0.40747,0.62929,0.78981,0.63622,0.82968,0.55713,0.55309,0.34847,0.38747
De Franco (novel),ABCC8,A1367T,GoF,0.45404,0.34477,0.62929,0.69728,0.65289,0.85196,0.90476,0.7534,0.38962,0.33365
De Franco (novel),ABCC8,A1367D,LoF,0.74051,0.63918,0.62929,0.82633,0.85524,0.92253,0.98657,0.85818,0.72134,0.86565
De Franco (novel),ABCC8,G1376R,LoF,0.94511,0.92824,0.8433,0.99604,0.92831,0.9899,0.99995,0.97898,0.89883,0.95431
De Franco (novel),ABCC8,G1379R,LoF,0.94674,0.83351,0.62929,0.9871,0.93098,0.99091,0.99987,0.99841,0.98254,0.97009
De Franco (novel),ABCC8,G1379S,LoF,0.86149,0.83351,0.62929,0.9592,0.91093,0.98886,0.93723,0.98513,0.9657,0.90308
De Franco (novel),ABCC8,R1380S,GoF,0.86296,0.83351,0.8433,0.94459,0.92494,0.99762,0.991,0.96646,0.64756,0.93416
De Franco (novel),ABCC8,R1380P,GoF,0.91564,0.63918,0.8433,0.95972,0.94926,0.99545,0.95725,0.98353,0.89052,0.9012
De Franco (novel),ABCC8,T1381N,GoF,0.78976,0.83351,0.62929,0.89331,0.92549,0.90146,0.93135,0.89663,0.90287,0.93037
De Franco (novel),ABCC8,G1382S,LoF,0.86222,0.83351,0.62929,0.87293,0.90843,0.99189,0.95256,0.99725,0.91547,0.86783
De Franco (novel),ABCC8,G1384R,LoF,0.94758,0.92824,0.8433,0.94563,0.93043,0.99858,0.99987,0.99803,0.9727,0.95337
De Franco (novel),ABCC8,G1384E,LoF,0.94758,0.92824,0.8433,0.93835,0.93882,0.99986,0.99999,0.99819,0.97549,0.98383
De Franco (novel),ABCC8,K1385Q,LoF,0.70553,0.92824,0.8433,0.8286,0.91823,0.99904,0.9884,0.99776,0.965,0.96796
De Franco (novel),ABCC8,S1387F,LoF,0.86222,0.92824,0.8433,0.86596,0.92161,0.97852,0.99954,0.9975,0.93807,0.97009
De Franco (novel),ABCC8,S1387Y,LoF,0.86222,0.92824,0.8433,0.88024,0.9381,0.97738,0.99973,0.99285,0.96745,0.97319
De Franco (novel),ABCC8,S1389Y,LoF,0.74427,0.58613,0.8433,0.88024,0.92245,0.94503,0.98657,0.8367,0.89503,0.89314
De Franco (novel),ABCC8,L1390P,LoF,0.9014,0.79402,0.62929,0.9324,0.95723,0.98886,0.99548,0.97848,0.93671,0.97319
De Franco (novel),ABCC8,L1390R,LoF,0.84035,0.83351,0.62929,0.906,0.94843,0.97852,0.96416,0.91943,0.94678,0.85202
De Franco (novel),ABCC8,F1393I,LoF,0.86222,0.50226,0.8433,0.85885,0.94498,0.99518,0.98563,0.94152,0.88793,0.91406
De Franco (novel),ABCC8,F1393V,GoF,0.91522,0.76473,0.8433,0.84822,0.93908,0.99189,0.92784,0.95022,0.90443,0.89921
De Franco (novel),ABCC8,F1393L,LoF,0.86222,0.44501,0.8433,0.89195,0.89416,0.99024,0.98368,0.90974,0.82776,0.91905
De Franco (novel),ABCC8,R1394H,LoF,0.7282,0.79402,0.62929,0.65932,0.93472,0.96354,0.99929,0.98807,0.47962,0.58697
De Franco (novel),ABCC8,R1394L,LoF,0.89093,0.69154,0.62929,0.67037,0.93493,0.96022,0.98466,0.98823,0.84732,0.87203
De Franco (novel),ABCC8,M1395R,LoF,0.80425,0.92824,0.8433,0.84598,0.95105,0.99124,0.99822,0.96113,0.87204,0.92685
De Franco (novel),ABCC8,D1397Y,LoF,0.96608,0.92824,0.8433,0.83022,0.93394,0.99718,0.9941,0.96263,0.9858,0.80106
De Franco (novel),ABCC8,G1401R,LoF,0.94758,0.92824,0.8433,0.97485,0.93098,0.99986,0.99929,0.99921,0.99036,0.98907
De Franco (novel),ABCC8,G1401W,LoF,0.94758,0.92824,0.62929,0.77077,0.92949,0.99952,0.97426,0.99831,0.99363,0.96796
De Franco (novel),ABCC8,I1404M,LoF,0.58407,0.64786,0.8433,0.72803,0.91337,0.89468,0.96644,0.88066,0.7374,0.63281
De Franco (novel),ABCC8,I1405T,LoF,0.78807,0.72224,0.8433,0.87175,0.93649,0.9999,0.94432,0.95883,0.93644,0.84533
De Franco (novel),ABCC8,D1406H,LoF,0.91268,0.83351,0.8433,0.85481,0.93013,0.99058,0.98368,0.99065,0.9348,0.95677
De Franco (novel),ABCC8,I1410F,LoF,0.70191,0.83351,0.8433,0.68613,0.95671,0.99982,0.98466,0.94666,0.89338,0.78771
De Franco (novel),ABCC8,P1414L,LoF,0.97218,0.92824,0.8433,0.89412,0.91099,0.95212,0.95725,0.97986,0.92162,0.81082
De Franco (novel),ABCC8,R1419H,LoF,0.78807,0.92824,0.8433,0.89327,0.93493,0.9949,0.9941,0.99633,0.98831,0.87863
De Franco (novel),ABCC8,R1419L,LoF,0.91226,0.92824,0.8433,0.89538,0.93511,0.99986,0.92784,0.9929,0.98115,0.92379
De Franco (novel),ABCC8,R1421C,LoF,0.94326,0.92824,0.8433,0.93642,0.94351,0.977,0.95139,0.95459,0.93375,0.55521
De Franco (novel),ABCC8,R1421H,LoF,0.78302,0.69154,0.8433,0.89327,0.92103,0.95507,0.83269,0.90808,0.44215,0.46109
De Franco (novel),ABCC8,S1423P,LoF,0.7212,0.79402,0.8433,0.69346,0.93579,0.99647,0.99776,0.97094,0.86908,0.94308
De Franco (novel),ABCC8,S1423C,GoF,0.69118,0.83351,0.8433,0.68284,0.90747,0.97474,0.91968,0.94759,0.89523,0.66665
De Franco (novel),ABCC8,I1425L,LoF,0.42957,0.76473,0.8433,0.88802,0.90591,0.95138,0.9255,0.953,0.6512,0.75665
De Franco (novel),ABCC8,V1430A,LoF,0.66436,0.54159,0.31837,0.7468,0.92372,0.84613,0.58883,0.76203,0.64749,0.69235
De Franco (novel),ABCC8,L1431F,LoF,0.68999,0.83351,0.62929,0.80853,0.92061,0.95026,0.96531,0.89552,0.89714,0.85168
De Franco (novel),ABCC8,G1434S,LoF,0.85844,0.79402,0.8433,0.89726,0.88308,0.99571,0.991,0.96629,0.94534,0.68599
De Franco (novel),ABCC8,I1436S,LoF,0.84525,0.92824,0.8433,0.77621,0.75712,0.97587,0.99548,0.98712,0.9001,0.94095
De Franco (novel),ABCC8,R1437G,LoF,0.90178,0.83351,0.62929,0.84672,0.74614,0.96836,0.99548,0.97085,0.73112,0.87601
De Franco (novel),ABCC8,R1437Q,LoF,0.68178,0.69154,0.62929,0.80103,0.92245,0.99783,0.98065,0.98515,0.94393,0.7234
De Franco (novel),ABCC8,L1451R,LoF,0.83557,0.92824,0.62929,0.75638,0.95036,0.99822,0.99548,0.94785,0.92644,0.92981
De Franco (novel),ABCC8,L1451P,LoF,0.89152,0.92824,0.62929,0.78301,0.95858,0.9984,0.99954,0.9905,0.96819,0.97401
De Franco (novel),ABCC8,W1452C,LoF,0.99452,0.76473,0.8433,0.76273,0.95708,0.98744,0.89353,0.98754,0.99255,0.94308
De Franco (novel),ABCC8,E1453D,LoF,0.51478,0.34959,0.8433,0.61805,0.58407,0.87722,0.80473,0.63106,0.46512,0.5955
De Franco (novel),ABCC8,L1455R,LoF,0.84387,0.92824,0.62929,0.91168,0.95057,0.99997,0.99973,0.98372,0.96745,0.97486
De Franco (novel),ABCC8,A1458T,LoF,0.68532,0.55341,0.8433,0.74724,0.87113,0.99124,0.98466,0.96978,0.94028,0.80677
De Franco (novel),ABCC8,A1458V,LoF,0.68532,0.64786,0.8433,0.76774,0.85182,0.91285,0.98657,0.8497,0.78543,0.83439
De Franco (novel),ABCC8,Q1459E,LoF,0.55181,0.79402,0.8433,0.78801,0.91357,0.94315,0.81559,0.81996,0.77699,0.63731
De Franco (novel),ABCC8,Q1459H,LoF,0.73788,0.44905,0.8433,0.83207,0.6754,0.86786,0.94904,0.72687,0.68678,0.85593
De Franco (novel),ABCC8,L1460R,LoF,0.84387,0.92824,0.62929,0.94567,0.95057,0.99597,0.99954,0.96177,0.98628,0.96051
De Franco (novel),ABCC8,G1470V,LoF,0.86149,0.61642,0.8433,0.90808,0.9356,0.9878,0.95139,0.93208,0.87767,0.79754
De Franco (novel),ABCC8,D1472N,LoF,0.74427,0.54934,0.55875,0.87015,0.6533,0.83965,0.84922,0.8974,0.3858,0.49606
De Franco (novel),ABCC8,D1472H,LoF,0.873,0.83351,0.55875,0.89066,0.82216,0.95323,0.9875,0.9832,0.85721,0.73409
De Franco (novel),ABCC8,G1479E,LoF,0.93786,0.83351,0.52346,0.93289,0.93854,0.97776,0.98167,0.99089,0.93427,0.97486
De Franco (novel),ABCC8,G1479A,LoF,0.84674,0.72224,0.52346,0.87958,0.91578,0.96873,0.97856,0.98812,0.89926,0.88519
De Franco (novel),ABCC8,N1481I,LoF,0.96554,0.83351,0.62929,0.85209,0.92245,0.95765,0.94786,0.96563,0.96056,0.89226
De Franco (novel),ABCC8,G1485R,LoF,0.93404,0.92824,0.8433,0.97485,0.93098,0.99986,0.9926,0.99792,0.98678,0.98907
De Franco (novel),ABCC8,G1485V,LoF,0.96218,0.92824,0.8433,0.94422,0.93589,0.99982,0.9875,0.99849,0.99036,0.9578
De Franco (novel),ABCC8,G1485E,LoF,0.93293,0.92824,0.8433,0.96956,0.93918,0.99997,0.98466,0.99776,0.96966,0.97755
De Franco (novel),ABCC8,R1487K,LoF,0.5711,0.49942,0.8433,0.97362,0.91173,0.97814,0.95256,0.97545,0.78748,0.68871
De Franco (novel),ABCC8,Q1488R,LoF,0.68412,0.83351,0.45977,0.90918,0.91805,0.99284,0.95256,0.99434,0.87345,0.9594
De Franco (novel),ABCC8,F1490S,LoF,0.93879,0.92824,0.8433,0.94247,0.96551,0.99284,0.97207,0.95787,0.96259,0.9653
De Franco (novel),ABCC8,A1493T,LoF,0.68412,0.70582,0.62929,0.89571,0.90529,0.99518,0.95021,0.98661,0.90511,0.87911
De Franco (novel),ABCC8,S1501R,GoF,0.25118,0.01155,0.8433,0.9261,0.65919,0.74022,0.81957,0.56653,0.5507,0.77845
De Franco (novel),ABCC8,M1505T,GoF,0.83489,0.92824,0.62929,0.97535,0.78519,0.99571,0.98466,0.94585,0.7443,0.89649
De Franco (novel),ABCC8,D1506N,LoF,0.77143,0.79402,0.53742,0.90241,0.90386,0.99058,0.99863,0.98809,0.9858,0.95337
De Franco (novel),ABCC8,D1506H,LoF,0.9006,0.83351,0.53742,0.91971,0.9286,0.99997,0.99973,0.99382,0.97042,0.98765
De Franco (novel),ABCC8,D1506E,LoF,0.68412,0.79402,0.53742,0.88307,0.8967,0.92129,0.991,0.98068,0.92746,0.97009
De Franco (novel),ABCC8,E1507Q,GoF,0.5663,0.83351,0.8433,0.86625,0.91035,0.98563,0.9875,0.99771,0.96464,0.98157
De Franco (novel),ABCC8,E1507G,GoF,0.90178,0.83351,0.8433,0.84583,0.92917,0.99671,0.99015,0.99904,0.97004,0.98504
De Franco (novel),ABCC8,E1507D,GoF,0.56466,0.76473,0.8433,0.87808,0.89993,0.95544,0.9941,0.99405,0.69448,0.98765
De Franco (novel),ABCC8,A1508P,LoF,0.77225,0.83351,0.51296,0.92452,0.93854,0.99284,0.99548,0.9976,0.93006,0.97949
De Franco (novel),ABCC8,I1512S,LoF,0.83899,0.92824,0.62929,0.88935,0.75579,0.99518,0.96302,0.96552,0.9001,0.90412
De Franco (novel),ABCC8,M1514K,LoF,0.76414,0.70582,0.8433,0.84267,0.78191,0.88061,0.98167,0.7808,0.65735,0.79579
De Franco (novel),ABCC8,T1516A,LoF,0.77143,0.7415,0.8433,0.72982,0.88267,0.99315,0.91162,0.96313,0.83089,0.81373
De Franco (novel),ABCC8,T1516M,LoF,0.83899,0.58613,0.8433,0.78586,0.91115,0.96688,0.99611,0.92822,0.85657,0.79938
De Franco (novel),ABCC8,E1517K,LoF,0.62976,0.60972,0.8433,0.92954,0.68666,0.95249,0.98167,0.93012,0.74018,0.92685
De Franco (novel),ABCC8,L1520P,LoF,0.88963,0.92824,0.48115,0.98179,0.89279,0.97587,0.97317,0.97424,0.91988,0.98631
De Franco (novel),ABCC8,V1523M,GoF,0.54864,0.6789,0.55875,0.93326,0.76966,0.91879,0.80083,0.9521,0.60022,0.86474
De Franco (novel),ABCC8,V1523L,GoF,0.53736,0.7415,0.55875,0.90843,0.62156,0.84879,0.82964,0.87466,0.59021,0.92379
De Franco (novel),ABCC8,V1523A,GoF,0.67705,0.83351,0.55875,0.92281,0.68807,0.90056,0.93841,0.86699,0.7748,0.83175
De Franco (novel),ABCC8,V1524M,GoF,0.54864,0.43159,0.55875,0.93326,0.76966,0.91879,0.80083,0.9521,0.56312,0.71961
De Franco (novel),ABCC8,T1532A,LoF,0.76655,0.79402,0.55875,0.87566,0.86111,0.9706,0.9941,0.99209,0.82482,0.87028
De Franco (novel),ABCC8,T1535P,LoF,0.83489,0.83351,0.62929,0.75234,0.7213,0.96947,0.94314,0.90264,0.78518,0.84485
De Franco (novel),ABCC8,A1537P,GoF,0.7674,0.83351,0.52346,0.96804,0.93639,0.99463,0.99337,0.97014,0.96745,0.9578
De Franco (novel),ABCC8,A1537V,LoF,0.67359,0.83351,0.52346,0.94999,0.89442,0.99091,0.99181,0.95174,0.67331,0.91023
De Franco (novel),ABCC8,V1540M,GoF,0.52451,0.59732,0.8433,0.94826,0.89349,0.86435,0.77883,0.83236,0.60613,0.76161
De Franco (novel),ABCC8,V1551D,LoF,0.8645,0.92824,0.8433,0.79145,0.95873,0.99718,0.99863,0.98913,0.94563,0.9578
De Franco (novel),ABCC8,L1552V,LoF,0.44094,0.59732,0.62929,0.58712,0.80625,0.90501,0.76853,0.97039,0.474,0.61577
De Franco (novel),ABCC8,R1554Q,GoF,0.13226,0.08052,0.8433,0.64097,0.67116,0.47612,0.41459,0.57488,0.57723,0.3371
De Franco (novel),ABCC8,G1555S,LoF,0.84387,0.79402,0.8433,0.73016,0.91093,0.99783,0.98466,0.99975,0.9671,0.82534
De Franco (novel),ABCC8,G1555D,LoF,0.90294,0.83351,0.8433,0.84569,0.93962,0.99783,0.96187,0.99981,0.9789,0.93446
De Franco (novel),ABCC8,G1555V,LoF,0.96317,0.83351,0.8433,0.75028,0.93589,0.99762,0.98929,0.99986,0.99418,0.9389
De Franco (novel),ABCC8,P1563T,LoF,0.8991,0.79402,0.8433,0.50742,0.92183,0.99463,0.9455,0.93071,0.86751,0.73202
De Franco (novel),ABCC8,P1563A,LoF,0.88699,0.55759,0.8433,0.45434,0.86318,0.94914,0.81459,0.94261,0.78907,0.63095
De Franco (novel),ABCC8,S1572R,LoF,0.67589,0.59732,0.8433,0.37583,0.92171,0.92542,0.79406,0.74083,0.79137,0.92872
De Franco (novel),ABCC8,A1575P,LoF,0.69714,0.72224,0.62929,0.50616,0.89178,0.90101,0.71055,0.71435,0.77395,0.85414
