scheme,control,n_benign,tool,mech,n_disease,tier,cutoff,sens,spec,spec_lo,spec_hi,fp,lr,lr_lo,lr_hi,lr_ceiling,lr_required
Bergquist 2025,ClinVar 3-star benign (as submitted),13,AM,LoF,202,Supporting,0.17,0.9356435643564357,0.7692307692307693,0.49743126004873084,0.918206209075343,3,4.054455445544556,1.5018129634423605,10.945843031096473,4.333333333333333,2.08
Bergquist 2025,ClinVar 3-star benign (as submitted),13,AM,LoF,202,Moderate,0.792,0.6188118811881188,0.9230769230769231,0.6668546607175265,0.9862899336203037,1,8.04455445544555,1.219913956165789,53.0487056562815,13.0,4.3
Bergquist 2025,ClinVar 3-star benign (as submitted),13,AM,LoF,202,Strong,0.972,0.2871287128712871,1.0,0.7718981569447083,1.0,0,inf,,,inf,18.7
Bergquist 2025,ClinVar 3-star benign (as submitted),13,AM,GoF,45,Supporting,0.17,0.9555555555555556,0.7692307692307693,0.49743126004873084,0.918206209075343,3,4.140740740740742,1.5317207402458541,11.19377274951448,4.333333333333333,2.08
Bergquist 2025,ClinVar 3-star benign (as submitted),13,AM,GoF,45,Moderate,0.792,0.5111111111111111,0.9230769230769231,0.6668546607175265,0.9862899336203037,1,6.644444444444448,0.9891749060626088,44.631785243159364,13.0,4.3
Bergquist 2025,ClinVar 3-star benign (as submitted),13,AM,GoF,45,Strong,0.972,0.15555555555555556,1.0,0.7718981569447083,1.0,0,inf,,,inf,18.7
Bergquist 2025,ClinVar 3-star benign (as submitted),13,REVEL,LoF,163,Supporting,0.291,1.0,0.15384615384615385,0.04325726318273798,0.4223517050863101,11,1.1818181818181819,0.9373107815100462,1.490107915568731,1.1818181818181819,2.08
Bergquist 2025,ClinVar 3-star benign (as submitted),13,REVEL,LoF,163,Moderate,0.644,0.9570552147239264,0.6923076923076923,0.4236888781333764,0.8731950283838191,4,3.1104294478527605,1.3753431977545505,7.034441560379339,3.25,4.3
Bergquist 2025,ClinVar 3-star benign (as submitted),13,REVEL,LoF,163,Strong,0.879,0.6993865030674846,0.9230769230769231,0.6668546607175265,0.9862899336203037,1,9.092024539877306,1.3793366452029368,59.930917170382976,13.0,18.7
Bergquist 2025,ClinVar 3-star benign (as submitted),13,REVEL,GoF,43,Supporting,0.291,0.9767441860465116,0.15384615384615385,0.04325726318273798,0.4223517050863101,11,1.1543340380549683,0.9113623271451889,1.462082677464032,1.1818181818181819,2.08
Bergquist 2025,ClinVar 3-star benign (as submitted),13,REVEL,GoF,43,Moderate,0.644,0.9534883720930233,0.6923076923076923,0.4236888781333764,0.8731950283838191,4,3.0988372093023253,1.3674527872532523,7.022393854668553,3.25,4.3
Bergquist 2025,ClinVar 3-star benign (as submitted),13,REVEL,GoF,43,Strong,0.879,0.5581395348837209,0.9230769230769231,0.6668546607175265,0.9862899336203037,1,7.255813953488377,1.083297174242483,48.598701611541614,13.0,18.7
Bergquist 2025,gnomAD AF>=1e-4,37,AM,LoF,202,Supporting,0.17,0.9356435643564357,0.7567567567567568,0.5988239750929105,0.8663879656733671,9,3.8465346534653473,2.1764101610844273,6.798272267272243,4.111111111111111,2.08
Bergquist 2025,gnomAD AF>=1e-4,37,AM,LoF,202,Moderate,0.792,0.6188118811881188,0.918918918918919,0.7869900750149847,0.9720399336036787,3,7.632013201320137,2.5656305980936165,22.70304444778822,12.333333333333334,4.3
Bergquist 2025,gnomAD AF>=1e-4,37,AM,LoF,202,Strong,0.972,0.2871287128712871,1.0,0.9059390425448564,1.0000000000000002,0,inf,,,inf,18.7
Bergquist 2025,gnomAD AF>=1e-4,37,AM,GoF,45,Supporting,0.17,0.9555555555555556,0.7567567567567568,0.5988239750929105,0.8663879656733671,9,3.928395061728396,2.2175483972892023,6.959166158392278,4.111111111111111,2.08
Bergquist 2025,gnomAD AF>=1e-4,37,AM,GoF,45,Moderate,0.792,0.5111111111111111,0.918918918918919,0.7869900750149847,0.9720399336036787,3,6.303703703703707,2.0531379374936933,19.354121152032874,12.333333333333334,4.3
Bergquist 2025,gnomAD AF>=1e-4,37,AM,GoF,45,Strong,0.972,0.15555555555555556,1.0,0.9059390425448564,1.0000000000000002,0,inf,,,inf,18.7
Bergquist 2025,gnomAD AF>=1e-4,42,REVEL,LoF,163,Supporting,0.291,1.0,0.3333333333333333,0.2101228076197232,0.4844777298833308,28,1.4999999999999998,1.2111999660571433,1.857661875044873,1.5,2.08
Bergquist 2025,gnomAD AF>=1e-4,42,REVEL,LoF,163,Moderate,0.644,0.9570552147239264,0.7619047619047619,0.6147216491768113,0.8651917918898182,10,4.01963190184049,2.337781584059689,6.911441486434969,4.2,4.3
Bergquist 2025,gnomAD AF>=1e-4,42,REVEL,LoF,163,Strong,0.879,0.6993865030674846,0.9523809523809523,0.8420986468452026,0.9868427513607937,2,14.687116564417162,3.7837003777915132,57.01069625990955,21.0,18.7
Bergquist 2025,gnomAD AF>=1e-4,42,REVEL,GoF,43,Supporting,0.291,0.9767441860465116,0.3333333333333333,0.2101228076197232,0.4844777298833308,28,1.4651162790697672,1.1772300489196408,1.8234037715611922,1.5,2.08
Bergquist 2025,gnomAD AF>=1e-4,42,REVEL,GoF,43,Moderate,0.644,0.9534883720930233,0.7619047619047619,0.6147216491768113,0.8651917918898182,10,4.004651162790697,2.3220079194312397,6.906621980673131,4.2,4.3
Bergquist 2025,gnomAD AF>=1e-4,42,REVEL,GoF,43,Strong,0.879,0.5581395348837209,0.9523809523809523,0.8420986468452026,0.9868427513607937,2,11.720930232558127,2.953377244975974,46.51630798273206,21.0,18.7
Bergquist 2025,gnomAD AF>=1e-5,376,AM,LoF,202,Supporting,0.17,0.9356435643564357,0.5106382978723404,0.4602585526059911,0.5608028582557998,184,1.9119672836848902,1.7138258446834196,2.1330165519569753,2.0434782608695654,2.08
Bergquist 2025,gnomAD AF>=1e-5,376,AM,LoF,202,Moderate,0.792,0.6188118811881188,0.8590425531914894,0.8202284023047963,0.8905942142806436,53,4.390061647674202,3.344605766112595,5.762305819612439,7.09433962264151,4.3
Bergquist 2025,gnomAD AF>=1e-5,376,AM,LoF,202,Strong,0.972,0.2871287128712871,0.949468085106383,0.9224300130837649,0.9674145958268968,19,5.682126107347583,3.4842605354232448,9.266401513765972,19.789473684210527,18.7
Bergquist 2025,gnomAD AF>=1e-5,376,AM,GoF,45,Supporting,0.17,0.9555555555555556,0.5106382978723404,0.4602585526059911,0.5608028582557998,184,1.9526570048309178,1.7301855903725336,2.2037343275378256,2.0434782608695654,2.08
Bergquist 2025,gnomAD AF>=1e-5,376,AM,GoF,45,Moderate,0.792,0.5111111111111111,0.8590425531914894,0.8202284023047963,0.8905942142806436,53,3.6259958071278824,2.481236063913631,5.298909597731304,7.09433962264151,4.3
Bergquist 2025,gnomAD AF>=1e-5,376,AM,GoF,45,Strong,0.972,0.15555555555555556,0.949468085106383,0.9224300130837649,0.9674145958268968,19,3.0783625730994184,1.3700234229172563,6.916900815667005,19.789473684210527,18.7
Bergquist 2025,gnomAD AF>=1e-5,423,REVEL,LoF,163,Supporting,0.291,1.0,0.2458628841607565,0.20723593582678285,0.289064331063792,319,1.3260188087774296,1.2557933281152107,1.4001713831929186,1.3260188087774294,2.08
Bergquist 2025,gnomAD AF>=1e-5,423,REVEL,LoF,163,Moderate,0.644,0.9570552147239264,0.6619385342789598,0.6155798439153569,0.7053823116008814,143,2.8310094813162294,2.467916266052206,3.2475229380950346,2.958041958041958,4.3
Bergquist 2025,gnomAD AF>=1e-5,423,REVEL,LoF,163,Strong,0.879,0.6993865030674846,0.8676122931442081,0.8319818778591849,0.8966256430572394,56,5.282865907099037,4.057467441479539,6.87834778588206,7.553571428571429,18.7
Bergquist 2025,gnomAD AF>=1e-5,423,REVEL,GoF,43,Supporting,0.291,0.9767441860465116,0.2458628841607565,0.20723593582678285,0.289064331063792,319,1.2951811620616753,1.2060138505089333,1.3909411088865484,1.3260188087774294,2.08
Bergquist 2025,gnomAD AF>=1e-5,423,REVEL,GoF,43,Moderate,0.644,0.9534883720930233,0.6619385342789598,0.6155798439153569,0.7053823116008814,143,2.8204586111562855,2.430513227520535,3.2729658440743594,2.958041958041958,4.3
Bergquist 2025,gnomAD AF>=1e-5,423,REVEL,GoF,43,Strong,0.879,0.5581395348837209,0.8676122931442081,0.8319818778591849,0.8966256430572394,56,4.215946843853821,2.9387344139403133,6.048252508252007,7.553571428571429,18.7
v26 (as submitted),ClinVar 3-star benign (as submitted),13,AM,LoF,202,Supporting,0.564,0.7524752475247525,0.9230769230769231,0.6668546607175265,0.9862899336203037,1,9.782178217821789,1.4855644129827967,64.41390884767728,13.0,2.08
v26 (as submitted),ClinVar 3-star benign (as submitted),13,AM,LoF,202,Moderate,0.74,0.6683168316831684,0.9230769230769231,0.6668546607175265,0.9862899336203037,1,8.688118811881195,1.3183025002775963,57.25803332199497,13.0,4.3
v26 (as submitted),ClinVar 3-star benign (as submitted),13,AM,LoF,202,Strong,0.89,0.5099009900990099,0.9230769230769231,0.6668546607175265,0.9862899336203037,1,6.628712871287133,1.0034622926320633,43.788226675378425,13.0,18.7
v26 (as submitted),ClinVar 3-star benign (as submitted),13,AM,GoF,45,Supporting,0.564,0.6444444444444445,0.9230769230769231,0.6668546607175265,0.9862899336203037,1,8.377777777777784,1.2586137472793615,55.76544880869518,13.0,2.08
v26 (as submitted),ClinVar 3-star benign (as submitted),13,AM,GoF,45,Moderate,0.74,0.5555555555555556,0.9230769230769231,0.6668546607175265,0.9862899336203037,1,7.222222222222228,1.0789717014176785,48.34278207540202,13.0,4.3
v26 (as submitted),ClinVar 3-star benign (as submitted),13,AM,GoF,45,Strong,0.89,0.37777777777777777,0.9230769230769231,0.6668546607175265,0.9862899336203037,1,4.911111111111114,0.7199468545221165,33.501101080146626,13.0,18.7
v26 (as submitted),ClinVar 3-star benign (as submitted),13,REVEL,LoF,163,Supporting,0.644,0.9570552147239264,0.6923076923076923,0.4236888781333764,0.8731950283838191,4,3.1104294478527605,1.3753431977545505,7.034441560379339,3.25,2.08
v26 (as submitted),ClinVar 3-star benign (as submitted),13,REVEL,LoF,163,Moderate,0.773,0.901840490797546,0.9230769230769231,0.6668546607175265,0.9862899336203037,1,11.723926380368106,1.7821912742186508,77.12440957413637,13.0,4.3
v26 (as submitted),ClinVar 3-star benign (as submitted),13,REVEL,LoF,163,Strong,0.932,0.4723926380368098,0.9230769230769231,0.6668546607175265,0.9862899336203037,1,6.141104294478532,0.9276703975231568,40.653622295543016,13.0,18.7
v26 (as submitted),ClinVar 3-star benign (as submitted),13,REVEL,GoF,43,Supporting,0.644,0.9534883720930233,0.6923076923076923,0.4236888781333764,0.8731950283838191,4,3.0988372093023253,1.3674527872532523,7.022393854668553,3.25,2.08
v26 (as submitted),ClinVar 3-star benign (as submitted),13,REVEL,GoF,43,Moderate,0.773,0.7906976744186046,0.9230769230769231,0.6668546607175265,0.9862899336203037,1,10.279069767441866,1.5538472328937405,67.99849627892144,13.0,4.3
v26 (as submitted),ClinVar 3-star benign (as submitted),13,REVEL,GoF,43,Strong,0.932,0.3953488372093023,0.9230769230769231,0.6668546607175265,0.9862899336203037,1,5.139534883720933,0.7542124023679861,35.02305018858116,13.0,18.7
v26 (as submitted),gnomAD AF>=1e-4,37,AM,LoF,202,Supporting,0.564,0.7524752475247525,0.8918918918918919,0.7529115358483284,0.9571487947949374,4,6.96039603960396,2.749311651392281,17.62154283367633,9.25,2.08
v26 (as submitted),gnomAD AF>=1e-4,37,AM,LoF,202,Moderate,0.74,0.6683168316831684,0.918918918918919,0.7869900750149847,0.9720399336036787,3,8.242574257425748,2.773777095732002,24.49368786472303,12.333333333333334,4.3
v26 (as submitted),gnomAD AF>=1e-4,37,AM,LoF,202,Strong,0.89,0.5099009900990099,0.9459459459459459,0.822950349364601,0.9850493372294601,2,9.433168316831683,2.433954266001345,36.55971097594482,18.5,18.7
v26 (as submitted),gnomAD AF>=1e-4,37,AM,GoF,45,Supporting,0.564,0.6444444444444445,0.8918918918918919,0.7529115358483284,0.9571487947949374,4,5.961111111111111,2.3039837680742115,15.423218761959511,9.25,2.08
v26 (as submitted),gnomAD AF>=1e-4,37,AM,GoF,45,Moderate,0.74,0.5555555555555556,0.918918918918919,0.7869900750149847,0.9720399336036787,3,6.8518518518518565,2.245038440339256,20.911835163335226,12.333333333333334,4.3
v26 (as submitted),gnomAD AF>=1e-4,37,AM,GoF,45,Strong,0.89,0.37777777777777777,0.9459459459459459,0.822950349364601,0.9850493372294601,2,6.988888888888888,1.7249290872740672,28.31685560965547,18.5,18.7
v26 (as submitted),gnomAD AF>=1e-4,42,REVEL,LoF,163,Supporting,0.644,0.9570552147239264,0.7619047619047619,0.6147216491768113,0.8651917918898182,10,4.01963190184049,2.337781584059689,6.911441486434969,4.2,2.08
v26 (as submitted),gnomAD AF>=1e-4,42,REVEL,LoF,163,Moderate,0.773,0.901840490797546,0.9047619047619048,0.7793460477494668,0.9623383611716879,4,9.469325153374234,3.7229514953030476,24.08522350437633,10.5,4.3
v26 (as submitted),gnomAD AF>=1e-4,42,REVEL,LoF,163,Strong,0.932,0.4723926380368098,0.9523809523809523,0.8420986468452026,0.9868427513607937,2,9.920245398772995,2.5404797845356155,38.73727686042807,21.0,18.7
v26 (as submitted),gnomAD AF>=1e-4,42,REVEL,GoF,43,Supporting,0.644,0.9534883720930233,0.7619047619047619,0.6147216491768113,0.8651917918898182,10,4.004651162790697,2.3220079194312397,6.906621980673131,4.2,2.08
v26 (as submitted),gnomAD AF>=1e-4,42,REVEL,GoF,43,Moderate,0.773,0.7906976744186046,0.9047619047619048,0.7793460477494668,0.9623383611716879,4,8.30232558139535,3.227700837756261,21.355327994835918,10.5,4.3
v26 (as submitted),gnomAD AF>=1e-4,42,REVEL,GoF,43,Strong,0.932,0.3953488372093023,0.9523809523809523,0.8420986468452026,0.9868427513607937,2,8.302325581395339,2.0429708518480854,33.73939965767899,21.0,18.7
v26 (as submitted),gnomAD AF>=1e-5,376,AM,LoF,202,Supporting,0.564,0.7524752475247525,0.7819148936170213,0.7374373074066567,0.8206900804307997,82,3.450374305723255,2.8049604851872116,4.244296100592182,4.585365853658536,2.08
v26 (as submitted),gnomAD AF>=1e-5,376,AM,LoF,202,Moderate,0.74,0.6683168316831684,0.8430851063829787,0.802872818542134,0.8763576817506197,59,4.259103876489345,3.3049410825618177,5.488741063022342,6.372881355932203,4.3
v26 (as submitted),gnomAD AF>=1e-5,376,AM,LoF,202,Strong,0.89,0.5099009900990099,0.898936170212766,0.864321935323445,0.9254809719937103,38,5.045336112558624,3.6258006704689394,7.020633179318132,9.894736842105264,18.7
v26 (as submitted),gnomAD AF>=1e-5,376,AM,GoF,45,Supporting,0.564,0.6444444444444445,0.7819148936170213,0.7374373074066567,0.8206900804307997,82,2.9550135501355013,2.212534516294198,3.9466525910338937,4.585365853658536,2.08
v26 (as submitted),gnomAD AF>=1e-5,376,AM,GoF,45,Moderate,0.74,0.5555555555555556,0.8430851063829787,0.802872818542134,0.8763576817506197,59,3.540489642184558,2.492486407885973,5.029141529821974,6.372881355932203,4.3
v26 (as submitted),gnomAD AF>=1e-5,376,AM,GoF,45,Strong,0.89,0.37777777777777777,0.898936170212766,0.864321935323445,0.9254809719937103,38,3.7380116959064322,2.3104091918205776,6.047730197836912,9.894736842105264,18.7
v26 (as submitted),gnomAD AF>=1e-5,423,REVEL,LoF,163,Supporting,0.644,0.9570552147239264,0.6619385342789598,0.6155798439153569,0.7053823116008814,143,2.8310094813162294,2.467916266052206,3.2475229380950346,2.958041958041958,2.08
v26 (as submitted),gnomAD AF>=1e-5,423,REVEL,LoF,163,Moderate,0.773,0.901840490797546,0.7825059101654847,0.7407435928791245,0.8191830871820504,92,4.146505734862631,3.4368071744635587,5.002756609972559,4.5978260869565215,4.3
v26 (as submitted),gnomAD AF>=1e-5,423,REVEL,LoF,163,Strong,0.932,0.4723926380368098,0.933806146572104,0.9059946034778437,0.9538091269926634,28,7.136503067484664,4.817393672885832,10.572039465836076,15.107142857142858,18.7
v26 (as submitted),gnomAD AF>=1e-5,423,REVEL,GoF,43,Supporting,0.644,0.9534883720930233,0.6619385342789598,0.6155798439153569,0.7053823116008814,143,2.8204586111562855,2.430513227520535,3.2729658440743594,2.958041958041958,2.08
v26 (as submitted),gnomAD AF>=1e-5,423,REVEL,GoF,43,Moderate,0.773,0.7906976744186046,0.7825059101654847,0.7407435928791245,0.8191830871820504,92,3.635490394337715,2.867436549832513,4.609270398012394,4.5978260869565215,4.3
v26 (as submitted),gnomAD AF>=1e-5,423,REVEL,GoF,43,Strong,0.932,0.3953488372093023,0.933806146572104,0.9059946034778437,0.9538091269926634,28,5.972591362126247,3.5702559045256286,9.991397964982761,15.107142857142858,18.7
