gene,protein,mechanism,revel_score,am_score,am_class,am_source_note,am_fetched,short,pos,cache_offset,prior_naive,prior_loo
ABCC8,p.Val86Ala,GoF,0.794,0.4241,ambiguous,Cheng et al. Science 2023; UniProt Q09428 pos 86 Val>Ala,True,V86A,86,0,0.6921,0.706988888888889
ABCC8,p.Val86Gly,GoF,0.97,0.3959,ambiguous,Cheng et al. Science 2023; UniProt Q09428 pos 86 Val>Gly,True,V86G,86,0,0.6921,0.7085555555555556
ABCC8,p.Phe132Leu,GoF,0.89,0.9882,pathogenic,Cheng et al. Science 2023; UniProt Q09428 pos 132 Phe>Leu,True,F132L,132,0,0.9159315789473684,0.9119166666666667
ABCC8,p.Phe132Val,GoF,0.808,0.8448,pathogenic,Cheng et al. Science 2023; UniProt Q09428 pos 132 Phe>Val,True,F132V,132,0,0.9159315789473684,0.9198833333333334
ABCC8,p.Glu208Lys,GoF,0.669,0.4002,ambiguous,Cheng et al. Science 2023; UniProt Q09428 pos 208 Glu>Lys,True,E208K,208,0,0.6556105263157894,0.6698
ABCC8,p.Asp209Glu,GoF,0.739,0.9827,pathogenic,Cheng et al. Science 2023; UniProt Q09428 pos 209 Asp>Glu,True,D209E,209,0,0.9915368421052633,0.9920277777777778
ABCC8,p.Gln211Lys,GoF,0.617,0.4415,ambiguous,Cheng et al. Science 2023; UniProt Q09428 pos 211 Gln>Lys,True,Q211K,211,0,0.8069052631578948,0.8272055555555556
ABCC8,p.Leu213Arg,GoF,0.72,0.7097,pathogenic,Cheng et al. Science 2023; UniProt Q09428 pos 213 Leu>Arg,True,L213R,213,0,0.8168315789473685,0.8227833333333333
ABCC8,p.Leu225Pro,GoF,0.769,0.6569,pathogenic,Cheng et al. Science 2023; UniProt Q09428 pos 225 Leu>Pro,True,L225P,225,0,0.754778947368421,0.7602166666666667
ABCC8,p.Thr229Ile,GoF,0.894,0.9431,pathogenic,Cheng et al. Science 2023; UniProt Q09428 pos 229 Thr>Ile,True,T229I,229,0,0.8868210526315788,0.8836944444444444
ABCC8,p.Val324Met,GoF,0.895,0.7948,pathogenic,Cheng et al. Science 2023; UniProt Q09428 pos 324 Val>Met,True,V324M,324,0,0.8815052631578947,0.8863222222222222
ABCC8,p.Leu451Pro,GoF,0.936,0.9941,pathogenic,Cheng et al. Science 2023; UniProt Q09428 pos 451 Leu>Pro,True,L451P,451,0,0.8606421052631579,0.8532277777777778
ABCC8,p.Leu582Val,GoF,0.839,0.6427,pathogenic,Cheng et al. Science 2023; UniProt Q09428 pos 582 Leu>Val,True,L582V,582,0,0.9292578947368421,0.9451777777777777
ABCC8,p.Arg826Trp,GoF,0.855,0.832,likely_pathogenic,Cheng et al. Science 2023; UniProt Q09428 pos 826 Arg>Trp,True,R826W,826,-1,0.8314842105263157,0.845
ABCC8,p.His1024Tyr,GoF,0.687,0.582,likely_pathogenic,Cheng et al. Science 2023; UniProt Q09428 pos 1024 His>Tyr,True,H1024Y,1024,-1,0.8507736842105263,0.8623277777777778
ABCC8,p.Asn1123Asp,GoF,0.896,0.767,likely_pathogenic,Cheng et al. Science 2023; UniProt Q09428 pos 1123 Asn>Asp,True,N1123D,1123,-1,0.7525894736842105,0.7494388888888888
ABCC8,p.Arg1183Trp,GoF,0.885,0.891,likely_pathogenic,Cheng et al. Science 2023; UniProt Q09428 pos 1183 Arg>Trp,True,R1183W,1183,-1,0.8160052631578947,0.8252333333333333
ABCC8,p.Arg1183Gln,GoF,0.767,0.743,likely_pathogenic,Cheng et al. Science 2023; UniProt Q09428 pos 1183 Arg>Gln,True,R1183Q,1183,-1,0.8160052631578947,0.8394166666666666
ABCC8,p.Arg1314His,GoF,0.933,0.854,likely_pathogenic,Cheng et al. Science 2023; UniProt Q09428 pos 1314 Arg>His,True,R1314H,1314,-1,0.7826052631578948,0.8068611111111111
ABCC8,p.Arg1380Cys,GoF,0.953,0.923,likely_pathogenic,Cheng et al. Science 2023; UniProt Q09428 pos 1380 Arg>Cys,True,R1380C,1380,-1,0.9211578947368421,0.9242388888888888
ABCC8,p.Arg1380His,GoF,0.964,0.891,likely_pathogenic,Cheng et al. Science 2023; UniProt Q09428 pos 1380 Arg>His,True,R1380H,1380,-1,0.9211578947368421,0.9314888888888889
ABCC8,p.Arg1380Leu,GoF,0.959,0.906,likely_pathogenic,Cheng et al. Science 2023; UniProt Q09428 pos 1380 Arg>Leu,True,R1380L,1380,-1,0.9211578947368421,0.9192277777777778
ABCC8,p.Ile1425Val,GoF,0.772,0.498,ambiguous,Cheng et al. Science 2023; UniProt Q09428 pos 1425 Ile>Val,True,I1425V,1425,-1,0.9543368421052632,0.9768833333333333
ABCC8,p.Gly7Arg,LoF,0.954,0.9425,pathogenic,Cheng et al. Science 2023; UniProt Q09428 pos 7 Gly>Arg,True,G7R,7,0,0.9452684210526316,0.9454222222222223
ABCC8,p.Val21Asp,LoF,0.863,0.9106,pathogenic,Cheng et al. Science 2023; UniProt Q09428 pos 21 Val>Asp,True,V21D,21,0,0.7191263157894736,0.7084888888888888
ABCC8,p.Asn24Lys,LoF,0.858,0.9894,pathogenic,Cheng et al. Science 2023; UniProt Q09428 pos 24 Asn>Lys,True,N24K,24,0,0.9318736842105263,0.9286777777777778
ABCC8,p.Arg74Trp,LoF,0.976,0.9705,pathogenic,Cheng et al. Science 2023; UniProt Q09428 pos 74 Arg>Trp,True,R74W,74,0,0.9849789473684211,0.9857833333333333
ABCC8,p.Gly111Trp,LoF,0.636,0.542,ambiguous,Cheng et al. Science 2023; UniProt Q09428 pos 111 Gly>Trp,True,G111W,111,0,0.5158842105263158,0.5144333333333333
ABCC8,p.His125Gln,LoF,0.888,0.9269,pathogenic,Cheng et al. Science 2023; UniProt Q09428 pos 125 His>Gln,True,H125Q,125,0,0.935978947368421,0.9364833333333333
ABCC8,p.Val187Asp,LoF,0.815,0.8866,pathogenic,Cheng et al. Science 2023; UniProt Q09428 pos 187 Val>Asp,True,V187D,187,0,0.5238578947368421,0.5037055555555556
ABCC8,p.Gly228Asp,LoF,0.614,0.9575,pathogenic,Cheng et al. Science 2023; UniProt Q09428 pos 228 Gly>Asp,True,G228D,228,0,0.6912631578947369,0.6764722222222223
ABCC8,p.Asp310Asn,LoF,0.833,0.9557,pathogenic,Cheng et al. Science 2023; UniProt Q09428 pos 310 Asp>Asn,True,D310N,310,0,0.9901842105263159,0.9921000000000001
ABCC8,p.Arg370Gly,LoF,0.644,0.9126,pathogenic,Cheng et al. Science 2023; UniProt Q09428 pos 370 Arg>Gly,True,R370G,370,0,0.9210473684210526,0.9215166666666667
ABCC8,p.Arg370Ser,LoF,0.559,0.9781,pathogenic,Cheng et al. Science 2023; UniProt Q09428 pos 370 Arg>Ser,True,R370S,370,0,0.9210473684210526,0.9178777777777777
ABCC8,p.Arg495Gln,LoF,0.872,0.9378,pathogenic,Cheng et al. Science 2023; UniProt Q09428 pos 495 Arg>Gln,True,R495Q,495,0,0.9790631578947369,0.9813555555555555
ABCC8,p.Arg1215Trp,LoF,0.964,0.944,likely_pathogenic,Cheng et al. Science 2023; UniProt Q09428 pos 1215 Arg>Trp,True,R1215W,1215,-1,0.9824684210526317,0.9832333333333335
ABCC8,p.Arg1353His,LoF,0.934,0.876,likely_pathogenic,Cheng et al. Science 2023; UniProt Q09428 pos 1353 Arg>His,True,R1353H,1353,-1,0.8327210526315789,0.8483611111111111
ABCC8,p.Lys1374Arg,LoF,0.868,0.812,likely_pathogenic,Cheng et al. Science 2023; UniProt Q09428 pos 1374 Lys>Arg,True,K1374R,1374,-1,0.9162263157894737,0.9532722222222222
ABCC8,p.Ser1386Pro,LoF,0.979,0.9965,pathogenic,Cheng et al. Science 2023; UniProt Q09428 pos 1386 Ser>Pro,True,S1386P,1386,0,0.9531578947368421,0.9507499999999999
ABCC8,p.Gly1478Val,LoF,0.88,0.9973,pathogenic,Cheng et al. Science 2023; UniProt Q09428 pos 1478 Gly>Val,True,G1478V,1478,0,0.9953947368421053,0.995288888888889
ABCC8,p.Gly1479Arg,LoF,0.939,0.934,likely_pathogenic,Cheng et al. Science 2023; UniProt Q09428 pos 1479 Gly>Arg,True,G1479R,1479,-1,0.9953947368421053,0.99525
ABCC8,p.Arg1494Trp,LoF,0.93,0.948,likely_pathogenic,Cheng et al. Science 2023; UniProt Q09428 pos 1494 Arg>Trp,True,R1494W,1494,-1,0.994042105263158,0.9941666666666666
ABCC8,p.Arg1494Gln,LoF,0.979,0.912,likely_pathogenic,Cheng et al. Science 2023; UniProt Q09428 pos 1494 Arg>Gln,True,R1494Q,1494,-1,0.994042105263158,0.9948722222222224
ABCC8,p.Glu1507Lys,LoF,0.963,0.931,likely_pathogenic,Cheng et al. Science 2023; UniProt Q09428 pos 1507 Glu>Lys,True,E1507K,1507,-1,0.9994105263157895,0.9994500000000001
ABCC8,p.Ile1512Thr,LoF,0.927,0.878,likely_pathogenic,Cheng et al. Science 2023; UniProt Q09428 pos 1512 Ile>Thr,True,I1512T,1512,-1,0.8909263157894738,0.89285
ABCC8,p.Arg1539Gln,LoF,0.877,0.843,likely_pathogenic,Cheng et al. Science 2023; UniProt Q09428 pos 1539 Arg>Gln,True,R1539Q,1539,-1,0.9687789473684211,0.9745777777777778
ABCC8,p.Leu1544Pro,LoF,0.915,0.903,likely_pathogenic,Cheng et al. Science 2023; UniProt Q09428 pos 1544 Leu>Pro,True,L1544P,1544,-1,0.6477421052631579,0.6290666666666667
GCK,p.Ser64Tyr,GoF,0.984,0.3823,ambiguous,Cheng et al. Science 2023; UniProt P35557 pos 64 Ser>Tyr,True,S64Y,64,0,0.4633263157894737,0.46782777777777773
GCK,p.Thr65Ile,GoF,0.82,0.325,benign,Cheng et al. Science 2023; UniProt P35557 pos 65 Thr>Ile,True,T65I,65,0,0.5449736842105263,0.5571944444444444
GCK,p.Gly68Val,GoF,0.993,0.9341,pathogenic,Cheng et al. Science 2023; UniProt P35557 pos 68 Gly>Val,True,G68V,68,0,0.9137736842105263,0.9126444444444444
GCK,p.Trp99Arg,GoF,0.753,0.616,pathogenic,Cheng et al. Science 2023; UniProt P35557 pos 99 Trp>Arg,True,W99R,99,0,0.5375263157894737,0.5331666666666668
GCK,p.Tyr214Cys,GoF,0.706,0.26,benign,Cheng et al. Science 2023; UniProt P35557 pos 214 Tyr>Cys,True,Y214C,214,0,0.6444894736842105,0.66585
GCK,p.Val452Leu,GoF,0.601,0.6364,pathogenic,Cheng et al. Science 2023; UniProt P35557 pos 452 Val>Leu,True,V452L,452,0,0.8815315789473683,0.89515
GCK,p.Val455Met,GoF,0.853,0.5295,ambiguous,Cheng et al. Science 2023; UniProt P35557 pos 455 Val>Met,True,V455M,455,0,0.7326736842105263,0.7439611111111111
GCK,p.Ala456Val,GoF,0.883,0.3825,ambiguous,Cheng et al. Science 2023; UniProt P35557 pos 456 Ala>Val,True,A456V,456,0,0.7077473684210527,0.7258166666666667
GCK,p.Gly44Ser,LoF,0.962,0.962,pathogenic,Cheng et al. Science 2023; UniProt P35557 pos 44 Gly>Ser,True,G44S,44,0,0.9881000000000001,0.98955
GCK,p.Gly44Asp,LoF,0.995,0.9952,pathogenic,Cheng et al. Science 2023; UniProt P35557 pos 44 Gly>Asp,True,G44D,44,0,0.9881000000000001,0.9877055555555556
GCK,p.Tyr108His,LoF,0.949,0.8465,pathogenic,Cheng et al. Science 2023; UniProt P35557 pos 108 Tyr>His,True,Y108H,108,0,0.8924578947368422,0.8950111111111112
GCK,p.Cys129Tyr,LoF,0.97,0.9482,pathogenic,Cheng et al. Science 2023; UniProt P35557 pos 129 Cys>Tyr,True,C129Y,129,0,0.9286210526315789,0.9275333333333333
GCK,p.Phe150Ser,LoF,0.983,0.9954,pathogenic,Cheng et al. Science 2023; UniProt P35557 pos 150 Phe>Ser,True,F150S,150,0,0.9852736842105262,0.984711111111111
GCK,p.Asp160Asn,LoF,0.712,0.3644,ambiguous,Cheng et al. Science 2023; UniProt P35557 pos 160 Asp>Asn,True,D160N,160,0,0.8431578947368421,0.8697555555555555
GCK,p.Asn180Lys,LoF,0.751,0.9733,pathogenic,Cheng et al. Science 2023; UniProt P35557 pos 180 Asn>Lys,True,N180K,180,0,0.8006631578947369,0.7910722222222222
GCK,p.Val182Met,LoF,0.937,0.8774,pathogenic,Cheng et al. Science 2023; UniProt P35557 pos 182 Val>Met,True,V182M,182,0,0.830821052631579,0.8282333333333334
GCK,p.Ala188Thr,LoF,0.933,0.8523,pathogenic,Cheng et al. Science 2023; UniProt P35557 pos 188 Ala>Thr,True,A188T,188,0,0.8999578947368421,0.9026055555555555
GCK,p.Arg191Trp,LoF,0.936,0.8326,pathogenic,Cheng et al. Science 2023; UniProt P35557 pos 191 Arg>Trp,True,R191W,191,0,0.8451947368421053,0.8458944444444446
GCK,p.Ala201Ser,LoF,0.929,0.3531,ambiguous,Cheng et al. Science 2023; UniProt P35557 pos 201 Ala>Ser,True,A201S,201,0,0.8894789473684209,0.9192777777777776
GCK,p.Val203Ala,LoF,0.946,0.8324,pathogenic,Cheng et al. Science 2023; UniProt P35557 pos 203 Val>Ala,True,V203A,203,0,0.8805368421052632,0.8832111111111112
GCK,p.Gly223Ser,LoF,0.943,0.9203,pathogenic,Cheng et al. Science 2023; UniProt P35557 pos 223 Gly>Ser,True,G223S,223,0,0.9780368421052631,0.9812444444444444
GCK,p.Gly261Arg,LoF,0.914,0.99,pathogenic,Cheng et al. Science 2023; UniProt P35557 pos 261 Gly>Arg,True,G261R,261,0,0.9878631578947369,0.9877444444444445
GCK,p.Glu265Lys,LoF,0.728,0.7229,pathogenic,Cheng et al. Science 2023; UniProt P35557 pos 265 Glu>Lys,True,E265K,265,0,0.6584473684210527,0.6548666666666667
GCK,p.Asp278Glu,LoF,0.896,0.9639,pathogenic,Cheng et al. Science 2023; UniProt P35557 pos 278 Asp>Glu,True,D278E,278,0,0.9521578947368422,0.9515055555555557
GCK,p.Ser340Ile,LoF,0.792,0.4489,ambiguous,Cheng et al. Science 2023; UniProt P35557 pos 340 Ser>Ile,True,S340I,340,0,0.4435578947368421,0.4432611111111111
GCK,p.Met381Thr,LoF,0.93,0.8388,pathogenic,Cheng et al. Science 2023; UniProt P35557 pos 381 Met>Thr,True,M381T,381,0,0.819178947368421,0.8180888888888889
GCK,p.Arg392Cys,LoF,0.911,0.4084,ambiguous,Cheng et al. Science 2023; UniProt P35557 pos 392 Arg>Cys,True,R392C,392,0,0.6479578947368421,0.6612666666666667
GCK,p.Arg397Leu,LoF,0.925,0.5348,ambiguous,Cheng et al. Science 2023; UniProt P35557 pos 397 Arg>Leu,True,R397L,397,0,0.6027684210526316,0.6065444444444444
KCNJ11,p.Ser3Cys,GoF,0.658,0.3454,ambiguous,Cheng et al. Science 2023; UniProt Q14654 pos 3 Ser>Cys,True,S3C,3,0,0.45006315789473683,0.45587777777777777
KCNJ11,p.His46Tyr,GoF,0.845,0.6795,pathogenic,Cheng et al. Science 2023; UniProt Q14654 pos 46 His>Tyr,True,H46Y,46,0,0.8868894736842104,0.898411111111111
KCNJ11,p.Arg50Gln,GoF,0.831,0.1631,benign,Cheng et al. Science 2023; UniProt Q14654 pos 50 Arg>Gln,True,R50Q,50,0,0.6563736842105263,0.6837777777777778
KCNJ11,p.Arg50Pro,GoF,0.887,0.8243,pathogenic,Cheng et al. Science 2023; UniProt Q14654 pos 50 Arg>Pro,True,R50P,50,0,0.6563736842105263,0.6470444444444444
KCNJ11,p.Glu51Ala,GoF,0.907,0.7501,pathogenic,Cheng et al. Science 2023; UniProt Q14654 pos 51 Glu>Ala,True,E51A,51,0,0.8735947368421053,0.8804555555555557
KCNJ11,p.Gln52Arg,GoF,0.811,0.3033,benign,Cheng et al. Science 2023; UniProt Q14654 pos 52 Gln>Arg,True,Q52R,52,0,0.6518,0.6711611111111111
KCNJ11,p.Gly53Ser,GoF,0.794,0.4657,ambiguous,Cheng et al. Science 2023; UniProt Q14654 pos 53 Gly>Ser,True,G53S,53,0,0.8264315789473684,0.8464722222222222
KCNJ11,p.Gly53Arg,GoF,0.817,0.8636,pathogenic,Cheng et al. Science 2023; UniProt Q14654 pos 53 Gly>Arg,True,G53R,53,0,0.8264315789473684,0.8243666666666667
KCNJ11,p.Gly53Asp,GoF,0.841,0.8569,pathogenic,Cheng et al. Science 2023; UniProt Q14654 pos 53 Gly>Asp,True,G53D,53,0,0.8264315789473684,0.8247388888888889
KCNJ11,p.Val59Met,GoF,0.766,0.3397,benign,Cheng et al. Science 2023; UniProt Q14654 pos 59 Val>Met,True,V59M,59,0,0.7499368421052631,0.7727277777777777
KCNJ11,p.Val59Gly,GoF,0.939,0.7625,pathogenic,Cheng et al. Science 2023; UniProt Q14654 pos 59 Val>Gly,True,V59G,59,0,0.7499368421052631,0.7492388888888889
KCNJ11,p.Leu164Pro,GoF,0.973,0.9815,pathogenic,Cheng et al. Science 2023; UniProt Q14654 pos 164 Leu>Pro,True,L164P,164,0,0.9042684210526316,0.8999777777777778
KCNJ11,p.Cys166Tyr,GoF,0.954,0.9402,pathogenic,Cheng et al. Science 2023; UniProt Q14654 pos 166 Cys>Tyr,True,C166Y,166,0,0.8695526315789474,0.8656277777777777
KCNJ11,p.Cys166Phe,GoF,0.944,0.6399,pathogenic,Cheng et al. Science 2023; UniProt Q14654 pos 166 Cys>Phe,True,C166F,166,0,0.8695526315789474,0.882311111111111
KCNJ11,p.Ile167Leu,GoF,0.828,0.3338,benign,Cheng et al. Science 2023; UniProt Q14654 pos 167 Ile>Leu,True,I167L,167,0,0.849678947368421,0.8783388888888888
KCNJ11,p.Lys170Thr,GoF,0.99,0.9893,pathogenic,Cheng et al. Science 2023; UniProt Q14654 pos 170 Lys>Thr,True,K170T,170,0,0.9744315789473683,0.9736055555555555
KCNJ11,p.Lys170Arg,GoF,0.946,0.632,pathogenic,Cheng et al. Science 2023; UniProt Q14654 pos 170 Lys>Arg,True,K170R,170,0,0.9744315789473683,0.9934555555555554
KCNJ11,p.Lys170Asn,GoF,0.886,0.9972,pathogenic,Cheng et al. Science 2023; UniProt Q14654 pos 170 Lys>Asn,True,K170N,170,0,0.9744315789473683,0.9731666666666666
KCNJ11,p.Glu179Ala,GoF,0.945,0.4982,ambiguous,Cheng et al. Science 2023; UniProt Q14654 pos 179 Glu>Ala,True,E179A,179,0,0.7911684210526315,0.8074444444444444
KCNJ11,p.Ile182Val,GoF,0.786,0.2485,benign,Cheng et al. Science 2023; UniProt Q14654 pos 182 Ile>Val,True,I182V,182,0,0.8643684210526315,0.8985833333333333
KCNJ11,p.Arg201Ser,GoF,0.969,0.9973,pathogenic,Cheng et al. Science 2023; UniProt Q14654 pos 201 Arg>Ser,True,R201S,201,0,0.9776315789473684,0.9765388888888888
KCNJ11,p.Arg201Cys,GoF,0.977,0.9208,pathogenic,Cheng et al. Science 2023; UniProt Q14654 pos 201 Arg>Cys,True,R201C,201,0,0.9776315789473684,0.9807888888888888
KCNJ11,p.Arg201His,GoF,0.982,0.9545,pathogenic,Cheng et al. Science 2023; UniProt Q14654 pos 201 Arg>His,True,R201H,201,0,0.9776315789473684,0.9789166666666667
KCNJ11,p.Arg201Leu,GoF,0.986,0.9725,pathogenic,Cheng et al. Science 2023; UniProt Q14654 pos 201 Arg>Leu,True,R201L,201,0,0.9776315789473684,0.9779166666666667
KCNJ11,p.Glu227Lys,GoF,0.972,0.678,pathogenic,Cheng et al. Science 2023; UniProt Q14654 pos 227 Glu>Lys,True,E227K,227,0,0.7049894736842105,0.7064888888888888
KCNJ11,p.Glu229Lys,GoF,0.981,0.8254,pathogenic,Cheng et al. Science 2023; UniProt Q14654 pos 229 Glu>Lys,True,E229K,229,0,0.876021052631579,0.8788333333333334
KCNJ11,p.Leu233Phe,GoF,0.752,0.5916,pathogenic,Cheng et al. Science 2023; UniProt Q14654 pos 233 Leu>Phe,True,L233F,233,0,0.8130736842105263,0.8253777777777778
KCNJ11,p.Val252Met,GoF,0.918,0.6863,pathogenic,Cheng et al. Science 2023; UniProt Q14654 pos 252 Val>Met,True,V252M,252,0,0.8313684210526315,0.8394277777777778
KCNJ11,p.Val252Gly,GoF,0.97,0.7622,pathogenic,Cheng et al. Science 2023; UniProt Q14654 pos 252 Val>Gly,True,V252G,252,0,0.8313684210526315,0.8352111111111111
KCNJ11,p.Thr293Asn,GoF,0.832,0.5499,ambiguous,Cheng et al. Science 2023; UniProt Q14654 pos 293 Thr>Asn,True,T293N,293,0,0.7512421052631579,0.7624277777777778
KCNJ11,p.Ile296Leu,GoF,0.834,0.4935,ambiguous,Cheng et al. Science 2023; UniProt Q14654 pos 296 Ile>Leu,True,I296L,296,0,0.8630368421052632,0.8835666666666667
KCNJ11,p.Glu322Lys,GoF,0.911,0.5191,ambiguous,Cheng et al. Science 2023; UniProt Q14654 pos 322 Glu>Lys,True,E322K,322,0,0.6844210526315789,0.6936055555555556
KCNJ11,p.Tyr330Ser,GoF,0.981,0.9726,pathogenic,Cheng et al. Science 2023; UniProt Q14654 pos 330 Tyr>Ser,True,Y330S,330,0,0.9470684210526316,0.94565
KCNJ11,p.Gly334Asp,GoF,0.787,0.9579,pathogenic,Cheng et al. Science 2023; UniProt Q14654 pos 334 Gly>Asp,True,G334D,334,0,0.9125105263157893,0.9099888888888888
KCNJ11,p.Arg34His,LoF,0.965,0.8781,pathogenic,Cheng et al. Science 2023; UniProt Q14654 pos 34 Arg>His,True,R34H,34,0,0.9714631578947368,0.9766499999999999
KCNJ11,p.Gly40Asp,LoF,0.988,0.9917,pathogenic,Cheng et al. Science 2023; UniProt Q14654 pos 40 Gly>Asp,True,G40D,40,0,0.9943368421052631,0.9944833333333332
KCNJ11,p.Phe55Leu,LoF,0.924,0.9941,pathogenic,Cheng et al. Science 2023; UniProt Q14654 pos 55 Phe>Leu,True,F55L,55,0,0.9493210526315788,0.9468333333333333
KCNJ11,p.Thr62Met,LoF,0.952,0.8933,pathogenic,Cheng et al. Science 2023; UniProt Q14654 pos 62 Thr>Met,True,T62M,62,0,0.9548473684210526,0.9582666666666666
KCNJ11,p.Lys67Asn,LoF,0.815,0.5152,ambiguous,Cheng et al. Science 2023; UniProt Q14654 pos 67 Lys>Asn,True,K67N,67,0,0.5317684210526316,0.5326888888888889
KCNJ11,p.Trp91Arg,LoF,0.953,0.9863,pathogenic,Cheng et al. Science 2023; UniProt Q14654 pos 91 Trp>Arg,True,W91R,91,0,0.8500157894736843,0.8424444444444446
KCNJ11,p.Ala101Asp,LoF,0.467,0.0637,benign,Cheng et al. Science 2023; UniProt Q14654 pos 101 Ala>Asp,True,A101D,101,0,0.11614736842105262,0.11906111111111112
KCNJ11,p.Ser116Pro,LoF,0.93,0.9766,pathogenic,Cheng et al. Science 2023; UniProt Q14654 pos 116 Ser>Pro,True,S116P,116,0,0.7399842105263158,0.7268388888888889
KCNJ11,p.Gly134Ala,LoF,0.976,0.9035,pathogenic,Cheng et al. Science 2023; UniProt Q14654 pos 134 Gly>Ala,True,G134A,134,0,0.9751842105263159,0.9791666666666666
KCNJ11,p.Arg136Leu,LoF,0.984,0.9408,pathogenic,Cheng et al. Science 2023; UniProt Q14654 pos 136 Arg>Leu,True,R136L,136,0,0.9138578947368421,0.9123611111111111
KCNJ11,p.Gly156Arg,LoF,0.99,0.9923,pathogenic,Cheng et al. Science 2023; UniProt Q14654 pos 156 Gly>Arg,True,G156R,156,0,0.908157894736842,0.9034833333333333
KCNJ11,p.Asp204Glu,LoF,0.948,0.9957,pathogenic,Cheng et al. Science 2023; UniProt Q14654 pos 204 Asp>Glu,True,D204E,204,0,0.9897315789473684,0.9894000000000001
KCNJ11,p.Ala213Thr,LoF,0.954,0.5882,pathogenic,Cheng et al. Science 2023; UniProt Q14654 pos 213 Ala>Thr,True,A213T,213,0,0.8945157894736842,0.9115333333333333
KCNJ11,p.Pro254Leu,LoF,0.971,0.9939,pathogenic,Cheng et al. Science 2023; UniProt Q14654 pos 254 Pro>Leu,True,P254L,254,0,0.996978947368421,0.99715
KCNJ11,p.His259Arg,LoF,0.993,0.9812,pathogenic,Cheng et al. Science 2023; UniProt Q14654 pos 259 His>Arg,True,H259R,259,0,0.9861526315789473,0.9864277777777777
KCNJ11,p.Pro266Leu,LoF,0.979,0.6864,pathogenic,Cheng et al. Science 2023; UniProt Q14654 pos 266 Pro>Leu,True,P266L,266,0,0.892821052631579,0.9042888888888889
KCNJ11,p.Glu282Lys,LoF,0.961,0.996,pathogenic,Cheng et al. Science 2023; UniProt Q14654 pos 282 Glu>Lys,True,E282K,282,0,0.9955052631578948,0.9954777777777779
KCNJ11,p.Thr294Met,LoF,0.958,0.8558,pathogenic,Cheng et al. Science 2023; UniProt Q14654 pos 294 Thr>Met,True,T294M,294,0,0.9554157894736841,0.96095
KCNJ11,p.Arg301Gly,LoF,0.946,0.9903,pathogenic,Cheng et al. Science 2023; UniProt Q14654 pos 301 Arg>Gly,True,R301G,301,0,0.9399526315789475,0.9371555555555555
KCNJ11,p.Arg301Cys,LoF,0.94,0.843,pathogenic,Cheng et al. Science 2023; UniProt Q14654 pos 301 Arg>Cys,True,R301C,301,0,0.9399526315789475,0.945338888888889
KCNJ11,p.Arg301His,LoF,0.972,0.8366,pathogenic,Cheng et al. Science 2023; UniProt Q14654 pos 301 Arg>His,True,R301H,301,0,0.9399526315789475,0.9456944444444445
KCNJ11,p.Arg301Pro,LoF,0.984,0.9978,pathogenic,Cheng et al. Science 2023; UniProt Q14654 pos 301 Arg>Pro,True,R301P,301,0,0.9399526315789475,0.9367388888888889
